[2026-10-01T17:30:39Z INFO ] Serial port: '/dev/ttyACM2'
[2026-10-01T17:30:39Z INFO ] Connecting...
[2026-10-01T17:30:40Z INFO ] Using flash stub
I (427) esp_image: segment 4: paddr=0014c758 vaddr=4037ae80 size1.809678 [WARN ] [GNSS] STARTUP PAIR_SEND_RESULT command=732 status=error error=I2c { operation: WriteConfig, error: I2c(AcknowledgeCheckFailed(Address)) } (octowhere octowhere-handover/src/main.rs:2138)
2.192532 [WARN ] [GNSS] STARTUP PAIR_SEND_RESULT command=410 status=error error=I2c { operation: WriteConfig, error: I2c(AcknowledgeCheckFailed(Address)) } (octowhere octowhere-handover/src/main.rs:2149)
2.192654 [WARN ] [GNSS] STARTUP PAIR_SEND_RESULT command=411 status=error error=I2c { operation: WriteConfig, error: I2c(AcknowledgeCheckFailed(Address)) } (octowhere octowhere-handover/src/main.rs:2149)
2.383949 [WARN ] [GNSS] STARTUP PAIR_SEND_RESULT command=062 status=error error=I2c { operation: WriteConfig, error: I2c(AcknowledgeCheckFailed(Address)) } (octowhere octowhere-handover/src/main.rs:2164)
2.575331 [WARN ] [GNSS] STARTUP PAIR_SEND_RESULT command=063 status=error error=I2c { operation: WriteConfig, error: I2c(AcknowledgeCheckFailed(Address)) } (octowhere octowhere-handover/src/main.rs:2171)
2.766715 [WARN ] [GNSS] STARTUP PAIR_SEND_RESULT command=062 status=error error=I2c { operation: WriteConfig, error: I2c(AcknowledgeCheckFailed(Address)) } (octowhere octowhere-handover/src/main.rs:2164)
2.958170 [WARN ] [GNSS] STARTUP PAIR_SEND_RESULT command=063 status=error error=I2c { operation: WriteConfig, error: I2c(AcknowledgeCheckFailed(Address)) } (octowhere octowhere-handover/src/main.rs:2171)
3.117133 [WARN ] [GNSS] no answer; resetting it (octowhere octowhere-handover/src/main.rs:1946)
4.749487 [INFO ] [BOOT] Gnss Answered in 3132ms (octowhere octowhere-handover/src/main.rs:1644)
4.788455 [INFO ] [GNSS] reference time 2026-10-01 17:30:39 sent=true (octowhere octowhere-handover/src/main.rs:1975)
4.788528 [INFO ] [BOOT] answered: power=true clock=true touch=true motion=true magnet=true gnss=true (octowhere octowhere-handover/src/main.rs:1989)
4.790663 [INFO ] [LORA] init_ok (octowhere octowhere-handover/src/main.rs:2232)
4.790712 [INFO ] [TOUCH] OK resolution=466x466 firmware=0x1000001 checksum=0x693275ee (octowhere octowhere-handover/src/main.rs:2028)
4.791708 [INFO ] [MEM] internal_used=10624 psram_used=868736 (octowhere octowhere-handover/src/main.rs:2058)
5.085742 [INFO ] [BENCH] round=0 frame=0 step=69 draw=15735 period=18090 full=true repaint=217156 changed=217156 (octowhere octowhere-handover/src/main.rs:2492)
5.121647 [INFO ] [BENCH] round=0 frame=1 step=615 draw=17646 period=33436 full=true repaint=217156 changed=217156 (octowhere octowhere-handover/src/main.rs:2492)
5.157787 [INFO ] [BENCH] round=0 frame=2 step=582 draw=20508 period=33314 full=true repaint=217156 changed=217156 (octowhere octowhere-handover/src/main.rs:2492)
5.191409 [INFO ] [BENCH] round=0 frame=3 step=569 draw=20793 period=33345 full=true repaint=217156 changed=217156 (octowhere octowhere-handover/src/main.rs:2492)
5.223359 [INFO ] [BENCH] round=0 frame=4 step=634 draw=19321 period=33356 full=true repaint=217156 changed=217156 (octowhere octowhere-handover/src/main.rs:2492)
5.258521 [INFO ] [BENCH] round=0 frame=5 step=631 draw=21137 period=33352 full=true repaint=217156 changed=217156 (octowhere octowhere-handover/src/main.rs:2492)
5.290116 [INFO ] [BENCH] round=0 frame=6 step=703 draw=19347 period=33310 full=true repaint=217156 changed=217156 (octowhere octowhere-handover/src/main.rs:2492)
5.318680 [INFO ] [BENCH] round=0 frame=6 step=900 draw=20405 period=27299 full=true repaint=217156 changed=0 (octowhere octowhere-handover/src/main.rs:2492)
5.342696 [INFO ] [BENCH] round=0 frame=7 step=396 draw=23033 period=21913 full=true repaint=217156 changed=217156 (octowhere octowhere-handover/src/main.rs:2492)
5.365650 [INFO ] [BENCH] round=0 frame=8 step=437 draw=21709 period=24204 full=true repaint=217156 changed=217156 (octowhere octowhere-handover/src/main.rs:2492)
5.393255 [INFO ] [BENCH] round=0 frame=9 step=625 draw=22578 period=26575 full=true repaint=217156 changed=217156 (octowhere octowhere-handover/src/main.rs:2492)
5.433391 [INFO ] [BENCH] round=0 frame=10 step=686 draw=29280 period=33367 full=true repaint=217156 changed=217156 (octowhere octowhere-handover/src/main.rs:2492)
5.460830 [INFO ] [BENCH] round=0 frame=11 step=710 draw=23393 period=33299 full=true repaint=217156 changed=217156 (octowhere octowhere-handover/src/main.rs:2492)
5.498140 [INFO ] [BENCH] round=0 frame=12 step=794 draw=27270 period=33336 full=true repaint=217156 changed=217156 (octowhere octowhere-handover/src/main.rs:2492)
5.523553 [INFO ] [BENCH] round=0 frame=13 step=819 draw=19371 period=33307 full=true repaint=217156 changed=217156 (octowhere octowhere-handover/src/main.rs:2492)
5.559327 [INFO ] [BENCH] round=0 frame=14 step=534 draw=22135 period=33298 full=true repaint=217156 changed=217156 (octowhere octowhere-handover/src/main.rs:2492)
5.576694 [INFO ] [BENCH] round=0 frame=14 step=893 draw=15697 period=23388 full=true repaint=217156 changed=0 (octowhere octowhere-handover/src/main.rs:2492)
5.598587 [INFO ] [BENCH] round=0 frame=15 step=372 draw=14232 period=23937 full=true repaint=217156 changed=217156 (octowhere octowhere-handover/src/main.rs:2492)
5.623240 [INFO ] [BENCH] round=0 frame=16 step=388 draw=19548 period=19325 full=true repaint=217156 changed=217156 (octowhere octowhere-handover/src/main.rs:2492)
5.656756 [INFO ] [BENCH] round=0 frame=17 step=438 draw=19658 period=33349 full=true repaint=217156 changed=217156 (octowhere octowhere-handover/src/main.rs:2492)
5.690254 [INFO ] [BENCH] round=0 frame=18 step=428 draw=19839 period=33334 full=true repaint=217156 changed=217156 (octowhere octowhere-handover/src/main.rs:2492)
5.723593 [INFO ] [BENCH] round=0 frame=19 step=432 draw=19836 period=33336 full=true repaint=217156 changed=217156 (octowhere octowhere-handover/src/main.rs:2492)
5.756599 [INFO ] [BENCH] round=0 frame=20 step=444 draw=19482 period=33345 full=true repaint=217156 changed=217156 (octowhere octowhere-handover/src/main.rs:2492)
5.789935 [INFO ] [BENCH] round=0 frame=21 step=404 draw=19524 period=33350 full=true repaint=217156 changed=217156 (octowhere octowhere-handover/src/main.rs:2492)
5.823067 [INFO ] [BENCH] round=0 frame=21 step=966 draw=19607 period=32460 full=true repaint=217156 changed=0 (octowhere octowhere-handover/src/main.rs:2492)
5.840110 [INFO ] [BENCH] round=0 frame=22 step=339 draw=16229 period=21122 full=true repaint=217156 changed=217156 (octowhere octowhere-handover/src/main.rs:2492)
5.857988 [INFO ] [BENCH] round=0 frame=23 step=299 draw=16963 period=17077 full=true repaint=217156 changed=217156 (octowhere octowhere-handover/src/main.rs:2492)
5.890979 [INFO ] [BENCH] round=0 frame=24 step=411 draw=20567 period=29329 full=true repaint=217156 changed=217156 (octowhere octowhere-handover/src/main.rs:2492)
5.927469 [INFO ] [BENCH] round=0 frame=25 step=430 draw=23728 period=33302 full=true repaint=217156 changed=217156 (octowhere octowhere-handover/src/main.rs:2492)
5.961303 [INFO ] [BENCH] round=0 frame=26 step=472 draw=24127 period=33384 full=true repaint=217156 changed=217156 (octowhere octowhere-handover/src/main.rs:2492)
5.994765 [INFO ] [BENCH] round=0 frame=27 step=470 draw=24257 period=33337 full=true repaint=217156 changed=217156 (octowhere octowhere-handover/src/main.rs:2492)
6.028496 [INFO ] [BENCH] round=0 frame=28 step=479 draw=24633 period=33338 full=true repaint=217156 changed=217156 (octowhere octowhere-handover/src/main.rs:2492)
6.066276 [INFO ] [BENCH] round=0 frame=29 step=473 draw=29087 period=33330 full=true repaint=217156 changed=217156 (octowhere octowhere-handover/src/main.rs:2492)
6.092080 [INFO ] [BENCH] round=0 frame=29 step=938 draw=24044 period=30372 full=true repaint=217156 changed=0 (octowhere octowhere-handover/src/main.rs:2492)
6.113899 [INFO ] [BENCH] round=0 frame=30 step=424 draw=20778 period=25631 full=true repaint=217156 changed=217156 (octowhere octowhere-handover/src/main.rs:2492)
6.138298 [INFO ] [BENCH] round=0 frame=31 step=431 draw=23162 period=22002 full=true repaint=217156 changed=217156 (octowhere octowhere-handover/src/main.rs:2492)
6.164413 [INFO ] [BENCH] round=0 frame=32 step=493 draw=24746 period=24468 full=true repaint=217156 changed=217156 (octowhere octowhere-handover/src/main.rs:2492)
6.195244 [INFO ] [BENCH] round=0 frame=33 step=489 draw=24746 period=30822 full=true repaint=217156 changed=217156 (octowhere octowhere-handover/src/main.rs:2492)
6.228580 [INFO ] [BENCH] round=0 frame=34 step=495 draw=24707 period=33373 full=true repaint=217156 changed=217156 (octowhere octowhere-handover/src/main.rs:2492)
6.261756 [INFO ] [BENCH] round=0 frame=35 step=478 draw=24565 period=33334 full=true repaint=217156 changed=217156 (octowhere octowhere-handover/src/main.rs:2492)
6.295079 [INFO ] [BENCH] round=0 frame=36 step=487 draw=24552 period=33332 full=true repaint=217156 changed=217156 (octowhere octowhere-handover/src/main.rs:2492)
6.333557 [INFO ] [BENCH] round=0 frame=37 step=4597 draw=25576 period=33335 full=true repaint=217156 changed=217156 (octowhere octowhere-handover/src/main.rs:2492)
6.359146 [INFO ] [BENCH] round=0 frame=37 step=930 draw=23852 period=30975 full=true repaint=217156 changed=0 (octowhere octowhere-handover/src/main.rs:2492)
6.380941 [INFO ] [BENCH] round=0 frame=38 step=427 draw=20779 period=25396 full=true repaint=217156 changed=217156 (octowhere octowhere-handover/src/main.rs:2492)
6.405423 [INFO ] [BENCH] round=0 frame=39 step=415 draw=23211 period=22010 full=true repaint=217156 changed=217156 (octowhere octowhere-handover/src/main.rs:2492)
6.432726 [INFO ] [BENCH] round=0 frame=40 step=506 draw=24785 period=25680 full=true repaint=217156 changed=217156 (octowhere octowhere-handover/src/main.rs:2492)
6.461293 [INFO ] [BENCH] round=0 frame=41 step=501 draw=24116 period=29233 full=true repaint=217156 changed=217156 (octowhere octowhere-handover/src/main.rs:2492)
6.494125 [INFO ] [BENCH] round=0 frame=42 step=488 draw=23592 period=33375 full=true repaint=217156 changed=217156 (octowhere octowhere-handover/src/main.rs:2492)
6.527180 [INFO ] [BENCH] round=0 frame=43 step=494 draw=23316 period=33327 full=true repaint=217156 changed=217156 (octowhere octowhere-handover/src/main.rs:2492)
6.563389 [INFO ] [BENCH] round=0 frame=44 step=635 draw=26026 period=33360 full=true repaint=217156 changed=217156 (octowhere octowhere-handover/src/main.rs:2492)
6.588117 [INFO ] [BENCH] round=0 frame=44 step=970 draw=22886 period=27470 full=true repaint=217156 changed=0 (octowhere octowhere-handover/src/main.rs:2492)
6.613245 [INFO ] [BENCH] round=0 frame=45 step=420 draw=20557 period=28081 full=true repaint=217156 changed=217156 (octowhere octowhere-handover/src/main.rs:2492)
6.639303 [INFO ] [BENCH] round=0 frame=46 step=478 draw=24046 period=22457 full=true repaint=217156 changed=217156 (octowhere octowhere-handover/src/main.rs:2492)
6.672627 [INFO ] [BENCH] round=0 frame=47 step=498 draw=28878 period=28515 full=true repaint=217156 changed=217156 (octowhere octowhere-handover/src/main.rs:2492)
6.700212 [INFO ] [BENCH] round=0 frame=48 step=506 draw=26253 period=30189 full=true repaint=217156 changed=217156 (octowhere octowhere-handover/src/main.rs:2492)
6.729104 [INFO ] [BENCH] round=0 frame=49 step=489 draw=25240 period=29925 full=true repaint=217156 changed=217156 (octowhere octowhere-handover/src/main.rs:2492)
6.762150 [INFO ] [BENCH] round=0 frame=50 step=530 draw=24947 period=33299 full=true repaint=217156 changed=217156 (octowhere octowhere-handover/src/main.rs:2492)
6.791733 [INFO ] [BENCH] round=0 frame=51 step=681 draw=21011 period=33366 full=true repaint=217156 changed=217156 (octowhere octowhere-handover/src/main.rs:2492)
6.829075 [INFO ] [BENCH] round=0 frame=52 step=702 draw=24979 period=33349 full=true repaint=217156 changed=217156 (octowhere octowhere-handover/src/main.rs:2492)
6.857909 [INFO ] [BENCH] round=0 frame=52 step=1241 draw=26763 period=26503 full=true repaint=217156 changed=0 (octowhere octowhere-handover/src/main.rs:2492)
6.880714 [INFO ] [BENCH] round=0 frame=53 step=1124 draw=20990 period=28705 full=true repaint=217156 changed=217156 (octowhere octowhere-handover/src/main.rs:2492)
6.904163 [INFO ] [BENCH] round=0 frame=54 step=479 draw=22009 period=23069 full=true repaint=217156 changed=217156 (octowhere octowhere-handover/src/main.rs:2492)
6.936571 [INFO ] [BENCH] round=0 frame=55 step=475 draw=24576 period=29856 full=true repaint=217156 changed=217156 (octowhere octowhere-handover/src/main.rs:2492)
6.961830 [INFO ] [BENCH] round=0 frame=56 step=488 draw=23851 period=25981 full=true repaint=217156 changed=217156 (octowhere octowhere-handover/src/main.rs:2492)
6.994186 [INFO ] [BENCH] round=0 frame=57 step=648 draw=23475 period=32554 full=true repaint=217156 changed=217156 (octowhere octowhere-handover/src/main.rs:2492)
7.026924 [INFO ] [BENCH] round=0 frame=58 step=624 draw=22903 period=33337 full=true repaint=217156 changed=217156 (octowhere octowhere-handover/src/main.rs:2492)
7.060385 [INFO ] [BENCH] round=0 frame=59 step=647 draw=22991 period=33348 full=true repaint=217156 changed=217156 (octowhere octowhere-handover/src/main.rs:2492)
7.093074 [INFO ] [BENCH] round=0 frame=59 step=4006 draw=25202 period=27121 full=true repaint=217156 changed=0 (octowhere octowhere-handover/src/main.rs:2492)
7.115422 [INFO ] [BENCH] round=0 frame=60 step=392 draw=21332 period=29848 full=true repaint=217156 changed=217156 (octowhere octowhere-handover/src/main.rs:2492)
7.142389 [INFO ] [BENCH] round=0 frame=61 step=867 draw=25133 period=22687 full=true repaint=217156 changed=217156 (octowhere octowhere-handover/src/main.rs:2492)
7.167894 [INFO ] [BENCH] round=0 frame=62 step=497 draw=24076 period=26929 full=true repaint=217156 changed=217156 (octowhere octowhere-handover/src/main.rs:2492)
7.193576 [INFO ] [BENCH] round=0 frame=63 step=491 draw=23037 period=26681 full=true repaint=217156 changed=217156 (octowhere octowhere-handover/src/main.rs:2492)
7.227802 [INFO ] [BENCH] round=0 frame=64 step=701 draw=23720 period=33370 full=true repaint=217156 changed=217156 (octowhere octowhere-handover/src/main.rs:2492)
7.260808 [INFO ] [BENCH] round=0 frame=65 step=635 draw=23441 period=33353 full=true repaint=217156 changed=217156 (octowhere octowhere-handover/src/main.rs:2492)
7.294312 [INFO ] [BENCH] round=0 frame=66 step=657 draw=23575 period=33349 full=true repaint=217156 changed=217156 (octowhere octowhere-handover/src/main.rs:2492)
7.332307 [INFO ] [BENCH] round=0 frame=67 step=655 draw=28246 period=33316 full=true repaint=217156 changed=217156 (octowhere octowhere-handover/src/main.rs:2492)
7.360254 [INFO ] [BENCH] round=0 frame=67 step=948 draw=26146 period=29748 full=true repaint=217156 changed=0 (octowhere octowhere-handover/src/main.rs:2492)
7.367627 [INFO ] [BENCH] round=0 frame=68 step=3912 draw=2763 period=27772 full=false repaint=216 changed=216 (octowhere octowhere-handover/src/main.rs:2492)
7.374921 [INFO ] [BENCH] round=0 frame=69 step=2294 draw=2574 period=9116 full=false repaint=216 changed=36 (octowhere octowhere-handover/src/main.rs:2492)
7.408410 [INFO ] [BENCH] round=0 frame=70 step=2397 draw=2613 period=33327 full=false repaint=72 changed=72 (octowhere octowhere-handover/src/main.rs:2492)
7.441694 [INFO ] [BENCH] round=0 frame=71 step=2419 draw=2564 period=33311 full=false repaint=108 changed=72 (octowhere octowhere-handover/src/main.rs:2492)
7.474887 [INFO ] [BENCH] round=0 frame=72 step=2412 draw=2391 period=33389 full=false repaint=72 changed=36 (octowhere octowhere-handover/src/main.rs:2492)
7.508407 [INFO ] [BENCH] round=0 frame=73 step=2396 draw=2582 period=33323 full=false repaint=108 changed=108 (octowhere octowhere-handover/src/main.rs:2492)
7.541770 [INFO ] [BENCH] round=0 frame=74 step=2417 draw=2598 period=33342 full=false repaint=108 changed=36 (octowhere octowhere-handover/src/main.rs:2492)
7.573236 [INFO ] [BENCH] round=0 frame=74 step=3063 draw=1875 period=31569 full=false repaint=36 changed=0 (octowhere octowhere-handover/src/main.rs:2492)
7.578506 [INFO ] [BENCH] round=0 frame=75 step=2242 draw=2351 period=5597 full=false repaint=108 changed=108 (octowhere octowhere-handover/src/main.rs:2492)
7.608274 [INFO ] [BENCH] round=0 frame=76 step=2357 draw=2524 period=29478 full=false repaint=108 changed=36 (octowhere octowhere-handover/src/main.rs:2492)
7.641669 [INFO ] [BENCH] round=0 frame=77 step=2392 draw=2515 period=33352 full=false repaint=108 changed=108 (octowhere octowhere-handover/src/main.rs:2492)
7.675020 [INFO ] [BENCH] round=0 frame=78 step=2405 draw=2539 period=33327 full=false repaint=108 changed=36 (octowhere octowhere-handover/src/main.rs:2492)
7.708357 [INFO ] [BENCH] round=0 frame=79 step=2400 draw=2527 period=33339 full=false repaint=144 changed=144 (octowhere octowhere-handover/src/main.rs:2492)
7.742841 [INFO ] [BENCH] round=0 frame=80 step=2797 draw=3302 period=33319 full=false repaint=252 changed=144 (octowhere octowhere-handover/src/main.rs:2492)
7.784477 [INFO ] [BENCH] round=0 frame=81 step=11493 draw=2915 period=33346 full=false repaint=144 changed=36 (octowhere octowhere-handover/src/main.rs:2492)
7.807522 [INFO ] [BENCH] round=0 frame=82 step=2419 draw=1718 period=33333 full=false repaint=36 changed=36 (octowhere octowhere-handover/src/main.rs:2492)
7.826493 [INFO ] [BENCH] round=0 frame=82 step=814 draw=5063 period=16601 full=false repaint=36 changed=0 (octowhere octowhere-handover/src/main.rs:2492)
7.841107 [INFO ] [BENCH] round=0 frame=83 step=2033 draw=2416 period=9575 full=false repaint=72 changed=72 (octowhere octowhere-handover/src/main.rs:2492)
7.874875 [INFO ] [BENCH] round=0 frame=84 step=2391 draw=2415 period=33401 full=false repaint=72 changed=36 (octowhere octowhere-handover/src/main.rs:2492)
7.908260 [INFO ] [BENCH] round=0 frame=85 step=2389 draw=2446 period=33345 full=false repaint=108 changed=108 (octowhere octowhere-handover/src/main.rs:2492)
7.941838 [INFO ] [BENCH] round=0 frame=86 step=2419 draw=2660 period=33325 full=false repaint=216 changed=144 (octowhere octowhere-handover/src/main.rs:2492)
7.975264 [INFO ] [BENCH] round=0 frame=87 step=2438 draw=2720 period=33343 full=false repaint=216 changed=108 (octowhere octowhere-handover/src/main.rs:2492)
8.008374 [INFO ] [BENCH] round=0 frame=88 step=2400 draw=2565 period=33324 full=false repaint=108 changed=36 (octowhere octowhere-handover/src/main.rs:2492)
8.040807 [INFO ] [BENCH] round=0 frame=89 step=2381 draw=1699 period=33339 full=false repaint=36 changed=36 (octowhere octowhere-handover/src/main.rs:2492)
8.079741 [INFO ] [BENCH] round=0 frame=90 step=5250 draw=2470 period=35265 full=false repaint=72 changed=72 (octowhere octowhere-handover/src/main.rs:2492)
8.083145 [INFO ] [BENCH] round=0 frame=90 step=390 draw=2275 period=8498 full=false repaint=72 changed=0 (octowhere octowhere-handover/src/main.rs:2492)
8.108180 [INFO ] [BENCH] round=0 frame=91 step=2291 draw=2504 period=22852 full=false repaint=72 changed=72 (octowhere octowhere-handover/src/main.rs:2492)
8.141759 [INFO ] [BENCH] round=0 frame=92 step=2425 draw=2574 period=33381 full=false repaint=144 changed=108 (octowhere octowhere-handover/src/main.rs:2492)
8.175181 [INFO ] [BENCH] round=0 frame=93 step=2414 draw=2663 period=33339 full=false repaint=180 changed=108 (octowhere octowhere-handover/src/main.rs:2492)
8.208562 [INFO ] [BENCH] round=0 frame=94 step=2425 draw=2701 period=33335 full=false repaint=180 changed=108 (octowhere octowhere-handover/src/main.rs:2492)
8.241648 [INFO ] [BENCH] round=0 frame=95 step=2393 draw=2505 period=33335 full=false repaint=108 changed=36 (octowhere octowhere-handover/src/main.rs:2492)
8.274135 [INFO ] [BENCH] round=0 frame=96 step=2363 draw=1714 period=33326 full=false repaint=36 changed=36 (octowhere octowhere-handover/src/main.rs:2492)
8.308473 [INFO ] [BENCH] round=0 frame=97 step=2390 draw=2651 period=33332 full=false repaint=180 changed=180 (octowhere octowhere-handover/src/main.rs:2492)
8.331004 [INFO ] [BENCH] round=0 frame=97 step=851 draw=6170 period=20562 full=false repaint=180 changed=0 (octowhere octowhere-handover/src/main.rs:2492)
8.341034 [INFO ] [BENCH] round=0 frame=98 step=1981 draw=2374 period=5010 full=false repaint=72 changed=72 (octowhere octowhere-handover/src/main.rs:2492)
8.374941 [INFO ] [BENCH] round=0 frame=99 step=2365 draw=2493 period=33384 full=false repaint=108 changed=72 (octowhere octowhere-handover/src/main.rs:2492)
8.408270 [INFO ] [BENCH] round=0 frame=100 step=2409 draw=2471 period=33309 full=false repaint=108 changed=72 (octowhere octowhere-handover/src/main.rs:2492)
8.441652 [INFO ] [BENCH] round=0 frame=101 step=2391 draw=2505 period=33366 full=false repaint=108 changed=72 (octowhere octowhere-handover/src/main.rs:2492)
8.475146 [INFO ] [BENCH] round=0 frame=102 step=2413 draw=2625 period=33343 full=false repaint=180 changed=144 (octowhere octowhere-handover/src/main.rs:2492)
8.508558 [INFO ] [BENCH] round=0 frame=103 step=2404 draw=2722 period=33325 full=false repaint=216 changed=108 (octowhere octowhere-handover/src/main.rs:2492)
8.541763 [INFO ] [BENCH] round=0 frame=104 step=2412 draw=2580 period=33341 full=false repaint=144 changed=72 (octowhere octowhere-handover/src/main.rs:2492)
8.577371 [INFO ] [BENCH] round=0 frame=105 step=2398 draw=4884 period=33325 full=false repaint=180 changed=144 (octowhere octowhere-handover/src/main.rs:2492)
8.584349 [INFO ] [BENCH] round=0 frame=105 step=833 draw=5342 period=8095 full=false repaint=144 changed=0 (octowhere octowhere-handover/src/main.rs:2492)
8.607853 [INFO ] [BENCH] round=0 frame=106 step=2045 draw=2461 period=7892 full=false repaint=72 changed=72 (octowhere octowhere-handover/src/main.rs:2492)
8.641579 [INFO ] [BENCH] round=0 frame=107 step=2381 draw=2465 period=33383 full=false repaint=72 changed=36 (octowhere octowhere-handover/src/main.rs:2492)
8.674905 [INFO ] [BENCH] round=0 frame=108 step=2392 draw=2442 period=33333 full=false repaint=72 changed=72 (octowhere octowhere-handover/src/main.rs:2492)
8.709059 [INFO ] [BENCH] round=0 frame=109 step=2661 draw=3013 period=33333 full=false repaint=72 changed=36 (octowhere octowhere-handover/src/main.rs:2492)
8.741619 [INFO ] [BENCH] round=0 frame=110 step=2397 draw=2475 period=33338 full=false repaint=72 changed=72 (octowhere octowhere-handover/src/main.rs:2492)
8.774959 [INFO ] [BENCH] round=0 frame=111 step=2426 draw=2463 period=33340 full=false repaint=72 changed=36 (octowhere octowhere-handover/src/main.rs:2492)
8.807539 [INFO ] [BENCH] round=0 frame=112 step=2390 draw=1724 period=33374 full=false repaint=36 changed=36 (octowhere octowhere-handover/src/main.rs:2492)
8.830455 [INFO ] [BENCH] round=0 frame=112 step=816 draw=1881 period=24328 full=false repaint=36 changed=0 (octowhere octowhere-handover/src/main.rs:2492)
8.840349 [INFO ] [BENCH] round=0 frame=113 step=1965 draw=1748 period=2521 full=false repaint=36 changed=36 (octowhere octowhere-handover/src/main.rs:2492)
8.874056 [INFO ] [BENCH] round=0 frame=114 step=2330 draw=1656 period=33417 full=false repaint=36 changed=36 (octowhere octowhere-handover/src/main.rs:2492)
8.907429 [INFO ] [BENCH] round=0 frame=115 step=2329 draw=1711 period=33319 full=false repaint=36 changed=36 (octowhere octowhere-handover/src/main.rs:2492)
8.940727 [INFO ] [BENCH] round=0 frame=116 step=2340 draw=1655 period=33341 full=false repaint=36 changed=36 (octowhere octowhere-handover/src/main.rs:2492)
8.974098 [INFO ] [BENCH] round=0 frame=117 step=2329 draw=1712 period=33325 full=false repaint=36 changed=36 (octowhere octowhere-handover/src/main.rs:2492)
9.007389 [INFO ] [BENCH] round=0 frame=118 step=2335 draw=1654 period=33343 full=false repaint=36 changed=36 (octowhere octowhere-handover/src/main.rs:2492)
9.040808 [INFO ] [BENCH] round=0 frame=119 step=2336 draw=1709 period=33363 full=false repaint=36 changed=36 (octowhere octowhere-handover/src/main.rs:2492)
9.097396 [INFO ] [BENCH] round=0 frame=120 step=349 draw=26998 period=33300 full=true repaint=217156 changed=217156 (octowhere octowhere-handover/src/main.rs:2492)
9.126917 [INFO ] [BENCH] round=0 frame=120 step=1494 draw=27185 period=28184 full=true repaint=217156 changed=0 (octowhere octowhere-handover/src/main.rs:2492)
9.150122 [INFO ] [BENCH] round=0 frame=121 step=185 draw=22628 period=29161 full=true repaint=217156 changed=217156 (octowhere octowhere-handover/src/main.rs:2492)
9.174053 [INFO ] [BENCH] round=0 frame=122 step=188 draw=23268 period=23222 full=true repaint=217156 changed=217156 (octowhere octowhere-handover/src/main.rs:2492)
9.196704 [INFO ] [BENCH] round=0 frame=123 step=303 draw=18832 period=26975 full=true repaint=217156 changed=217156 (octowhere octowhere-handover/src/main.rs:2492)
9.222181 [INFO ] [BENCH] round=0 frame=124 step=368 draw=18542 period=25725 full=true repaint=217156 changed=217156 (octowhere octowhere-handover/src/main.rs:2492)
9.255592 [INFO ] [BENCH] round=0 frame=125 step=300 draw=18683 period=33330 full=true repaint=217156 changed=217156 (octowhere octowhere-handover/src/main.rs:2492)
9.289088 [INFO ] [BENCH] round=0 frame=126 step=336 draw=18829 period=33316 full=true repaint=217156 changed=217156 (octowhere octowhere-handover/src/main.rs:2492)
9.322543 [INFO ] [BENCH] round=0 frame=127 step=316 draw=18938 period=33367 full=true repaint=217156 changed=217156 (octowhere octowhere-handover/src/main.rs:2492)
9.356253 [INFO ] [BENCH] round=0 frame=127 step=811 draw=23671 period=28427 full=true repaint=217156 changed=0 (octowhere octowhere-handover/src/main.rs:2492)
9.373682 [INFO ] [BENCH] round=0 frame=128 step=335 draw=16584 period=25082 full=true repaint=217156 changed=217156 (octowhere octowhere-handover/src/main.rs:2492)
9.391427 [INFO ] [BENCH] round=0 frame=129 step=148 draw=17183 period=17290 full=true repaint=217156 changed=217156 (octowhere octowhere-handover/src/main.rs:2492)
9.422748 [INFO ] [BENCH] round=0 frame=130 step=357 draw=19135 period=29184 full=true repaint=217156 changed=217156 (octowhere octowhere-handover/src/main.rs:2492)
9.456217 [INFO ] [BENCH] round=0 frame=131 step=279 draw=19341 period=33326 full=true repaint=217156 changed=217156 (octowhere octowhere-handover/src/main.rs:2492)
9.489731 [INFO ] [BENCH] round=0 frame=132 step=341 draw=19447 period=33358 full=true repaint=217156 changed=217156 (octowhere octowhere-handover/src/main.rs:2492)
9.532859 [INFO ] [BENCH] round=0 frame=133 step=281 draw=29290 period=33327 full=true repaint=217156 changed=217156 (octowhere octowhere-handover/src/main.rs:2492)
9.566265 [INFO ] [BENCH] round=0 frame=134 step=412 draw=29257 period=33331 full=true repaint=217156 changed=217156 (octowhere octowhere-handover/src/main.rs:2492)
9.604244 [INFO ] [BENCH] round=0 frame=135 step=314 draw=33903 period=33377 full=true repaint=217156 changed=217156 (octowhere octowhere-handover/src/main.rs:2492)
9.633351 [INFO ] [BENCH] round=0 frame=136 step=884 draw=27447 period=35006 full=true repaint=217156 changed=217156 (octowhere octowhere-handover/src/main.rs:2492)
9.664655 [INFO ] [BENCH] round=0 frame=136 step=326 draw=30318 period=28992 full=true repaint=217156 changed=0 (octowhere octowhere-handover/src/main.rs:2492)
9.692964 [INFO ] [BENCH] round=0 frame=137 step=307 draw=27500 period=31156 full=true repaint=217156 changed=217156 (octowhere octowhere-handover/src/main.rs:2492)
9.703214 [INFO ] [BENCH] round=0 frame=138 step=289 draw=9347 period=28383 full=true repaint=217156 changed=217156 (octowhere octowhere-handover/src/main.rs:2492)
9.741169 [INFO ] [BENCH] round=0 frame=1025 step=1384 draw=24015 period=22179 full=true repaint=217156 changed=217156 (octowhere octowhere-handover/src/main.rs:2492)
9.772597 [INFO ] [BENCH] round=0 frame=1056 step=8461 draw=22032 period=26292 full=true repaint=217156 changed=15912 (octowhere octowhere-handover/src/main.rs:2492)
9.797049 [INFO ] [BENCH] round=0 frame=1081 step=8316 draw=14533 period=32059 full=false repaint=32796 changed=32436 (octowhere octowhere-handover/src/main.rs:2492)
9.820062 [INFO ] [BENCH] round=0 frame=1104 step=8922 draw=12516 period=24434 full=false repaint=35808 changed=19228 (octowhere octowhere-handover/src/main.rs:2492)
9.847352 [INFO ] [BENCH] round=0 frame=1131 step=9135 draw=17191 period=22382 full=false repaint=25704 changed=22328 (octowhere octowhere-handover/src/main.rs:2492)
9.870165 [INFO ] [BENCH] round=0 frame=1154 step=9957 draw=11990 period=27215 full=false repaint=24508 changed=6128 (octowhere octowhere-handover/src/main.rs:2492)
9.883943 [INFO ] [BENCH] round=0 frame=1168 step=5510 draw=7370 period=22880 full=false repaint=7408 changed=5228 (octowhere octowhere-handover/src/main.rs:2492)
9.896224 [INFO ] [BENCH] round=0 frame=1180 step=3601 draw=7785 period=13777 full=false repaint=17284 changed=13960 (octowhere octowhere-handover/src/main.rs:2492)
9.907211 [INFO ] [BENCH] round=0 frame=1191 step=3036 draw=6974 period=12314 full=false repaint=13960 changed=7880 (octowhere octowhere-handover/src/main.rs:2492)
9.914943 [INFO ] [BENCH] round=0 frame=1199 step=3181 draw=3397 period=11242 full=false repaint=7880 changed=7880 (octowhere octowhere-handover/src/main.rs:2492)
9.930770 [INFO ] [BENCH] round=0 frame=1215 step=2968 draw=4519 period=14893 full=false repaint=12056 changed=12056 (octowhere octowhere-handover/src/main.rs:2492)
9.947809 [INFO ] [BENCH] round=0 frame=1232 step=2962 draw=4838 period=16734 full=false repaint=12056 changed=7880 (octowhere octowhere-handover/src/main.rs:2492)
9.964974 [INFO ] [BENCH] round=0 frame=1249 step=2957 draw=4999 period=17001 full=false repaint=12056 changed=12056 (octowhere octowhere-handover/src/main.rs:2492)
9.988242 [INFO ] [BENCH] round=0 frame=1272 step=8614 draw=5984 period=16637 full=false repaint=15500 changed=15500 (octowhere octowhere-handover/src/main.rs:2492)
10.000280 [INFO ] [BENCH] round=0 frame=1284 step=3049 draw=6310 period=17258 full=false repaint=15500 changed=15488 (octowhere octowhere-handover/src/main.rs:2492)
10.017951 [INFO ] [BENCH] round=0 frame=1302 step=3036 draw=6836 period=17166 full=false repaint=15488 changed=12056 (octowhere octowhere-handover/src/main.rs:2492)
10.034641 [INFO ] [BENCH] round=0 frame=1318 step=3038 draw=6827 period=16689 full=false repaint=15488 changed=15488 (octowhere octowhere-handover/src/main.rs:2492)
10.051645 [INFO ] [BENCH] round=0 frame=1335 step=3017 draw=7349 period=16511 full=false repaint=15488 changed=12056 (octowhere octowhere-handover/src/main.rs:2492)
10.068468 [INFO ] [BENCH] round=0 frame=1352 step=3064 draw=7132 period=16987 full=false repaint=15488 changed=15488 (octowhere octowhere-handover/src/main.rs:2492)
10.085375 [INFO ] [BENCH] round=0 frame=1369 step=3005 draw=7456 period=16648 full=false repaint=15488 changed=12056 (octowhere octowhere-handover/src/main.rs:2492)
10.105110 [INFO ] [BENCH] round=0 frame=1389 step=6033 draw=7222 period=16938 full=false repaint=15488 changed=7608 (octowhere octowhere-handover/src/main.rs:2492)
10.113618 [INFO ] [BENCH] round=0 frame=1397 step=2988 draw=2241 period=16548 full=false repaint=7608 changed=4176 (octowhere octowhere-handover/src/main.rs:2492)
10.129767 [INFO ] [BENCH] round=0 frame=1414 step=2965 draw=2175 period=16227 full=false repaint=7608 changed=7608 (octowhere octowhere-handover/src/main.rs:2492)
10.146339 [INFO ] [BENCH] round=0 frame=1430 step=2879 draw=2168 period=16676 full=false repaint=7608 changed=4176 (octowhere octowhere-handover/src/main.rs:2492)
10.163248 [INFO ] [BENCH] round=0 frame=1447 step=2883 draw=2217 period=16845 full=false repaint=7608 changed=7608 (octowhere octowhere-handover/src/main.rs:2492)
10.179974 [INFO ] [BENCH] round=0 frame=1464 step=2877 draw=2225 period=16735 full=false repaint=7608 changed=4176 (octowhere octowhere-handover/src/main.rs:2492)
10.196868 [INFO ] [BENCH] round=0 frame=1481 step=2881 draw=2240 period=16864 full=false repaint=7608 changed=7608 (octowhere octowhere-handover/src/main.rs:2492)
10.213593 [INFO ] [BENCH] round=0 frame=1497 step=2877 draw=2243 period=16737 full=false repaint=7608 changed=4176 (octowhere octowhere-handover/src/main.rs:2492)
10.230466 [INFO ] [BENCH] round=0 frame=1514 step=2881 draw=2257 period=16844 full=false repaint=7608 changed=7608 (octowhere octowhere-handover/src/main.rs:2492)
10.247169 [INFO ] [BENCH] round=0 frame=1531 step=2877 draw=2257 period=16718 full=false repaint=7608 changed=4176 (octowhere octowhere-handover/src/main.rs:2492)
10.264052 [INFO ] [BENCH] round=0 frame=1548 step=2881 draw=2270 period=16855 full=false repaint=7608 changed=7608 (octowhere octowhere-handover/src/main.rs:2492)
10.280764 [INFO ] [BENCH] round=0 frame=1565 step=2877 draw=2270 period=16727 full=false repaint=7608 changed=4176 (octowhere octowhere-handover/src/main.rs:2492)
10.303110 [INFO ] [BENCH] round=0 frame=1587 step=8404 draw=2239 period=16841 full=false repaint=7644 changed=7644 (octowhere octowhere-handover/src/main.rs:2492)
10.313970 [INFO ] [BENCH] round=0 frame=1598 step=2860 draw=1922 period=16733 full=false repaint=7644 changed=4176 (octowhere octowhere-handover/src/main.rs:2492)
10.330773 [INFO ] [BENCH] round=0 frame=1615 step=2847 draw=1855 period=16882 full=false repaint=7608 changed=3432 (octowhere octowhere-handover/src/main.rs:2492)
10.349478 [INFO ] [BENCH] round=0 frame=1633 step=2983 draw=3907 period=16524 full=false repaint=3432 changed=0 (octowhere octowhere-handover/src/main.rs:2492)
10.499055 [INFO ] [BENCH] round=0 frame=1783 step=7612 draw=705 period=730 full=false repaint=36 changed=36 (octowhere octowhere-handover/src/main.rs:2492)
10.501935 [INFO ] [BENCH] round=0 frame=1786 step=1177 draw=871 period=9149 full=false repaint=36 changed=0 (octowhere octowhere-handover/src/main.rs:2492)
10.596930 [INFO ] [BENCH] round=0 frame=1881 step=3070 draw=1507 period=2790 full=false repaint=616 changed=616 (octowhere octowhere-handover/src/main.rs:2492)
10.603208 [INFO ] [BENCH] round=0 frame=1887 step=1214 draw=4186 period=5448 full=false repaint=616 changed=0 (octowhere octowhere-handover/src/main.rs:2492)
10.763127 [INFO ] [BENCH] round=0 frame=2047 step=8497 draw=1605 period=598 full=false repaint=72 changed=72 (octowhere octowhere-handover/src/main.rs:2492)
10.766821 [INFO ] [BENCH] round=0 frame=2051 step=1210 draw=1610 period=10984 full=false repaint=72 changed=0 (octowhere octowhere-handover/src/main.rs:2492)
10.957941 [INFO ] [BENCH] round=0 frame=2242 step=7580 draw=721 period=680 full=false repaint=36 changed=36 (octowhere octowhere-handover/src/main.rs:2492)
10.960817 [INFO ] [BENCH] round=0 frame=2245 step=1171 draw=875 period=9127 full=false repaint=36 changed=0 (octowhere octowhere-handover/src/main.rs:2492)
11.270597 [INFO ] [BENCH] round=0 frame=2554 step=7609 draw=816 period=693 full=false repaint=72 changed=72 (octowhere octowhere-handover/src/main.rs:2492)
11.273562 [INFO ] [BENCH] round=0 frame=2557 step=1169 draw=974 period=9253 full=false repaint=72 changed=0 (octowhere octowhere-handover/src/main.rs:2492)
11.338665 [INFO ] [BENCH] round=0 frame=2622 step=7598 draw=713 period=705 full=false repaint=36 changed=36 (octowhere octowhere-handover/src/main.rs:2492)
11.341541 [INFO ] [BENCH] round=0 frame=2625 step=1168 draw=877 period=9133 full=false repaint=36 changed=0 (octowhere octowhere-handover/src/main.rs:2492)
11.354447 [INFO ] [BENCH] round=0 frame=2638 step=3234 draw=1487 period=10224 full=false repaint=616 changed=616 (octowhere octowhere-handover/src/main.rs:2492)
11.360664 [INFO ] [BENCH] round=0 frame=2644 step=3738 draw=1620 period=5584 full=false repaint=616 changed=0 (octowhere octowhere-handover/src/main.rs:2492)
11.405319 [INFO ] [BENCH] round=0 frame=2689 step=7564 draw=721 period=691 full=false repaint=36 changed=36 (octowhere octowhere-handover/src/main.rs:2492)
11.408202 [INFO ] [BENCH] round=0 frame=2692 step=1162 draw=890 period=9116 full=false repaint=36 changed=0 (octowhere octowhere-handover/src/main.rs:2492)
15.715946 [INFO ] [BENCH] round=1 charging=true (octowhere octowhere-handover/src/main.rs:2368)
15.766386 [INFO ] [BENCH] round=1 frame=1 step=94 draw=16823 period=33291 full=true repaint=217156 changed=217156 (octowhere octowhere-handover/src/main.rs:2492)
15.812988 [INFO ] [BENCH] round=1 frame=2 step=680 draw=29396 period=33404 full=true repaint=217156 changed=217156 (octowhere octowhere-handover/src/main.rs:2492)
15.837358 [INFO ] [BENCH] round=1 frame=3 step=739 draw=20423 period=33293 full=true repaint=217156 changed=217156 (octowhere octowhere-handover/src/main.rs:2492)
15.869928 [INFO ] [BENCH] round=1 frame=4 step=671 draw=19700 period=33360 full=true repaint=217156 changed=217156 (octowhere octowhere-handover/src/main.rs:2492)
15.909029 [INFO ] [BENCH] round=1 frame=5 step=1462 draw=23122 period=34877 full=true repaint=217156 changed=217156 (octowhere octowhere-handover/src/main.rs:2492)
15.927842 [INFO ] [BENCH] round=1 frame=5 step=402 draw=17536 period=25450 full=true repaint=217156 changed=0 (octowhere octowhere-handover/src/main.rs:2492)
15.946214 [INFO ] [BENCH] round=1 frame=6 step=283 draw=14323 period=21741 full=true repaint=217156 changed=217156 (octowhere octowhere-handover/src/main.rs:2492)
15.975743 [INFO ] [BENCH] round=1 frame=7 step=364 draw=25888 period=17882 full=true repaint=217156 changed=217156 (octowhere octowhere-handover/src/main.rs:2492)
16.004951 [INFO ] [BENCH] round=1 frame=8 step=418 draw=21689 period=33344 full=true repaint=217156 changed=217156 (octowhere octowhere-handover/src/main.rs:2492)
16.038701 [INFO ] [BENCH] round=1 frame=9 step=402 draw=22175 period=33291 full=true repaint=217156 changed=217156 (octowhere octowhere-handover/src/main.rs:2492)
16.077417 [INFO ] [BENCH] round=1 frame=10 step=416 draw=27490 period=33383 full=true repaint=217156 changed=217156 (octowhere octowhere-handover/src/main.rs:2492)
16.104690 [INFO ] [BENCH] round=1 frame=11 step=408 draw=21443 period=33328 full=true repaint=217156 changed=217156 (octowhere octowhere-handover/src/main.rs:2492)
16.143998 [INFO ] [BENCH] round=1 frame=12 step=412 draw=27411 period=33330 full=true repaint=217156 changed=217156 (octowhere octowhere-handover/src/main.rs:2492)
16.166647 [INFO ] [BENCH] round=1 frame=12 step=956 draw=20861 period=28597 full=true repaint=217156 changed=0 (octowhere octowhere-handover/src/main.rs:2492)
16.181079 [INFO ] [BENCH] round=1 frame=13 step=365 draw=12782 period=23225 full=true repaint=217156 changed=217156 (octowhere octowhere-handover/src/main.rs:2492)
16.199936 [INFO ] [BENCH] round=1 frame=14 step=178 draw=16899 period=14879 full=true repaint=217156 changed=217156 (octowhere octowhere-handover/src/main.rs:2492)
16.229469 [INFO ] [BENCH] round=1 frame=15 step=350 draw=13043 period=33260 full=true repaint=217156 changed=217156 (octowhere octowhere-handover/src/main.rs:2492)
16.262777 [INFO ] [BENCH] round=1 frame=16 step=298 draw=12954 period=33402 full=true repaint=217156 changed=217156 (octowhere octowhere-handover/src/main.rs:2492)
16.296556 [INFO ] [BENCH] round=1 frame=17 step=363 draw=13390 period=33307 full=true repaint=217156 changed=217156 (octowhere octowhere-handover/src/main.rs:2492)
16.329761 [INFO ] [BENCH] round=1 frame=18 step=299 draw=13291 period=33339 full=true repaint=217156 changed=217156 (octowhere octowhere-handover/src/main.rs:2492)
16.363276 [INFO ] [BENCH] round=1 frame=19 step=361 draw=13446 period=33325 full=true repaint=217156 changed=217156 (octowhere octowhere-handover/src/main.rs:2492)
16.399120 [INFO ] [BENCH] round=1 frame=20 step=294 draw=15981 period=33348 full=true repaint=217156 changed=217156 (octowhere octowhere-handover/src/main.rs:2492)
16.421799 [INFO ] [BENCH] round=1 frame=20 step=845 draw=21053 period=17026 full=true repaint=217156 changed=0 (octowhere octowhere-handover/src/main.rs:2492)
16.437691 [INFO ] [BENCH] round=1 frame=21 step=340 draw=15039 period=22499 full=true repaint=217156 changed=217156 (octowhere octowhere-handover/src/main.rs:2492)
16.469712 [INFO ] [BENCH] round=1 frame=22 step=175 draw=20027 period=27143 full=true repaint=217156 changed=217156 (octowhere octowhere-handover/src/main.rs:2492)
16.499281 [INFO ] [BENCH] round=1 frame=23 step=420 draw=16059 period=33308 full=true repaint=217156 changed=217156 (octowhere octowhere-handover/src/main.rs:2492)
16.533136 [INFO ] [BENCH] round=1 frame=24 step=420 draw=16545 period=33344 full=true repaint=217156 changed=217156 (octowhere octowhere-handover/src/main.rs:2492)
16.569280 [INFO ] [BENCH] round=1 frame=25 step=523 draw=19229 period=33355 full=true repaint=217156 changed=217156 (octowhere octowhere-handover/src/main.rs:2492)
16.603168 [INFO ] [BENCH] round=1 frame=26 step=598 draw=19675 period=33347 full=true repaint=217156 changed=217156 (octowhere octowhere-handover/src/main.rs:2492)
16.636609 [INFO ] [BENCH] round=1 frame=27 step=609 draw=19779 period=33330 full=true repaint=217156 changed=217156 (octowhere octowhere-handover/src/main.rs:2492)
16.668505 [INFO ] [BENCH] round=1 frame=27 step=1329 draw=26345 period=24599 full=true repaint=217156 changed=0 (octowhere octowhere-handover/src/main.rs:2492)
16.691652 [INFO ] [BENCH] round=1 frame=28 step=394 draw=22045 period=28392 full=true repaint=217156 changed=217156 (octowhere octowhere-handover/src/main.rs:2492)
16.717633 [INFO ] [BENCH] round=1 frame=29 step=455 draw=24539 period=23396 full=true repaint=217156 changed=217156 (octowhere octowhere-handover/src/main.rs:2492)
16.747633 [INFO ] [BENCH] round=1 frame=30 step=463 draw=26894 period=27672 full=true repaint=217156 changed=217156 (octowhere octowhere-handover/src/main.rs:2492)
16.775970 [INFO ] [BENCH] round=1 frame=31 step=495 draw=25923 period=29280 full=true repaint=217156 changed=217156 (octowhere octowhere-handover/src/main.rs:2492)
16.811883 [INFO ] [BENCH] round=1 frame=32 step=1026 draw=28000 period=33299 full=true repaint=217156 changed=217156 (octowhere octowhere-handover/src/main.rs:2492)
16.840751 [INFO ] [BENCH] round=1 frame=33 step=481 draw=24065 period=33352 full=true repaint=217156 changed=217156 (octowhere octowhere-handover/src/main.rs:2492)
16.873682 [INFO ] [BENCH] round=1 frame=34 step=457 draw=23693 period=33325 full=true repaint=217156 changed=217156 (octowhere octowhere-handover/src/main.rs:2492)
16.908478 [INFO ] [BENCH] round=1 frame=35 step=457 draw=25152 period=33337 full=true repaint=217156 changed=217156 (octowhere octowhere-handover/src/main.rs:2492)
16.935912 [INFO ] [BENCH] round=1 frame=35 step=876 draw=25704 period=26402 full=true repaint=217156 changed=0 (octowhere octowhere-handover/src/main.rs:2492)
16.959393 [INFO ] [BENCH] round=1 frame=36 step=410 draw=20590 period=29135 full=true repaint=217156 changed=217156 (octowhere octowhere-handover/src/main.rs:2492)
16.983130 [INFO ] [BENCH] round=1 frame=37 step=418 draw=22451 period=21827 full=true repaint=217156 changed=217156 (octowhere octowhere-handover/src/main.rs:2492)
17.013860 [INFO ] [BENCH] round=1 frame=38 step=487 draw=24788 period=28348 full=true repaint=217156 changed=217156 (octowhere octowhere-handover/src/main.rs:2492)
17.040030 [INFO ] [BENCH] round=1 frame=39 step=466 draw=23373 period=27618 full=true repaint=217156 changed=217156 (octowhere octowhere-handover/src/main.rs:2492)
17.072208 [INFO ] [BENCH] round=1 frame=40 step=627 draw=22030 period=33347 full=true repaint=217156 changed=217156 (octowhere octowhere-handover/src/main.rs:2492)
17.105700 [INFO ] [BENCH] round=1 frame=41 step=601 draw=22218 period=33331 full=true repaint=217156 changed=217156 (octowhere octowhere-handover/src/main.rs:2492)
17.138912 [INFO ] [BENCH] round=1 frame=42 step=604 draw=22078 period=33347 full=true repaint=217156 changed=217156 (octowhere octowhere-handover/src/main.rs:2492)
17.173840 [INFO ] [BENCH] round=1 frame=42 step=1197 draw=26851 period=29545 full=true repaint=217156 changed=0 (octowhere octowhere-handover/src/main.rs:2492)
17.195807 [INFO ] [BENCH] round=1 frame=43 step=391 draw=20887 period=28775 full=true repaint=217156 changed=217156 (octowhere octowhere-handover/src/main.rs:2492)
17.219763 [INFO ] [BENCH] round=1 frame=44 step=398 draw=22653 period=22131 full=true repaint=217156 changed=217156 (octowhere octowhere-handover/src/main.rs:2492)
17.249099 [INFO ] [BENCH] round=1 frame=45 step=460 draw=24665 period=27296 full=true repaint=217156 changed=217156 (octowhere octowhere-handover/src/main.rs:2492)
17.273631 [INFO ] [BENCH] round=1 frame=46 step=462 draw=23162 period=26044 full=true repaint=217156 changed=217156 (octowhere octowhere-handover/src/main.rs:2492)
17.306219 [INFO ] [BENCH] round=1 frame=47 step=602 draw=22731 period=32865 full=true repaint=217156 changed=217156 (octowhere octowhere-handover/src/main.rs:2492)
17.339727 [INFO ] [BENCH] round=1 frame=48 step=592 draw=22911 period=33338 full=true repaint=217156 changed=217156 (octowhere octowhere-handover/src/main.rs:2492)
17.373135 [INFO ] [BENCH] round=1 frame=49 step=618 draw=22961 period=33332 full=true repaint=217156 changed=217156 (octowhere octowhere-handover/src/main.rs:2492)
17.408740 [INFO ] [BENCH] round=1 frame=50 step=598 draw=25257 period=33335 full=true repaint=217156 changed=217156 (octowhere octowhere-handover/src/main.rs:2492)
17.438563 [INFO ] [BENCH] round=1 frame=50 step=881 draw=28095 period=26688 full=true repaint=217156 changed=0 (octowhere octowhere-handover/src/main.rs:2492)
17.457613 [INFO ] [BENCH] round=1 frame=51 step=403 draw=18033 period=29623 full=true repaint=217156 changed=217156 (octowhere octowhere-handover/src/main.rs:2492)
17.481184 [INFO ] [BENCH] round=1 frame=52 step=403 draw=22285 period=19301 full=true repaint=217156 changed=217156 (octowhere octowhere-handover/src/main.rs:2492)
17.506282 [INFO ] [BENCH] round=1 frame=53 step=460 draw=22915 period=24371 full=true repaint=217156 changed=217156 (octowhere octowhere-handover/src/main.rs:2492)
17.540286 [INFO ] [BENCH] round=1 frame=54 step=625 draw=23497 period=33292 full=true repaint=217156 changed=217156 (octowhere octowhere-handover/src/main.rs:2492)
17.573830 [INFO ] [BENCH] round=1 frame=55 step=624 draw=23652 period=33387 full=true repaint=217156 changed=217156 (octowhere octowhere-handover/src/main.rs:2492)
17.607867 [INFO ] [BENCH] round=1 frame=56 step=623 draw=24400 period=33291 full=true repaint=217156 changed=217156 (octowhere octowhere-handover/src/main.rs:2492)
17.641324 [INFO ] [BENCH] round=1 frame=57 step=607 draw=24483 period=33387 full=true repaint=217156 changed=217156 (octowhere octowhere-handover/src/main.rs:2492)
17.678092 [INFO ] [BENCH] round=1 frame=58 step=1293 draw=26539 period=34022 full=true repaint=217156 changed=217156 (octowhere octowhere-handover/src/main.rs:2492)
17.707117 [INFO ] [BENCH] round=1 frame=58 step=1093 draw=27058 period=28719 full=true repaint=217156 changed=0 (octowhere octowhere-handover/src/main.rs:2492)
17.730456 [INFO ] [BENCH] round=1 frame=59 step=404 draw=22242 period=28851 full=true repaint=217156 changed=217156 (octowhere octowhere-handover/src/main.rs:2492)
17.757182 [INFO ] [BENCH] round=1 frame=60 step=467 draw=25069 period=23823 full=true repaint=217156 changed=217156 (octowhere octowhere-handover/src/main.rs:2492)
17.792324 [INFO ] [BENCH] round=1 frame=61 step=488 draw=29454 period=30745 full=true repaint=217156 changed=217156 (octowhere octowhere-handover/src/main.rs:2492)
17.819064 [INFO ] [BENCH] round=1 frame=62 step=494 draw=25361 period=30829 full=true repaint=217156 changed=217156 (octowhere octowhere-handover/src/main.rs:2492)
17.844175 [INFO ] [BENCH] round=1 frame=63 step=458 draw=23687 period=26771 full=true repaint=217156 changed=217156 (octowhere octowhere-handover/src/main.rs:2492)
17.875084 [INFO ] [BENCH] round=1 frame=64 step=672 draw=24921 period=29511 full=true repaint=217156 changed=217156 (octowhere octowhere-handover/src/main.rs:2492)
17.910636 [INFO ] [BENCH] round=1 frame=65 step=758 draw=26982 period=33390 full=true repaint=217156 changed=217156 (octowhere octowhere-handover/src/main.rs:2492)
17.939790 [INFO ] [BENCH] round=1 frame=65 step=896 draw=27420 period=28576 full=true repaint=217156 changed=0 (octowhere octowhere-handover/src/main.rs:2492)
17.961409 [INFO ] [BENCH] round=1 frame=66 step=396 draw=20585 period=28985 full=true repaint=217156 changed=217156 (octowhere octowhere-handover/src/main.rs:2492)
17.987872 [INFO ] [BENCH] round=1 frame=67 step=441 draw=25169 period=21812 full=true repaint=217156 changed=217156 (octowhere octowhere-handover/src/main.rs:2492)
18.016834 [INFO ] [BENCH] round=1 frame=68 step=3976 draw=24008 period=26559 full=true repaint=217156 changed=216 (octowhere octowhere-handover/src/main.rs:2492)
18.022897 [INFO ] [BENCH] round=1 frame=69 step=2360 draw=2788 period=28909 full=false repaint=216 changed=36 (octowhere octowhere-handover/src/main.rs:2492)
18.054683 [INFO ] [BENCH] round=1 frame=70 step=2596 draw=2531 period=31787 full=false repaint=72 changed=72 (octowhere octowhere-handover/src/main.rs:2492)
18.087880 [INFO ] [BENCH] round=1 frame=71 step=2404 draw=2558 period=33357 full=false repaint=108 changed=72 (octowhere octowhere-handover/src/main.rs:2492)
18.121026 [INFO ] [BENCH] round=1 frame=72 step=2395 draw=2394 period=33342 full=false repaint=72 changed=36 (octowhere octowhere-handover/src/main.rs:2492)
18.156871 [INFO ] [BENCH] round=1 frame=73 step=2372 draw=4899 period=33328 full=false repaint=108 changed=108 (octowhere octowhere-handover/src/main.rs:2492)
18.161210 [INFO ] [BENCH] round=1 frame=73 step=873 draw=2697 period=8077 full=false repaint=108 changed=0 (octowhere octowhere-handover/src/main.rs:2492)
18.186540 [INFO ] [BENCH] round=1 frame=74 step=1996 draw=1738 period=3749 full=false repaint=36 changed=36 (octowhere octowhere-handover/src/main.rs:2492)
18.221132 [INFO ] [BENCH] round=1 frame=75 step=2376 draw=2508 period=33391 full=false repaint=108 changed=108 (octowhere octowhere-handover/src/main.rs:2492)
18.254480 [INFO ] [BENCH] round=1 frame=76 step=2384 draw=2517 period=33337 full=false repaint=108 changed=36 (octowhere octowhere-handover/src/main.rs:2492)
18.287795 [INFO ] [BENCH] round=1 frame=77 step=2383 draw=2500 period=33324 full=false repaint=108 changed=108 (octowhere octowhere-handover/src/main.rs:2492)
18.321157 [INFO ] [BENCH] round=1 frame=78 step=2388 draw=2527 period=33342 full=false repaint=108 changed=36 (octowhere octowhere-handover/src/main.rs:2492)
18.354470 [INFO ] [BENCH] round=1 frame=79 step=2389 draw=2505 period=33325 full=false repaint=144 changed=144 (octowhere octowhere-handover/src/main.rs:2492)
18.388023 [INFO ] [BENCH] round=1 frame=80 step=2417 draw=2670 period=33341 full=false repaint=252 changed=144 (octowhere octowhere-handover/src/main.rs:2492)
18.410016 [INFO ] [BENCH] round=1 frame=80 step=829 draw=2798 period=23480 full=false repaint=144 changed=0 (octowhere octowhere-handover/src/main.rs:2492)
18.419976 [INFO ] [BENCH] round=1 frame=81 step=2249 draw=1553 period=9831 full=false repaint=36 changed=36 (octowhere octowhere-handover/src/main.rs:2492)
18.433694 [INFO ] [BENCH] round=1 frame=81 step=339 draw=1867 period=15299 full=false repaint=36 changed=0 (octowhere octowhere-handover/src/main.rs:2492)
18.453482 [INFO ] [BENCH] round=1 frame=82 step=2317 draw=1651 period=18023 full=false repaint=36 changed=36 (octowhere octowhere-handover/src/main.rs:2492)
18.487691 [INFO ] [BENCH] round=1 frame=83 step=2326 draw=2458 period=33360 full=false repaint=72 changed=72 (octowhere octowhere-handover/src/main.rs:2492)
18.521090 [INFO ] [BENCH] round=1 frame=84 step=2377 draw=2457 period=33356 full=false repaint=72 changed=36 (octowhere octowhere-handover/src/main.rs:2492)
18.554401 [INFO ] [BENCH] round=1 frame=85 step=2369 draw=2442 period=33323 full=false repaint=108 changed=108 (octowhere octowhere-handover/src/main.rs:2492)
18.588032 [INFO ] [BENCH] round=1 frame=86 step=2402 draw=2692 period=33342 full=false repaint=216 changed=144 (octowhere octowhere-handover/src/main.rs:2492)
18.621409 [INFO ] [BENCH] round=1 frame=87 step=2396 draw=2743 period=33330 full=false repaint=216 changed=108 (octowhere octowhere-handover/src/main.rs:2492)
18.654561 [INFO ] [BENCH] round=1 frame=88 step=2389 draw=2578 period=33337 full=false repaint=108 changed=36 (octowhere octowhere-handover/src/main.rs:2492)
18.661004 [INFO ] [BENCH] round=1 frame=88 step=788 draw=1889 period=8758 full=false repaint=36 changed=0 (octowhere octowhere-handover/src/main.rs:2492)
18.688303 [INFO ] [BENCH] round=1 frame=89 step=2305 draw=2346 period=25341 full=false repaint=36 changed=36 (octowhere octowhere-handover/src/main.rs:2492)
18.720982 [INFO ] [BENCH] round=1 frame=90 step=2396 draw=2357 period=32541 full=false repaint=72 changed=72 (octowhere octowhere-handover/src/main.rs:2492)
18.755053 [INFO ] [BENCH] round=1 frame=91 step=2888 draw=2595 period=33327 full=false repaint=108 changed=72 (octowhere octowhere-handover/src/main.rs:2492)
18.791281 [INFO ] [BENCH] round=1 frame=92 step=5711 draw=2657 period=33343 full=false repaint=144 changed=108 (octowhere octowhere-handover/src/main.rs:2492)
18.821355 [INFO ] [BENCH] round=1 frame=93 step=2439 draw=2658 period=33334 full=false repaint=180 changed=108 (octowhere octowhere-handover/src/main.rs:2492)
18.854720 [INFO ] [BENCH] round=1 frame=94 step=2434 draw=2707 period=33336 full=false repaint=180 changed=108 (octowhere octowhere-handover/src/main.rs:2492)
18.887806 [INFO ] [BENCH] round=1 frame=95 step=2404 draw=2498 period=33338 full=false repaint=108 changed=36 (octowhere octowhere-handover/src/main.rs:2492)
18.913050 [INFO ] [BENCH] round=1 frame=95 step=792 draw=1897 period=27480 full=false repaint=36 changed=0 (octowhere octowhere-handover/src/main.rs:2492)
18.919883 [INFO ] [BENCH] round=1 frame=96 step=2216 draw=1497 period=5832 full=false repaint=36 changed=36 (octowhere octowhere-handover/src/main.rs:2492)
18.938407 [INFO ] [BENCH] round=1 frame=96 step=364 draw=1869 period=19981 full=false repaint=36 changed=0 (octowhere octowhere-handover/src/main.rs:2492)
18.954161 [INFO ] [BENCH] round=1 frame=97 step=2218 draw=2414 period=13346 full=false repaint=180 changed=180 (octowhere octowhere-handover/src/main.rs:2492)
18.987917 [INFO ] [BENCH] round=1 frame=98 step=2350 draw=2653 period=33353 full=false repaint=216 changed=72 (octowhere octowhere-handover/src/main.rs:2492)
19.021070 [INFO ] [BENCH] round=1 frame=99 step=2378 draw=2438 period=33340 full=false repaint=108 changed=72 (octowhere octowhere-handover/src/main.rs:2492)
19.054452 [INFO ] [BENCH] round=1 frame=100 step=2379 draw=2481 period=33338 full=false repaint=108 changed=72 (octowhere octowhere-handover/src/main.rs:2492)
19.087774 [INFO ] [BENCH] round=1 frame=101 step=2385 draw=2458 period=33332 full=false repaint=108 changed=72 (octowhere octowhere-handover/src/main.rs:2492)
19.121296 [INFO ] [BENCH] round=1 frame=102 step=2383 draw=2650 period=33336 full=false repaint=180 changed=144 (octowhere octowhere-handover/src/main.rs:2492)
19.154670 [INFO ] [BENCH] round=1 frame=103 step=2395 draw=2671 period=33332 full=false repaint=216 changed=108 (octowhere octowhere-handover/src/main.rs:2492)
19.165982 [INFO ] [BENCH] round=1 frame=103 step=849 draw=2770 period=12787 full=false repaint=108 changed=0 (octowhere octowhere-handover/src/main.rs:2492)
19.190265 [INFO ] [BENCH] round=1 frame=104 step=2248 draw=5095 period=20536 full=false repaint=72 changed=72 (octowhere octowhere-handover/src/main.rs:2492)
19.194469 [INFO ] [BENCH] round=1 frame=104 step=452 draw=2942 period=8180 full=false repaint=72 changed=0 (octowhere octowhere-handover/src/main.rs:2492)
19.220975 [INFO ] [BENCH] round=1 frame=105 step=2248 draw=2506 period=25139 full=false repaint=144 changed=144 (octowhere octowhere-handover/src/main.rs:2492)
19.254571 [INFO ] [BENCH] round=1 frame=106 step=2355 draw=2644 period=33341 full=false repaint=180 changed=72 (octowhere octowhere-handover/src/main.rs:2492)
19.287724 [INFO ] [BENCH] round=1 frame=107 step=2384 draw=2429 period=33349 full=false repaint=72 changed=36 (octowhere octowhere-handover/src/main.rs:2492)
19.320993 [INFO ] [BENCH] round=1 frame=108 step=2346 draw=2407 period=33321 full=false repaint=72 changed=72 (octowhere octowhere-handover/src/main.rs:2492)
19.354343 [INFO ] [BENCH] round=1 frame=109 step=2372 draw=2397 period=33350 full=false repaint=72 changed=36 (octowhere octowhere-handover/src/main.rs:2492)
19.387688 [INFO ] [BENCH] round=1 frame=110 step=2345 draw=2434 period=33318 full=false repaint=72 changed=72 (octowhere octowhere-handover/src/main.rs:2492)
19.417915 [INFO ] [BENCH] round=1 frame=110 step=826 draw=2714 period=31486 full=false repaint=72 changed=0 (octowhere octowhere-handover/src/main.rs:2492)
19.422386 [INFO ] [BENCH] round=1 frame=111 step=2219 draw=1542 period=4290 full=false repaint=36 changed=36 (octowhere octowhere-handover/src/main.rs:2492)
19.443378 [INFO ] [BENCH] round=1 frame=111 step=368 draw=1861 period=22501 full=false repaint=36 changed=0 (octowhere octowhere-handover/src/main.rs:2492)
19.453110 [INFO ] [BENCH] round=1 frame=112 step=2178 draw=1451 period=8367 full=false repaint=36 changed=36 (octowhere octowhere-handover/src/main.rs:2492)
19.486843 [INFO ] [BENCH] round=1 frame=113 step=2247 draw=1714 period=33362 full=false repaint=36 changed=36 (octowhere octowhere-handover/src/main.rs:2492)
19.520193 [INFO ] [BENCH] round=1 frame=114 step=2315 draw=1661 period=33338 full=false repaint=36 changed=36 (octowhere octowhere-handover/src/main.rs:2492)
19.553614 [INFO ] [BENCH] round=1 frame=115 step=2305 draw=1706 period=33385 full=false repaint=36 changed=36 (octowhere octowhere-handover/src/main.rs:2492)
19.586857 [INFO ] [BENCH] round=1 frame=116 step=2313 draw=1661 period=33280 full=false repaint=36 changed=36 (octowhere octowhere-handover/src/main.rs:2492)
19.620252 [INFO ] [BENCH] round=1 frame=117 step=2301 draw=1722 period=33345 full=false repaint=36 changed=36 (octowhere octowhere-handover/src/main.rs:2492)
19.653522 [INFO ] [BENCH] round=1 frame=118 step=2319 draw=1652 period=33323 full=false repaint=36 changed=36 (octowhere octowhere-handover/src/main.rs:2492)
19.669054 [INFO ] [BENCH] round=1 frame=118 step=793 draw=1892 period=16819 full=false repaint=36 changed=0 (octowhere octowhere-handover/src/main.rs:2492)
19.687423 [INFO ] [BENCH] round=1 frame=119 step=2870 draw=1693 period=16505 full=false repaint=36 changed=36 (octowhere octowhere-handover/src/main.rs:2492)
19.697206 [INFO ] [BENCH] round=1 frame=119 step=368 draw=3354 period=10619 full=false repaint=36 changed=0 (octowhere octowhere-handover/src/main.rs:2492)
19.740192 [INFO ] [BENCH] round=1 frame=120 step=308 draw=23773 period=22657 full=true repaint=217156 changed=217156 (octowhere octowhere-handover/src/main.rs:2492)
19.776246 [INFO ] [BENCH] round=1 frame=121 step=454 draw=26254 period=33409 full=true repaint=217156 changed=217156 (octowhere octowhere-handover/src/main.rs:2492)
19.815269 [INFO ] [BENCH] round=1 frame=122 step=468 draw=22901 period=42370 full=true repaint=217156 changed=217156 (octowhere octowhere-handover/src/main.rs:2492)
19.833508 [INFO ] [BENCH] round=1 frame=123 step=277 draw=17131 period=24213 full=true repaint=217156 changed=217156 (octowhere octowhere-handover/src/main.rs:2492)
19.868918 [INFO ] [BENCH] round=1 frame=124 step=406 draw=19076 period=33367 full=true repaint=217156 changed=217156 (octowhere octowhere-handover/src/main.rs:2492)
19.902242 [INFO ] [BENCH] round=1 frame=125 step=286 draw=19164 period=33342 full=true repaint=217156 changed=217156 (octowhere octowhere-handover/src/main.rs:2492)
19.937580 [INFO ] [BENCH] round=1 frame=126 step=2728 draw=18683 period=33328 full=true repaint=217156 changed=217156 (octowhere octowhere-handover/src/main.rs:2492)
19.960848 [INFO ] [BENCH] round=1 frame=126 step=717 draw=21861 period=22104 full=true repaint=217156 changed=0 (octowhere octowhere-handover/src/main.rs:2492)
19.977649 [INFO ] [BENCH] round=1 frame=127 step=319 draw=16002 period=23137 full=true repaint=217156 changed=217156 (octowhere octowhere-handover/src/main.rs:2492)
20.002512 [INFO ] [BENCH] round=1 frame=128 step=192 draw=19469 period=21473 full=true repaint=217156 changed=217156 (octowhere octowhere-handover/src/main.rs:2492)
20.035980 [INFO ] [BENCH] round=1 frame=129 step=329 draw=19561 period=33261 full=true repaint=217156 changed=217156 (octowhere octowhere-handover/src/main.rs:2492)
20.069431 [INFO ] [BENCH] round=1 frame=130 step=276 draw=19719 period=33331 full=true repaint=217156 changed=217156 (octowhere octowhere-handover/src/main.rs:2492)
20.102959 [INFO ] [BENCH] round=1 frame=131 step=370 draw=19808 period=33358 full=true repaint=217156 changed=217156 (octowhere octowhere-handover/src/main.rs:2492)
20.136366 [INFO ] [BENCH] round=1 frame=132 step=307 draw=19951 period=33311 full=true repaint=217156 changed=217156 (octowhere octowhere-handover/src/main.rs:2492)
20.181725 [INFO ] [BENCH] round=1 frame=133 step=358 draw=31907 period=33345 full=true repaint=217156 changed=217156 (octowhere octowhere-handover/src/main.rs:2492)
20.213033 [INFO ] [BENCH] round=1 frame=133 step=764 draw=29947 period=32828 full=true repaint=217156 changed=0 (octowhere octowhere-handover/src/main.rs:2492)
20.239869 [INFO ] [BENCH] round=1 frame=134 step=307 draw=26043 period=31285 full=true repaint=217156 changed=217156 (octowhere octowhere-handover/src/main.rs:2492)
20.267054 [INFO ] [BENCH] round=1 frame=135 step=114 draw=26640 period=26734 full=true repaint=217156 changed=217156 (octowhere octowhere-handover/src/main.rs:2492)
20.294994 [INFO ] [BENCH] round=1 frame=136 step=259 draw=27225 period=27207 full=true repaint=217156 changed=217156 (octowhere octowhere-handover/src/main.rs:2492)
20.324178 [INFO ] [BENCH] round=1 frame=137 step=252 draw=28494 period=27947 full=true repaint=217156 changed=217156 (octowhere octowhere-handover/src/main.rs:2492)
20.333909 [INFO ] [BENCH] round=1 frame=138 step=245 draw=9004 period=29185 full=true repaint=217156 changed=217156 (octowhere octowhere-handover/src/main.rs:2492)
20.371664 [INFO ] [BENCH] round=1 frame=1022 step=1815 draw=20357 period=24787 full=true repaint=217156 changed=217156 (octowhere octowhere-handover/src/main.rs:2492)
20.400003 [INFO ] [BENCH] round=1 frame=1050 step=7748 draw=19660 period=23068 full=true repaint=217156 changed=15876 (octowhere octowhere-handover/src/main.rs:2492)
20.416167 [INFO ] [BENCH] round=1 frame=1066 step=7981 draw=7208 period=28357 full=false repaint=16668 changed=16344 (octowhere octowhere-handover/src/main.rs:2492)
20.441209 [INFO ] [BENCH] round=1 frame=1091 step=10588 draw=10790 period=18845 full=false repaint=34220 changed=33428 (octowhere octowhere-handover/src/main.rs:2492)
20.466703 [INFO ] [BENCH] round=1 frame=1117 step=12389 draw=12276 period=22207 full=false repaint=37324 changed=19772 (octowhere octowhere-handover/src/main.rs:2492)
20.489683 [INFO ] [BENCH] round=1 frame=1140 step=9250 draw=12807 period=25582 full=false repaint=26272 changed=22992 (octowhere octowhere-handover/src/main.rs:2492)
20.512578 [INFO ] [BENCH] round=1 frame=1163 step=9105 draw=12841 period=23017 full=false repaint=24488 changed=5892 (octowhere octowhere-handover/src/main.rs:2492)
20.525403 [INFO ] [BENCH] round=1 frame=1175 step=3656 draw=8289 period=22859 full=false repaint=13772 changed=12276 (octowhere octowhere-handover/src/main.rs:2492)
20.536845 [INFO ] [BENCH] round=1 frame=1187 step=3291 draw=7165 period=12862 full=false repaint=12276 changed=10232 (octowhere octowhere-handover/src/main.rs:2492)
20.546306 [INFO ] [BENCH] round=1 frame=1196 step=3029 draw=5392 period=11586 full=false repaint=10232 changed=7880 (octowhere octowhere-handover/src/main.rs:2492)
20.559766 [INFO ] [BENCH] round=1 frame=1210 step=2965 draw=3427 period=15502 full=false repaint=7880 changed=7880 (octowhere octowhere-handover/src/main.rs:2492)
20.576416 [INFO ] [BENCH] round=1 frame=1226 step=2897 draw=3701 period=16439 full=false repaint=7880 changed=7880 (octowhere octowhere-handover/src/main.rs:2492)
20.593497 [INFO ] [BENCH] round=1 frame=1244 step=2871 draw=4081 period=16725 full=false repaint=7880 changed=7880 (octowhere octowhere-handover/src/main.rs:2492)
20.616346 [INFO ] [BENCH] round=1 frame=1266 step=8347 draw=4803 period=16651 full=false repaint=11324 changed=11324 (octowhere octowhere-handover/src/main.rs:2492)
20.629798 [INFO ] [BENCH] round=1 frame=1280 step=2959 draw=6668 period=16961 full=false repaint=15500 changed=12056 (octowhere octowhere-handover/src/main.rs:2492)
20.652819 [INFO ] [BENCH] round=1 frame=1303 step=8500 draw=6988 period=17091 full=false repaint=15488 changed=11312 (octowhere octowhere-handover/src/main.rs:2492)
20.664676 [INFO ] [BENCH] round=1 frame=1315 step=3019 draw=7095 period=17302 full=false repaint=15488 changed=12056 (octowhere octowhere-handover/src/main.rs:2492)
20.684610 [INFO ] [BENCH] round=1 frame=1335 step=5531 draw=8247 period=16287 full=false repaint=15488 changed=11312 (octowhere octowhere-handover/src/main.rs:2492)
20.699461 [INFO ] [BENCH] round=1 frame=1349 step=3303 draw=8560 period=16751 full=false repaint=15488 changed=12056 (octowhere octowhere-handover/src/main.rs:2492)
20.716915 [INFO ] [BENCH] round=1 frame=1367 step=3672 draw=7949 period=17697 full=false repaint=15488 changed=11312 (octowhere octowhere-handover/src/main.rs:2492)
20.732983 [INFO ] [BENCH] round=1 frame=1383 step=3719 draw=7510 period=16458 full=false repaint=15488 changed=4176 (octowhere octowhere-handover/src/main.rs:2492)
20.743330 [INFO ] [BENCH] round=1 frame=1393 step=2961 draw=2325 period=16303 full=false repaint=7608 changed=3432 (octowhere octowhere-handover/src/main.rs:2492)
20.766483 [INFO ] [BENCH] round=1 frame=1416 step=9419 draw=2979 period=16019 full=false repaint=7680 changed=4248 (octowhere octowhere-handover/src/main.rs:2492)
20.777188 [INFO ] [BENCH] round=1 frame=1427 step=3487 draw=2916 period=16711 full=false repaint=7680 changed=3432 (octowhere octowhere-handover/src/main.rs:2492)
20.792936 [INFO ] [BENCH] round=1 frame=1443 step=2881 draw=2274 period=17006 full=false repaint=7608 changed=4176 (octowhere octowhere-handover/src/main.rs:2492)
20.809380 [INFO ] [BENCH] round=1 frame=1459 step=2857 draw=2315 period=16430 full=false repaint=7608 changed=3432 (octowhere octowhere-handover/src/main.rs:2492)
20.826380 [INFO ] [BENCH] round=1 frame=1476 step=2842 draw=2304 period=17023 full=false repaint=7608 changed=4176 (octowhere octowhere-handover/src/main.rs:2492)
20.842863 [INFO ] [BENCH] round=1 frame=1493 step=2848 draw=2313 period=16471 full=false repaint=7608 changed=3432 (octowhere octowhere-handover/src/main.rs:2492)
20.859950 [INFO ] [BENCH] round=1 frame=1510 step=2842 draw=2313 period=17090 full=false repaint=7608 changed=4176 (octowhere octowhere-handover/src/main.rs:2492)
20.881819 [INFO ] [BENCH] round=1 frame=1532 step=8350 draw=2206 period=16473 full=false repaint=7608 changed=3432 (octowhere octowhere-handover/src/main.rs:2492)
20.893540 [INFO ] [BENCH] round=1 frame=1544 step=2855 draw=2330 period=17086 full=false repaint=7608 changed=4176 (octowhere octowhere-handover/src/main.rs:2492)
20.910021 [INFO ] [BENCH] round=1 frame=1560 step=2850 draw=2333 period=16485 full=false repaint=7608 changed=3432 (octowhere octowhere-handover/src/main.rs:2492)
20.929451 [INFO ] [BENCH] round=1 frame=1579 step=4971 draw=2555 period=17095 full=false repaint=7608 changed=4176 (octowhere octowhere-handover/src/main.rs:2492)
20.943954 [INFO ] [BENCH] round=1 frame=1594 step=3132 draw=2385 period=16504 full=false repaint=7608 changed=3432 (octowhere octowhere-handover/src/main.rs:2492)
20.969148 [INFO ] [BENCH] round=1 frame=1619 step=8521 draw=2972 period=19193 full=false repaint=7644 changed=7644 (octowhere octowhere-handover/src/main.rs:2492)
20.978040 [INFO ] [BENCH] round=1 frame=1628 step=2766 draw=3060 period=14564 full=false repaint=7644 changed=0 (octowhere octowhere-handover/src/main.rs:2492)
20.993936 [INFO ] [BENCH] round=1 frame=1644 step=2845 draw=1721 period=17183 full=false repaint=4176 changed=4176 (octowhere octowhere-handover/src/main.rs:2492)
20.999223 [INFO ] [BENCH] round=1 frame=1649 step=2689 draw=1730 period=5433 full=false repaint=4176 changed=0 (octowhere octowhere-handover/src/main.rs:2492)
21.013920 [INFO ] [BENCH] round=1 frame=1664 step=2057 draw=1707 period=734 full=false repaint=4176 changed=4176 (octowhere octowhere-handover/src/main.rs:2492)
21.017717 [INFO ] [BENCH] round=1 frame=1668 step=1207 draw=1729 period=4616 full=false repaint=4176 changed=0 (octowhere octowhere-handover/src/main.rs:2492)
21.047801 [INFO ] [BENCH] round=1 frame=1698 step=2783 draw=1866 period=8176 full=false repaint=4176 changed=4176 (octowhere octowhere-handover/src/main.rs:2492)
21.051759 [INFO ] [BENCH] round=1 frame=1702 step=1202 draw=1899 period=5508 full=false repaint=4176 changed=0 (octowhere octowhere-handover/src/main.rs:2492)
21.080104 [INFO ] [BENCH] round=1 frame=1730 step=2059 draw=1856 period=744 full=false repaint=4176 changed=4176 (octowhere octowhere-handover/src/main.rs:2492)
21.084063 [INFO ] [BENCH] round=1 frame=1734 step=1211 draw=1883 period=4770 full=false repaint=4176 changed=0 (octowhere octowhere-handover/src/main.rs:2492)
21.114065 [INFO ] [BENCH] round=1 frame=1764 step=2033 draw=1948 period=728 full=false repaint=4176 changed=4176 (octowhere octowhere-handover/src/main.rs:2492)
21.125372 [INFO ] [BENCH] round=1 frame=1775 step=8506 draw=1956 period=4831 full=false repaint=4176 changed=0 (octowhere octowhere-handover/src/main.rs:2492)
21.147509 [INFO ] [BENCH] round=1 frame=1798 step=2068 draw=2077 period=744 full=false repaint=4176 changed=4176 (octowhere octowhere-handover/src/main.rs:2492)
21.151703 [INFO ] [BENCH] round=1 frame=1802 step=1190 draw=2133 period=5010 full=false repaint=4176 changed=0 (octowhere octowhere-handover/src/main.rs:2492)
21.247561 [INFO ] [BENCH] round=1 frame=1898 step=2076 draw=2132 period=621 full=false repaint=4176 changed=4176 (octowhere octowhere-handover/src/main.rs:2492)
21.251779 [INFO ] [BENCH] round=1 frame=1902 step=1211 draw=2147 period=5067 full=false repaint=4176 changed=0 (octowhere octowhere-handover/src/main.rs:2492)
21.270342 [INFO ] [BENCH] round=1 frame=1920 step=7600 draw=812 period=767 full=false repaint=72 changed=72 (octowhere octowhere-handover/src/main.rs:2492)
21.274001 [INFO ] [BENCH] round=1 frame=1924 step=1182 draw=1576 period=9240 full=false repaint=72 changed=0 (octowhere octowhere-handover/src/main.rs:2492)
21.281128 [INFO ] [BENCH] round=1 frame=1931 step=2141 draw=2163 period=744 full=false repaint=4176 changed=4176 (octowhere octowhere-handover/src/main.rs:2492)
21.285424 [INFO ] [BENCH] round=1 frame=1935 step=1212 draw=2221 period=5165 full=false repaint=4176 changed=0 (octowhere octowhere-handover/src/main.rs:2492)
21.314029 [INFO ] [BENCH] round=1 frame=1964 step=2043 draw=2117 period=723 full=false repaint=4176 changed=4176 (octowhere octowhere-handover/src/main.rs:2492)
21.318255 [INFO ] [BENCH] round=1 frame=1968 step=1219 draw=2146 period=5013 full=false repaint=4176 changed=0 (octowhere octowhere-handover/src/main.rs:2492)
21.339357 [INFO ] [BENCH] round=1 frame=1989 step=7638 draw=718 period=702 full=false repaint=36 changed=36 (octowhere octowhere-handover/src/main.rs:2492)
21.342258 [INFO ] [BENCH] round=1 frame=1992 step=1192 draw=880 period=9184 full=false repaint=36 changed=0 (octowhere octowhere-handover/src/main.rs:2492)
21.404812 [INFO ] [BENCH] round=1 frame=2055 step=7636 draw=722 period=659 full=false repaint=36 changed=36 (octowhere octowhere-handover/src/main.rs:2492)
21.408486 [INFO ] [BENCH] round=1 frame=2059 step=1190 draw=1667 period=9182 full=false repaint=36 changed=0 (octowhere octowhere-handover/src/main.rs:2492)
21.436005 [INFO ] [BENCH] round=1 frame=2086 step=2958 draw=1517 period=3241 full=false repaint=616 changed=616 (octowhere octowhere-handover/src/main.rs:2492)
21.439704 [INFO ] [BENCH] round=1 frame=2090 step=1231 draw=1601 period=5344 full=false repaint=616 changed=0 (octowhere octowhere-handover/src/main.rs:2492)
21.819595 [INFO ] [BENCH] round=1 frame=2470 step=7608 draw=701 period=785 full=false repaint=36 changed=36 (octowhere octowhere-handover/src/main.rs:2492)
21.822482 [INFO ] [BENCH] round=1 frame=2473 step=1187 draw=868 period=9138 full=false repaint=36 changed=0 (octowhere octowhere-handover/src/main.rs:2492)
21.981219 [INFO ] [BENCH] round=1 frame=2631 step=7506 draw=727 period=720 full=false repaint=36 changed=36 (octowhere octowhere-handover/src/main.rs:2492)
21.984122 [INFO ] [BENCH] round=1 frame=2634 step=1197 draw=868 period=9066 full=false repaint=36 changed=0 (octowhere octowhere-handover/src/main.rs:2492)
22.085669 [INFO ] [BENCH] round=1 frame=2736 step=7524 draw=714 period=747 full=false repaint=36 changed=36 (octowhere octowhere-handover/src/main.rs:2492)
22.088559 [INFO ] [BENCH] round=1 frame=2739 step=1179 draw=876 period=9070 full=false repaint=36 changed=0 (octowhere octowhere-handover/src/main.rs:2492)
22.340066 [INFO ] [BENCH] round=1 frame=2990 step=7581 draw=724 period=792 full=false repaint=36 changed=36 (octowhere octowhere-handover/src/main.rs:2492)
22.342936 [INFO ] [BENCH] round=1 frame=2993 step=1187 draw=859 period=9126 full=false repaint=36 changed=0 (octowhere octowhere-handover/src/main.rs:2492)
26.349917 [INFO ] [BENCH] round=2 charging=false (octowhere octowhere-handover/src/main.rs:2368)
26.353646 [INFO ] [BENCH] round=2 frame=0 step=211 draw=3290 period=970 full=false repaint=1820 changed=1820 (octowhere octowhere-handover/src/main.rs:2492)
26.397880 [INFO ] [BENCH] round=2 frame=1 step=321 draw=14075 period=33317 full=true repaint=217156 changed=217156 (octowhere octowhere-handover/src/main.rs:2492)
26.433790 [INFO ] [BENCH] round=2 frame=2 step=463 draw=16524 period=33320 full=true repaint=217156 changed=217156 (octowhere octowhere-handover/src/main.rs:2492)
26.467042 [INFO ] [BENCH] round=2 frame=3 step=495 draw=16384 period=33354 full=true repaint=217156 changed=217156 (octowhere octowhere-handover/src/main.rs:2492)
26.490405 [INFO ] [BENCH] round=2 frame=3 step=950 draw=19219 period=20057 full=true repaint=217156 changed=0 (octowhere octowhere-handover/src/main.rs:2492)
26.506437 [INFO ] [BENCH] round=2 frame=4 step=339 draw=15050 period=20840 full=true repaint=217156 changed=217156 (octowhere octowhere-handover/src/main.rs:2492)
26.528998 [INFO ] [BENCH] round=2 frame=4 step=557 draw=16499 period=20872 full=true repaint=217156 changed=0 (octowhere octowhere-handover/src/main.rs:2492)
26.546273 [INFO ] [BENCH] round=2 frame=5 step=278 draw=16446 period=17648 full=true repaint=217156 changed=217156 (octowhere octowhere-handover/src/main.rs:2492)
26.568435 [INFO ] [BENCH] round=2 frame=6 step=320 draw=17961 period=20550 full=true repaint=217156 changed=217156 (octowhere octowhere-handover/src/main.rs:2492)
26.606009 [INFO ] [BENCH] round=2 frame=7 step=534 draw=22001 period=33337 full=true repaint=217156 changed=217156 (octowhere octowhere-handover/src/main.rs:2492)
26.635304 [INFO ] [BENCH] round=2 frame=8 step=528 draw=17932 period=33370 full=true repaint=217156 changed=217156 (octowhere octowhere-handover/src/main.rs:2492)
26.669277 [INFO ] [BENCH] round=2 frame=9 step=531 draw=18557 period=33347 full=true repaint=217156 changed=217156 (octowhere octowhere-handover/src/main.rs:2492)
26.709754 [INFO ] [BENCH] round=2 frame=10 step=571 draw=25613 period=33372 full=true repaint=217156 changed=217156 (octowhere octowhere-handover/src/main.rs:2492)
26.741883 [INFO ] [BENCH] round=2 frame=11 step=447 draw=24639 period=33236 full=true repaint=217156 changed=217156 (octowhere octowhere-handover/src/main.rs:2492)
26.765764 [INFO ] [BENCH] round=2 frame=11 step=1461 draw=21645 period=25837 full=true repaint=217156 changed=0 (octowhere octowhere-handover/src/main.rs:2492)
26.792072 [INFO ] [BENCH] round=2 frame=12 step=352 draw=25298 period=23787 full=true repaint=217156 changed=217156 (octowhere octowhere-handover/src/main.rs:2492)
26.812286 [INFO ] [BENCH] round=2 frame=13 step=664 draw=18665 period=26537 full=true repaint=217156 changed=217156 (octowhere octowhere-handover/src/main.rs:2492)
26.830985 [INFO ] [BENCH] round=2 frame=14 step=388 draw=13793 period=23879 full=true repaint=217156 changed=217156 (octowhere octowhere-handover/src/main.rs:2492)
26.865133 [INFO ] [BENCH] round=2 frame=15 step=373 draw=14695 period=33262 full=true repaint=217156 changed=217156 (octowhere octowhere-handover/src/main.rs:2492)
26.898739 [INFO ] [BENCH] round=2 frame=16 step=390 draw=14896 period=33393 full=true repaint=217156 changed=217156 (octowhere octowhere-handover/src/main.rs:2492)
26.932534 [INFO ] [BENCH] round=2 frame=17 step=418 draw=15373 period=33294 full=true repaint=217156 changed=217156 (octowhere octowhere-handover/src/main.rs:2492)
26.965893 [INFO ] [BENCH] round=2 frame=18 step=364 draw=15402 period=33375 full=true repaint=217156 changed=217156 (octowhere octowhere-handover/src/main.rs:2492)
26.993153 [INFO ] [BENCH] round=2 frame=18 step=851 draw=18246 period=23888 full=true repaint=217156 changed=0 (octowhere octowhere-handover/src/main.rs:2492)
27.007730 [INFO ] [BENCH] round=2 frame=19 step=319 draw=13697 period=19735 full=true repaint=217156 changed=217156 (octowhere octowhere-handover/src/main.rs:2492)
27.034245 [INFO ] [BENCH] round=2 frame=20 step=550 draw=16675 period=23240 full=true repaint=217156 changed=217156 (octowhere octowhere-handover/src/main.rs:2492)
27.067817 [INFO ] [BENCH] round=2 frame=21 step=474 draw=17154 period=33193 full=true repaint=217156 changed=217156 (octowhere octowhere-handover/src/main.rs:2492)
27.102343 [INFO ] [BENCH] round=2 frame=22 step=502 draw=18330 period=33315 full=true repaint=217156 changed=217156 (octowhere octowhere-handover/src/main.rs:2492)
27.136116 [INFO ] [BENCH] round=2 frame=23 step=545 draw=18717 period=33334 full=true repaint=217156 changed=217156 (octowhere octowhere-handover/src/main.rs:2492)
27.170073 [INFO ] [BENCH] round=2 frame=24 step=551 draw=19341 period=33324 full=true repaint=217156 changed=217156 (octowhere octowhere-handover/src/main.rs:2492)
27.205977 [INFO ] [BENCH] round=2 frame=25 step=549 draw=21917 period=33321 full=true repaint=217156 changed=217156 (octowhere octowhere-handover/src/main.rs:2492)
27.241553 [INFO ] [BENCH] round=2 frame=26 step=609 draw=24070 period=33347 full=true repaint=217156 changed=217156 (octowhere octowhere-handover/src/main.rs:2492)
27.270473 [INFO ] [BENCH] round=2 frame=26 step=895 draw=27208 period=25504 full=true repaint=217156 changed=0 (octowhere octowhere-handover/src/main.rs:2492)
27.291676 [INFO ] [BENCH] round=2 frame=27 step=399 draw=20155 period=28773 full=true repaint=217156 changed=217156 (octowhere octowhere-handover/src/main.rs:2492)
27.317297 [INFO ] [BENCH] round=2 frame=28 step=407 draw=24353 period=21401 full=true repaint=217156 changed=217156 (octowhere octowhere-handover/src/main.rs:2492)
27.341344 [INFO ] [BENCH] round=2 frame=29 step=455 draw=22665 period=25667 full=true repaint=217156 changed=217156 (octowhere octowhere-handover/src/main.rs:2492)
27.374490 [INFO ] [BENCH] round=2 frame=30 step=617 draw=23735 period=31932 full=true repaint=217156 changed=217156 (octowhere octowhere-handover/src/main.rs:2492)
27.408101 [INFO ] [BENCH] round=2 frame=31 step=612 draw=23955 period=33392 full=true repaint=217156 changed=217156 (octowhere octowhere-handover/src/main.rs:2492)
27.441439 [INFO ] [BENCH] round=2 frame=32 step=603 draw=23976 period=33325 full=true repaint=217156 changed=217156 (octowhere octowhere-handover/src/main.rs:2492)
27.474991 [INFO ] [BENCH] round=2 frame=33 step=594 draw=24166 period=33372 full=true repaint=217156 changed=217156 (octowhere octowhere-handover/src/main.rs:2492)
27.504850 [INFO ] [BENCH] round=2 frame=33 step=886 draw=25465 period=28245 full=true repaint=217156 changed=0 (octowhere octowhere-handover/src/main.rs:2492)
27.529752 [INFO ] [BENCH] round=2 frame=34 step=392 draw=23735 period=27153 full=true repaint=217156 changed=217156 (octowhere octowhere-handover/src/main.rs:2492)
27.556842 [INFO ] [BENCH] round=2 frame=35 step=531 draw=25731 period=24963 full=true repaint=217156 changed=217156 (octowhere octowhere-handover/src/main.rs:2492)
27.582321 [INFO ] [BENCH] round=2 frame=36 step=472 draw=24050 period=27211 full=true repaint=217156 changed=217156 (octowhere octowhere-handover/src/main.rs:2492)
27.606028 [INFO ] [BENCH] round=2 frame=37 step=462 draw=22049 period=25669 full=true repaint=217156 changed=217156 (octowhere octowhere-handover/src/main.rs:2492)
27.642302 [INFO ] [BENCH] round=2 frame=38 step=635 draw=24836 period=33364 full=true repaint=217156 changed=217156 (octowhere octowhere-handover/src/main.rs:2492)
27.676938 [INFO ] [BENCH] round=2 frame=39 step=736 draw=25986 period=33386 full=true repaint=217156 changed=217156 (octowhere octowhere-handover/src/main.rs:2492)
27.711752 [INFO ] [BENCH] round=2 frame=40 step=767 draw=27430 period=33343 full=true repaint=217156 changed=217156 (octowhere octowhere-handover/src/main.rs:2492)
27.745928 [INFO ] [BENCH] round=2 frame=41 step=935 draw=28136 period=33296 full=true repaint=217156 changed=217156 (octowhere octowhere-handover/src/main.rs:2492)
27.777689 [INFO ] [BENCH] round=2 frame=41 step=911 draw=30033 period=29880 full=true repaint=217156 changed=0 (octowhere octowhere-handover/src/main.rs:2492)
27.812689 [INFO ] [BENCH] round=2 frame=42 step=397 draw=33918 period=31637 full=true repaint=217156 changed=217156 (octowhere octowhere-handover/src/main.rs:2492)
27.840013 [INFO ] [BENCH] round=2 frame=43 step=453 draw=25902 period=35283 full=true repaint=217156 changed=217156 (octowhere octowhere-handover/src/main.rs:2492)
27.864734 [INFO ] [BENCH] round=2 frame=44 step=455 draw=23360 period=27267 full=true repaint=217156 changed=217156 (octowhere octowhere-handover/src/main.rs:2492)
27.890812 [INFO ] [BENCH] round=2 frame=45 step=452 draw=24752 period=24680 full=true repaint=217156 changed=217156 (octowhere octowhere-handover/src/main.rs:2492)
27.915440 [INFO ] [BENCH] round=2 frame=46 step=454 draw=23229 period=26162 full=true repaint=217156 changed=217156 (octowhere octowhere-handover/src/main.rs:2492)
27.942352 [INFO ] [BENCH] round=2 frame=47 step=449 draw=25093 period=25037 full=true repaint=217156 changed=217156 (octowhere octowhere-handover/src/main.rs:2492)
27.976227 [INFO ] [BENCH] round=2 frame=48 step=457 draw=25585 period=33377 full=true repaint=217156 changed=217156 (octowhere octowhere-handover/src/main.rs:2492)
28.008686 [INFO ] [BENCH] round=2 frame=48 step=894 draw=25421 period=32170 full=true repaint=217156 changed=0 (octowhere octowhere-handover/src/main.rs:2492)
28.033476 [INFO ] [BENCH] round=2 frame=49 step=403 draw=23593 period=27121 full=true repaint=217156 changed=217156 (octowhere octowhere-handover/src/main.rs:2492)
28.060468 [INFO ] [BENCH] round=2 frame=50 step=531 draw=25628 period=24846 full=true repaint=217156 changed=217156 (octowhere octowhere-handover/src/main.rs:2492)
28.083305 [INFO ] [BENCH] round=2 frame=51 step=470 draw=21347 period=27097 full=true repaint=217156 changed=217156 (octowhere octowhere-handover/src/main.rs:2492)
28.106570 [INFO ] [BENCH] round=2 frame=52 step=465 draw=21926 period=22763 full=true repaint=217156 changed=217156 (octowhere octowhere-handover/src/main.rs:2492)
28.142404 [INFO ] [BENCH] round=2 frame=53 step=462 draw=25086 period=32666 full=true repaint=217156 changed=217156 (octowhere octowhere-handover/src/main.rs:2492)
28.175659 [INFO ] [BENCH] round=2 frame=54 step=465 draw=25016 period=33335 full=true repaint=217156 changed=217156 (octowhere octowhere-handover/src/main.rs:2492)
28.208981 [INFO ] [BENCH] round=2 frame=55 step=466 draw=24993 period=33331 full=true repaint=217156 changed=217156 (octowhere octowhere-handover/src/main.rs:2492)
28.245162 [INFO ] [BENCH] round=2 frame=56 step=465 draw=27858 period=33331 full=true repaint=217156 changed=217156 (octowhere octowhere-handover/src/main.rs:2492)
28.271714 [INFO ] [BENCH] round=2 frame=56 step=906 draw=24808 period=29138 full=true repaint=217156 changed=0 (octowhere octowhere-handover/src/main.rs:2492)
28.296932 [INFO ] [BENCH] round=2 frame=57 step=400 draw=24042 period=26501 full=true repaint=217156 changed=217156 (octowhere octowhere-handover/src/main.rs:2492)
28.322389 [INFO ] [BENCH] round=2 frame=58 step=510 draw=24128 period=25275 full=true repaint=217156 changed=217156 (octowhere octowhere-handover/src/main.rs:2492)
28.345999 [INFO ] [BENCH] round=2 frame=59 step=446 draw=22177 period=25565 full=true repaint=217156 changed=217156 (octowhere octowhere-handover/src/main.rs:2492)
28.377323 [INFO ] [BENCH] round=2 frame=60 step=448 draw=25023 period=28531 full=true repaint=217156 changed=217156 (octowhere octowhere-handover/src/main.rs:2492)
28.408494 [INFO ] [BENCH] round=2 frame=61 step=456 draw=24572 period=31616 full=true repaint=217156 changed=217156 (octowhere octowhere-handover/src/main.rs:2492)
28.441803 [INFO ] [BENCH] round=2 frame=62 step=454 draw=24506 period=33376 full=true repaint=217156 changed=217156 (octowhere octowhere-handover/src/main.rs:2492)
28.475678 [INFO ] [BENCH] round=2 frame=63 step=453 draw=25046 period=33333 full=true repaint=217156 changed=217156 (octowhere octowhere-handover/src/main.rs:2492)
28.511391 [INFO ] [BENCH] round=2 frame=64 step=460 draw=27425 period=33332 full=true repaint=217156 changed=217156 (octowhere octowhere-handover/src/main.rs:2492)
28.539380 [INFO ] [BENCH] round=2 frame=64 step=893 draw=26277 period=28689 full=true repaint=217156 changed=0 (octowhere octowhere-handover/src/main.rs:2492)
28.560696 [INFO ] [BENCH] round=2 frame=65 step=405 draw=20310 period=27798 full=true repaint=217156 changed=217156 (octowhere octowhere-handover/src/main.rs:2492)
28.584524 [INFO ] [BENCH] round=2 frame=66 step=422 draw=22521 period=21544 full=true repaint=217156 changed=217156 (octowhere octowhere-handover/src/main.rs:2492)
28.612122 [INFO ] [BENCH] round=2 frame=67 step=481 draw=24722 period=25378 full=true repaint=217156 changed=217156 (octowhere octowhere-handover/src/main.rs:2492)
28.645854 [INFO ] [BENCH] round=2 frame=68 step=3968 draw=25045 period=29888 full=true repaint=217156 changed=216 (octowhere octowhere-handover/src/main.rs:2492)
28.655393 [INFO ] [BENCH] round=2 frame=69 step=2368 draw=2829 period=33369 full=false repaint=216 changed=36 (octowhere octowhere-handover/src/main.rs:2492)
28.689200 [INFO ] [BENCH] round=2 frame=70 step=3098 draw=2561 period=33317 full=false repaint=72 changed=72 (octowhere octowhere-handover/src/main.rs:2492)
28.722566 [INFO ] [BENCH] round=2 frame=71 step=2450 draw=3242 period=33352 full=false repaint=108 changed=72 (octowhere octowhere-handover/src/main.rs:2492)
28.742042 [INFO ] [BENCH] round=2 frame=71 step=848 draw=2594 period=21732 full=false repaint=72 changed=0 (octowhere octowhere-handover/src/main.rs:2492)
28.754614 [INFO ] [BENCH] round=2 frame=72 step=2737 draw=1711 period=11592 full=false repaint=36 changed=36 (octowhere octowhere-handover/src/main.rs:2492)
28.792771 [INFO ] [BENCH] round=2 frame=73 step=2362 draw=2657 period=37530 full=false repaint=108 changed=108 (octowhere octowhere-handover/src/main.rs:2492)
28.821928 [INFO ] [BENCH] round=2 frame=74 step=2431 draw=2610 period=29158 full=false repaint=108 changed=36 (octowhere octowhere-handover/src/main.rs:2492)
28.855189 [INFO ] [BENCH] round=2 frame=75 step=2408 draw=2535 period=33343 full=false repaint=108 changed=108 (octowhere octowhere-handover/src/main.rs:2492)
28.888514 [INFO ] [BENCH] round=2 frame=76 step=2423 draw=2531 period=33334 full=false repaint=108 changed=36 (octowhere octowhere-handover/src/main.rs:2492)
28.921854 [INFO ] [BENCH] round=2 frame=77 step=2400 draw=2544 period=33330 full=false repaint=108 changed=108 (octowhere octowhere-handover/src/main.rs:2492)
28.955197 [INFO ] [BENCH] round=2 frame=78 step=2420 draw=2541 period=33342 full=false repaint=108 changed=36 (octowhere octowhere-handover/src/main.rs:2492)
28.990729 [INFO ] [BENCH] round=2 frame=79 step=2418 draw=4740 period=33325 full=false repaint=144 changed=144 (octowhere octowhere-handover/src/main.rs:2492)
28.995687 [INFO ] [BENCH] round=2 frame=79 step=798 draw=3421 period=7925 full=false repaint=144 changed=0 (octowhere octowhere-handover/src/main.rs:2492)
29.021676 [INFO ] [BENCH] round=2 frame=80 step=2291 draw=2517 period=25382 full=false repaint=144 changed=144 (octowhere octowhere-handover/src/main.rs:2492)
29.043354 [INFO ] [BENCH] round=2 frame=80 step=408 draw=2783 period=23299 full=false repaint=144 changed=0 (octowhere octowhere-handover/src/main.rs:2492)
29.053831 [INFO ] [BENCH] round=2 frame=81 step=2207 draw=1496 period=10018 full=false repaint=36 changed=36 (octowhere octowhere-handover/src/main.rs:2492)
29.087530 [INFO ] [BENCH] round=2 frame=82 step=2296 draw=1698 period=33375 full=false repaint=36 changed=36 (octowhere octowhere-handover/src/main.rs:2492)
29.121667 [INFO ] [BENCH] round=2 frame=83 step=2352 draw=2393 period=33351 full=false repaint=72 changed=72 (octowhere octowhere-handover/src/main.rs:2492)
29.155021 [INFO ] [BENCH] round=2 frame=84 step=2375 draw=2427 period=33314 full=false repaint=72 changed=36 (octowhere octowhere-handover/src/main.rs:2492)
29.188326 [INFO ] [BENCH] round=2 frame=85 step=2367 draw=2402 period=33324 full=false repaint=108 changed=108 (octowhere octowhere-handover/src/main.rs:2492)
29.221980 [INFO ] [BENCH] round=2 frame=86 step=2394 draw=2676 period=33344 full=false repaint=216 changed=144 (octowhere octowhere-handover/src/main.rs:2492)
29.246099 [INFO ] [BENCH] round=2 frame=86 step=833 draw=2781 period=25595 full=false repaint=144 changed=0 (octowhere octowhere-handover/src/main.rs:2492)
29.254856 [INFO ] [BENCH] round=2 frame=87 step=2263 draw=2391 period=7710 full=false repaint=108 changed=108 (octowhere octowhere-handover/src/main.rs:2492)
29.288487 [INFO ] [BENCH] round=2 frame=88 step=2349 draw=2590 period=33353 full=false repaint=108 changed=36 (octowhere octowhere-handover/src/main.rs:2492)
29.294743 [INFO ] [BENCH] round=2 frame=88 step=377 draw=1846 period=8997 full=false repaint=36 changed=0 (octowhere octowhere-handover/src/main.rs:2492)
29.320748 [INFO ] [BENCH] round=2 frame=89 step=2322 draw=1646 period=24257 full=false repaint=36 changed=36 (octowhere octowhere-handover/src/main.rs:2492)
29.354887 [INFO ] [BENCH] round=2 frame=90 step=2330 draw=2329 period=33428 full=false repaint=72 changed=72 (octowhere octowhere-handover/src/main.rs:2492)
29.388531 [INFO ] [BENCH] round=2 frame=91 step=2387 draw=2563 period=33329 full=false repaint=108 changed=72 (octowhere octowhere-handover/src/main.rs:2492)
29.421867 [INFO ] [BENCH] round=2 frame=92 step=2404 draw=2555 period=33331 full=false repaint=144 changed=108 (octowhere octowhere-handover/src/main.rs:2492)
29.455298 [INFO ] [BENCH] round=2 frame=93 step=2410 draw=2635 period=33335 full=false repaint=180 changed=108 (octowhere octowhere-handover/src/main.rs:2492)
29.488657 [INFO ] [BENCH] round=2 frame=94 step=2395 draw=2692 period=33332 full=false repaint=180 changed=108 (octowhere octowhere-handover/src/main.rs:2492)
29.498644 [INFO ] [BENCH] round=2 frame=94 step=826 draw=3354 period=10900 full=false repaint=108 changed=0 (octowhere octowhere-handover/src/main.rs:2492)
29.520696 [INFO ] [BENCH] round=2 frame=95 step=2293 draw=1602 period=22387 full=false repaint=36 changed=36 (octowhere octowhere-handover/src/main.rs:2492)
29.547250 [INFO ] [BENCH] round=2 frame=95 step=364 draw=1839 period=28225 full=false repaint=36 changed=0 (octowhere octowhere-handover/src/main.rs:2492)
29.553758 [INFO ] [BENCH] round=2 frame=96 step=2186 draw=1453 period=5110 full=false repaint=36 changed=36 (octowhere octowhere-handover/src/main.rs:2492)
29.588528 [INFO ] [BENCH] round=2 frame=97 step=2310 draw=2653 period=33365 full=false repaint=180 changed=180 (octowhere octowhere-handover/src/main.rs:2492)
29.621967 [INFO ] [BENCH] round=2 frame=98 step=2396 draw=2651 period=33354 full=false repaint=216 changed=72 (octowhere octowhere-handover/src/main.rs:2492)
29.655110 [INFO ] [BENCH] round=2 frame=99 step=2400 draw=2476 period=33319 full=false repaint=108 changed=72 (octowhere octowhere-handover/src/main.rs:2492)
29.689392 [INFO ] [BENCH] round=2 frame=100 step=2711 draw=3123 period=33330 full=false repaint=108 changed=72 (octowhere octowhere-handover/src/main.rs:2492)
29.721842 [INFO ] [BENCH] round=2 frame=101 step=2423 draw=2531 period=33327 full=false repaint=108 changed=72 (octowhere octowhere-handover/src/main.rs:2492)
29.750295 [INFO ] [BENCH] round=2 frame=101 step=847 draw=3321 period=29270 full=false repaint=72 changed=0 (octowhere octowhere-handover/src/main.rs:2492)
29.756435 [INFO ] [BENCH] round=2 frame=102 step=2850 draw=2545 period=4881 full=false repaint=144 changed=144 (octowhere octowhere-handover/src/main.rs:2492)
29.791228 [INFO ] [BENCH] round=2 frame=103 step=2444 draw=2735 period=35001 full=false repaint=216 changed=108 (octowhere octowhere-handover/src/main.rs:2492)
29.801616 [INFO ] [BENCH] round=2 frame=103 step=416 draw=3414 period=11761 full=false repaint=108 changed=0 (octowhere octowhere-handover/src/main.rs:2492)
29.821483 [INFO ] [BENCH] round=2 frame=104 step=2269 draw=2341 period=19083 full=false repaint=72 changed=72 (octowhere octowhere-handover/src/main.rs:2492)
29.855209 [INFO ] [BENCH] round=2 frame=105 step=2351 draw=2639 period=33332 full=false repaint=180 changed=144 (octowhere octowhere-handover/src/main.rs:2492)
29.888544 [INFO ] [BENCH] round=2 frame=106 step=2388 draw=2586 period=33347 full=false repaint=180 changed=72 (octowhere octowhere-handover/src/main.rs:2492)
29.921649 [INFO ] [BENCH] round=2 frame=107 step=2347 draw=2426 period=33332 full=false repaint=72 changed=36 (octowhere octowhere-handover/src/main.rs:2492)
29.954925 [INFO ] [BENCH] round=2 frame=108 step=2348 draw=2350 period=33331 full=false repaint=72 changed=72 (octowhere octowhere-handover/src/main.rs:2492)
29.988265 [INFO ] [BENCH] round=2 frame=109 step=2335 draw=2390 period=33337 full=false repaint=72 changed=36 (octowhere octowhere-handover/src/main.rs:2492)
30.001366 [INFO ] [BENCH] round=2 frame=109 step=800 draw=2388 period=14569 full=false repaint=36 changed=0 (octowhere octowhere-handover/src/main.rs:2492)
30.021579 [INFO ] [BENCH] round=2 frame=110 step=2317 draw=2417 period=18732 full=false repaint=72 changed=72 (octowhere octowhere-handover/src/main.rs:2492)
30.053039 [INFO ] [BENCH] round=2 frame=110 step=429 draw=2621 period=33145 full=false repaint=72 changed=0 (octowhere octowhere-handover/src/main.rs:2492)
30.057412 [INFO ] [BENCH] round=2 frame=111 step=2172 draw=1505 period=3790 full=false repaint=36 changed=36 (octowhere octowhere-handover/src/main.rs:2492)
30.087477 [INFO ] [BENCH] round=2 frame=112 step=2270 draw=1687 period=29758 full=false repaint=36 changed=36 (octowhere octowhere-handover/src/main.rs:2492)
30.120815 [INFO ] [BENCH] round=2 frame=113 step=2306 draw=1652 period=33334 full=false repaint=36 changed=36 (octowhere octowhere-handover/src/main.rs:2492)
30.154197 [INFO ] [BENCH] round=2 frame=114 step=2298 draw=1701 period=33345 full=false repaint=36 changed=36 (octowhere octowhere-handover/src/main.rs:2492)
30.187471 [INFO ] [BENCH] round=2 frame=115 step=2308 draw=1639 period=33322 full=false repaint=36 changed=36 (octowhere octowhere-handover/src/main.rs:2492)
30.220881 [INFO ] [BENCH] round=2 frame=116 step=2303 draw=1710 period=33347 full=false repaint=36 changed=36 (octowhere octowhere-handover/src/main.rs:2492)
30.254655 [INFO ] [BENCH] round=2 frame=117 step=2766 draw=1723 period=33297 full=false repaint=36 changed=36 (octowhere octowhere-handover/src/main.rs:2492)
30.287586 [INFO ] [BENCH] round=2 frame=118 step=2362 draw=1701 period=33355 full=false repaint=36 changed=36 (octowhere octowhere-handover/src/main.rs:2492)
30.305287 [INFO ] [BENCH] round=2 frame=118 step=745 draw=2204 period=18820 full=false repaint=36 changed=0 (octowhere octowhere-handover/src/main.rs:2492)
30.320526 [INFO ] [BENCH] round=2 frame=119 step=2218 draw=1502 period=14491 full=false repaint=36 changed=36 (octowhere octowhere-handover/src/main.rs:2492)
30.373177 [INFO ] [BENCH] round=2 frame=120 step=285 draw=22747 period=33342 full=true repaint=217156 changed=217156 (octowhere octowhere-handover/src/main.rs:2492)
30.409799 [INFO ] [BENCH] round=2 frame=121 step=193 draw=26224 period=33272 full=true repaint=217156 changed=217156 (octowhere octowhere-handover/src/main.rs:2492)
30.443130 [INFO ] [BENCH] round=2 frame=122 step=292 draw=26102 period=33341 full=true repaint=217156 changed=217156 (octowhere octowhere-handover/src/main.rs:2492)
30.470022 [INFO ] [BENCH] round=2 frame=123 step=241 draw=19732 period=33331 full=true repaint=217156 changed=217156 (octowhere octowhere-handover/src/main.rs:2492)
30.505334 [INFO ] [BENCH] round=2 frame=124 step=290 draw=21619 period=33328 full=true repaint=217156 changed=217156 (octowhere octowhere-handover/src/main.rs:2492)
30.523806 [INFO ] [BENCH] round=2 frame=124 step=792 draw=17001 period=22586 full=true repaint=217156 changed=0 (octowhere octowhere-handover/src/main.rs:2492)
30.549599 [INFO ] [BENCH] round=2 frame=125 step=242 draw=16026 period=27373 full=true repaint=217156 changed=217156 (octowhere octowhere-handover/src/main.rs:2492)
30.573041 [INFO ] [BENCH] round=2 frame=126 step=140 draw=22824 period=16695 full=true repaint=217156 changed=217156 (octowhere octowhere-handover/src/main.rs:2492)
30.591015 [INFO ] [BENCH] round=2 frame=126 step=361 draw=16924 period=23682 full=true repaint=217156 changed=0 (octowhere octowhere-handover/src/main.rs:2492)
30.616203 [INFO ] [BENCH] round=2 frame=127 step=169 draw=15881 period=26447 full=true repaint=217156 changed=217156 (octowhere octowhere-handover/src/main.rs:2492)
30.636073 [INFO ] [BENCH] round=2 frame=128 step=137 draw=19206 period=16554 full=true repaint=217156 changed=217156 (octowhere octowhere-handover/src/main.rs:2492)
30.666996 [INFO ] [BENCH] round=2 frame=129 step=257 draw=16675 period=33342 full=true repaint=217156 changed=217156 (octowhere octowhere-handover/src/main.rs:2492)
30.700911 [INFO ] [BENCH] round=2 frame=130 step=353 draw=17056 period=33404 full=true repaint=217156 changed=217156 (octowhere octowhere-handover/src/main.rs:2492)
30.734197 [INFO ] [BENCH] round=2 frame=131 step=435 draw=16913 period=33347 full=true repaint=217156 changed=217156 (octowhere octowhere-handover/src/main.rs:2492)
30.769808 [INFO ] [BENCH] round=2 frame=132 step=795 draw=18855 period=33305 full=true repaint=217156 changed=217156 (octowhere octowhere-handover/src/main.rs:2492)
30.795850 [INFO ] [BENCH] round=2 frame=132 step=789 draw=24555 period=20327 full=true repaint=217156 changed=0 (octowhere octowhere-handover/src/main.rs:2492)
30.825944 [INFO ] [BENCH] round=2 frame=133 step=313 draw=29128 period=26020 full=true repaint=217156 changed=217156 (octowhere octowhere-handover/src/main.rs:2492)
30.854202 [INFO ] [BENCH] round=2 frame=134 step=362 draw=27228 period=30143 full=true repaint=217156 changed=217156 (octowhere octowhere-handover/src/main.rs:2492)
30.884700 [INFO ] [BENCH] round=2 frame=135 step=268 draw=29621 period=28185 full=true repaint=217156 changed=217156 (octowhere octowhere-handover/src/main.rs:2492)
30.914192 [INFO ] [BENCH] round=2 frame=136 step=258 draw=28719 period=30419 full=true repaint=217156 changed=217156 (octowhere octowhere-handover/src/main.rs:2492)
30.944763 [INFO ] [BENCH] round=2 frame=137 step=251 draw=27774 period=31513 full=true repaint=217156 changed=217156 (octowhere octowhere-handover/src/main.rs:2492)
30.960090 [INFO ] [BENCH] round=2 frame=138 step=255 draw=9766 period=33335 full=true repaint=217156 changed=217156 (octowhere octowhere-handover/src/main.rs:2492)
31.002486 [INFO ] [BENCH] round=2 frame=1019 step=1874 draw=17141 period=33336 full=true repaint=217156 changed=217156 (octowhere octowhere-handover/src/main.rs:2492)
31.032424 [INFO ] [BENCH] round=2 frame=1048 step=10827 draw=18082 period=20011 full=true repaint=217156 changed=15840 (octowhere octowhere-handover/src/main.rs:2492)
31.049975 [INFO ] [BENCH] round=2 frame=1066 step=8513 draw=8220 period=29696 full=false repaint=16524 changed=16236 (octowhere octowhere-handover/src/main.rs:2492)
31.073013 [INFO ] [BENCH] round=2 frame=1089 step=11708 draw=10326 period=17729 full=false repaint=34076 changed=33392 (octowhere octowhere-handover/src/main.rs:2492)
31.095495 [INFO ] [BENCH] round=2 frame=1111 step=10082 draw=11527 period=22927 full=false repaint=35428 changed=17912 (octowhere octowhere-handover/src/main.rs:2492)
31.116867 [INFO ] [BENCH] round=2 frame=1133 step=9187 draw=11269 period=22492 full=false repaint=25680 changed=23644 (octowhere octowhere-handover/src/main.rs:2492)
31.139050 [INFO ] [BENCH] round=2 frame=1155 step=9336 draw=11893 period=21431 full=false repaint=24076 changed=4380 (octowhere octowhere-handover/src/main.rs:2492)
31.150511 [INFO ] [BENCH] round=2 frame=1167 step=4357 draw=6256 period=22110 full=false repaint=5660 changed=5228 (octowhere octowhere-handover/src/main.rs:2492)
31.162663 [INFO ] [BENCH] round=2 frame=1179 step=3258 draw=7985 period=11520 full=false repaint=17284 changed=13960 (octowhere octowhere-handover/src/main.rs:2492)
31.172409 [INFO ] [BENCH] round=2 frame=1188 step=3054 draw=5838 period=12107 full=false repaint=13960 changed=12056 (octowhere octowhere-handover/src/main.rs:2492)
31.185906 [INFO ] [BENCH] round=2 frame=1202 step=3248 draw=4433 period=14718 full=false repaint=12056 changed=7880 (octowhere octowhere-handover/src/main.rs:2492)
31.207485 [INFO ] [BENCH] round=2 frame=1224 step=8306 draw=4534 period=16416 full=false repaint=12056 changed=12056 (octowhere octowhere-handover/src/main.rs:2492)
31.219006 [INFO ] [BENCH] round=2 frame=1235 step=2981 draw=4992 period=16396 full=false repaint=12056 changed=7880 (octowhere octowhere-handover/src/main.rs:2492)
31.242014 [INFO ] [BENCH] round=2 frame=1258 step=8403 draw=5576 period=16987 full=false repaint=15500 changed=15500 (octowhere octowhere-handover/src/main.rs:2492)
31.254152 [INFO ] [BENCH] round=2 frame=1270 step=3032 draw=6440 period=16648 full=false repaint=15500 changed=12056 (octowhere octowhere-handover/src/main.rs:2492)
31.278454 [INFO ] [BENCH] round=2 frame=1294 step=8803 draw=7486 period=17422 full=false repaint=15560 changed=15560 (octowhere octowhere-handover/src/main.rs:2492)
31.289974 [INFO ] [BENCH] round=2 frame=1306 step=3057 draw=7563 period=17234 full=false repaint=15560 changed=12056 (octowhere octowhere-handover/src/main.rs:2492)
31.305878 [INFO ] [BENCH] round=2 frame=1322 step=3072 draw=6868 period=16599 full=false repaint=15488 changed=15488 (octowhere octowhere-handover/src/main.rs:2492)
31.324091 [INFO ] [BENCH] round=2 frame=1340 step=3007 draw=7317 period=17831 full=false repaint=15488 changed=12056 (octowhere octowhere-handover/src/main.rs:2492)
31.339518 [INFO ] [BENCH] round=2 frame=1356 step=3077 draw=7088 period=15585 full=false repaint=15488 changed=15488 (octowhere octowhere-handover/src/main.rs:2492)
31.362677 [INFO ] [BENCH] round=2 frame=1379 step=8657 draw=8085 period=16510 full=false repaint=15524 changed=12092 (octowhere octowhere-handover/src/main.rs:2492)
31.374075 [INFO ] [BENCH] round=2 frame=1390 step=3043 draw=7497 period=17663 full=false repaint=15524 changed=7608 (octowhere octowhere-handover/src/main.rs:2492)
31.384743 [INFO ] [BENCH] round=2 frame=1401 step=3016 draw=2227 period=15984 full=false repaint=7608 changed=4176 (octowhere octowhere-handover/src/main.rs:2492)
31.400690 [INFO ] [BENCH] round=2 frame=1417 step=2971 draw=2168 period=16044 full=false repaint=7608 changed=7608 (octowhere octowhere-handover/src/main.rs:2492)
31.423159 [INFO ] [BENCH] round=2 frame=1439 step=8493 draw=2479 period=16646 full=false repaint=7644 changed=4212 (octowhere octowhere-handover/src/main.rs:2492)
31.434760 [INFO ] [BENCH] round=2 frame=1451 step=2934 draw=2596 period=17024 full=false repaint=7644 changed=7608 (octowhere octowhere-handover/src/main.rs:2492)
31.450932 [INFO ] [BENCH] round=2 frame=1467 step=2891 draw=2226 period=16604 full=false repaint=7608 changed=4176 (octowhere octowhere-handover/src/main.rs:2492)
31.473049 [INFO ] [BENCH] round=2 frame=1489 step=8352 draw=2111 period=16763 full=false repaint=7608 changed=7608 (octowhere octowhere-handover/src/main.rs:2492)
31.484445 [INFO ] [BENCH] round=2 frame=1501 step=2895 draw=2243 period=16730 full=false repaint=7608 changed=4176 (octowhere octowhere-handover/src/main.rs:2492)
31.501308 [INFO ] [BENCH] round=2 frame=1517 step=2900 draw=2243 period=16846 full=false repaint=7608 changed=7608 (octowhere octowhere-handover/src/main.rs:2492)
31.519393 [INFO ] [BENCH] round=2 frame=1535 step=3298 draw=3341 period=16591 full=false repaint=8224 changed=4792 (octowhere octowhere-handover/src/main.rs:2492)
31.541265 [INFO ] [BENCH] round=2 frame=1557 step=8400 draw=3050 period=17058 full=false repaint=8224 changed=7608 (octowhere octowhere-handover/src/main.rs:2492)
31.551837 [INFO ] [BENCH] round=2 frame=1568 step=2936 draw=2271 period=16817 full=false repaint=7608 changed=4176 (octowhere octowhere-handover/src/main.rs:2492)
31.570997 [INFO ] [BENCH] round=2 frame=1587 step=5399 draw=2269 period=16701 full=false repaint=7608 changed=7608 (octowhere octowhere-handover/src/main.rs:2492)
31.584640 [INFO ] [BENCH] round=2 frame=1601 step=2867 draw=1842 period=16610 full=false repaint=7608 changed=4176 (octowhere octowhere-handover/src/main.rs:2492)
31.606911 [INFO ] [BENCH] round=2 frame=1623 step=8324 draw=1724 period=16938 full=false repaint=7608 changed=3432 (octowhere octowhere-handover/src/main.rs:2492)
31.617514 [INFO ] [BENCH] round=2 frame=1634 step=2710 draw=1239 period=16708 full=false repaint=3432 changed=0 (octowhere octowhere-handover/src/main.rs:2492)
31.822410 [INFO ] [BENCH] round=2 frame=1838 step=10505 draw=867 period=737 full=false repaint=36 changed=36 (octowhere octowhere-handover/src/main.rs:2492)
31.825214 [INFO ] [BENCH] round=2 frame=1841 step=1276 draw=836 period=12057 full=false repaint=36 changed=0 (octowhere octowhere-handover/src/main.rs:2492)
31.981004 [INFO ] [BENCH] round=2 frame=1997 step=7513 draw=711 period=708 full=false repaint=36 changed=36 (octowhere octowhere-handover/src/main.rs:2492)
31.983868 [INFO ] [BENCH] round=2 frame=2000 step=1162 draw=874 period=9051 full=false repaint=36 changed=0 (octowhere octowhere-handover/src/main.rs:2492)
32.085528 [INFO ] [BENCH] round=2 frame=2102 step=7534 draw=725 period=672 full=false repaint=36 changed=36 (octowhere octowhere-handover/src/main.rs:2492)
32.088410 [INFO ] [BENCH] round=2 frame=2104 step=1179 draw=868 period=9098 full=false repaint=36 changed=0 (octowhere octowhere-handover/src/main.rs:2492)
32.339730 [INFO ] [BENCH] round=2 frame=2356 step=7478 draw=716 period=693 full=false repaint=36 changed=36 (octowhere octowhere-handover/src/main.rs:2492)
32.342609 [INFO ] [BENCH] round=2 frame=2359 step=1170 draw=875 period=9026 full=false repaint=36 changed=0 (octowhere octowhere-handover/src/main.rs:2492)
32.389872 [INFO ] [BENCH] round=2 frame=2406 step=7510 draw=718 period=720 full=false repaint=36 changed=36 (octowhere octowhere-handover/src/main.rs:2492)
32.392754 [INFO ] [BENCH] round=2 frame=2409 step=1169 draw=881 period=9051 full=false repaint=36 changed=0 (octowhere octowhere-handover/src/main.rs:2492)
32.523642 [INFO ] [BENCH] round=2 frame=2540 step=2835 draw=1480 period=1233 full=false repaint=616 changed=616 (octowhere octowhere-handover/src/main.rs:2492)
32.527263 [INFO ] [BENCH] round=2 frame=2543 step=1199 draw=1548 period=5189 full=false repaint=616 changed=0 (octowhere octowhere-handover/src/main.rs:2492)
32.546666 [INFO ] [BENCH] round=2 frame=2563 step=8205 draw=1577 period=12318 full=false repaint=72 changed=72 (octowhere octowhere-handover/src/main.rs:2492)
32.550576 [INFO ] [BENCH] round=2 frame=2567 step=1231 draw=1735 period=10756 full=false repaint=72 changed=0 (octowhere octowhere-handover/src/main.rs:2492)
36.985760 [INFO ] [BENCH] round=3 charging=true (octowhere octowhere-handover/src/main.rs:2368)
37.035607 [INFO ] [BENCH] round=3 frame=1 step=31 draw=16371 period=33226 full=true repaint=217156 changed=217156 (octowhere octowhere-handover/src/main.rs:2492)
37.075152 [INFO ] [BENCH] round=3 frame=2 step=549 draw=21878 period=33463 full=true repaint=217156 changed=217156 (octowhere octowhere-handover/src/main.rs:2492)
37.093602 [INFO ] [BENCH] round=3 frame=2 step=1049 draw=16598 period=23193 full=true repaint=217156 changed=0 (octowhere octowhere-handover/src/main.rs:2492)
37.115969 [INFO ] [BENCH] round=3 frame=3 step=326 draw=15717 period=24023 full=true repaint=217156 changed=217156 (octowhere octowhere-handover/src/main.rs:2492)
37.140558 [INFO ] [BENCH] round=3 frame=4 step=656 draw=19467 period=20483 full=true repaint=217156 changed=217156 (octowhere octowhere-handover/src/main.rs:2492)
37.174128 [INFO ] [BENCH] round=3 frame=5 step=637 draw=20764 period=32297 full=true repaint=217156 changed=217156 (octowhere octowhere-handover/src/main.rs:2492)
37.205915 [INFO ] [BENCH] round=3 frame=6 step=778 draw=19197 period=33226 full=true repaint=217156 changed=217156 (octowhere octowhere-handover/src/main.rs:2492)
37.245616 [INFO ] [BENCH] round=3 frame=7 step=506 draw=25791 period=33372 full=true repaint=217156 changed=217156 (octowhere octowhere-handover/src/main.rs:2492)
37.274851 [INFO ] [BENCH] round=3 frame=8 step=427 draw=21789 period=33324 full=true repaint=217156 changed=217156 (octowhere octowhere-handover/src/main.rs:2492)
37.308601 [INFO ] [BENCH] round=3 frame=9 step=392 draw=22210 period=33354 full=true repaint=217156 changed=217156 (octowhere octowhere-handover/src/main.rs:2492)
37.332136 [INFO ] [BENCH] round=3 frame=9 step=878 draw=18096 period=27104 full=true repaint=217156 changed=0 (octowhere octowhere-handover/src/main.rs:2492)
37.358459 [INFO ] [BENCH] round=3 frame=10 step=345 draw=22735 period=22301 full=true repaint=217156 changed=217156 (octowhere octowhere-handover/src/main.rs:2492)
37.382463 [INFO ] [BENCH] round=3 frame=11 step=392 draw=22832 period=23781 full=true repaint=217156 changed=217156 (octowhere octowhere-handover/src/main.rs:2492)
37.404208 [INFO ] [BENCH] round=3 frame=11 step=402 draw=18304 period=26321 full=true repaint=217156 changed=0 (octowhere octowhere-handover/src/main.rs:2492)
37.425920 [INFO ] [BENCH] round=3 frame=12 step=281 draw=20919 period=19232 full=true repaint=217156 changed=217156 (octowhere octowhere-handover/src/main.rs:2492)
37.441100 [INFO ] [BENCH] round=3 frame=13 step=369 draw=13992 period=21988 full=true repaint=217156 changed=217156 (octowhere octowhere-handover/src/main.rs:2492)
37.469480 [INFO ] [BENCH] round=3 frame=14 step=340 draw=16536 period=25907 full=true repaint=217156 changed=217156 (octowhere octowhere-handover/src/main.rs:2492)
37.499203 [INFO ] [BENCH] round=3 frame=15 step=340 draw=12947 period=33325 full=true repaint=217156 changed=217156 (octowhere octowhere-handover/src/main.rs:2492)
37.532520 [INFO ] [BENCH] round=3 frame=16 step=268 draw=12973 period=33342 full=true repaint=217156 changed=217156 (octowhere octowhere-handover/src/main.rs:2492)
37.568475 [INFO ] [BENCH] round=3 frame=17 step=339 draw=15507 period=33339 full=true repaint=217156 changed=217156 (octowhere octowhere-handover/src/main.rs:2492)
37.588470 [INFO ] [BENCH] round=3 frame=17 step=853 draw=18402 period=16571 full=true repaint=217156 changed=0 (octowhere octowhere-handover/src/main.rs:2492)
37.602974 [INFO ] [BENCH] round=3 frame=18 step=300 draw=13630 period=19902 full=true repaint=217156 changed=217156 (octowhere octowhere-handover/src/main.rs:2492)
37.635587 [INFO ] [BENCH] round=3 frame=19 step=247 draw=16016 period=30220 full=true repaint=217156 changed=217156 (octowhere octowhere-handover/src/main.rs:2492)
37.654942 [INFO ] [BENCH] round=3 frame=19 step=405 draw=18177 period=17047 full=true repaint=217156 changed=0 (octowhere octowhere-handover/src/main.rs:2492)
37.670651 [INFO ] [BENCH] round=3 frame=20 step=241 draw=14966 period=19096 full=true repaint=217156 changed=217156 (octowhere octowhere-handover/src/main.rs:2492)
37.701911 [INFO ] [BENCH] round=3 frame=21 step=408 draw=15492 period=30539 full=true repaint=217156 changed=217156 (octowhere octowhere-handover/src/main.rs:2492)
37.736520 [INFO ] [BENCH] round=3 frame=22 step=440 draw=16728 period=33347 full=true repaint=217156 changed=217156 (octowhere octowhere-handover/src/main.rs:2492)
37.770551 [INFO ] [BENCH] round=3 frame=23 step=491 draw=17382 period=33326 full=true repaint=217156 changed=217156 (octowhere octowhere-handover/src/main.rs:2492)
37.807057 [INFO ] [BENCH] round=3 frame=24 step=524 draw=20515 period=33325 full=true repaint=217156 changed=217156 (octowhere octowhere-handover/src/main.rs:2492)
37.838828 [INFO ] [BENCH] round=3 frame=24 step=871 draw=20738 period=31197 full=true repaint=217156 changed=0 (octowhere octowhere-handover/src/main.rs:2492)
37.859153 [INFO ] [BENCH] round=3 frame=25 step=354 draw=19277 period=22325 full=true repaint=217156 changed=217156 (octowhere octowhere-handover/src/main.rs:2492)
37.885087 [INFO ] [BENCH] round=3 frame=26 step=413 draw=24718 period=20384 full=true repaint=217156 changed=217156 (octowhere octowhere-handover/src/main.rs:2492)
37.913399 [INFO ] [BENCH] round=3 frame=27 step=457 draw=23832 period=29187 full=true repaint=217156 changed=217156 (octowhere octowhere-handover/src/main.rs:2492)
37.943816 [INFO ] [BENCH] round=3 frame=28 step=438 draw=24035 period=30239 full=true repaint=217156 changed=217156 (octowhere octowhere-handover/src/main.rs:2492)
37.977197 [INFO ] [BENCH] round=3 frame=29 step=447 draw=24066 period=33333 full=true repaint=217156 changed=217156 (octowhere octowhere-handover/src/main.rs:2492)
38.010716 [INFO ] [BENCH] round=3 frame=30 step=439 draw=24262 period=33336 full=true repaint=217156 changed=217156 (octowhere octowhere-handover/src/main.rs:2492)
38.044048 [INFO ] [BENCH] round=3 frame=31 step=450 draw=24247 period=33329 full=true repaint=217156 changed=217156 (octowhere octowhere-handover/src/main.rs:2492)
38.079398 [INFO ] [BENCH] round=3 frame=32 step=438 draw=26279 period=33338 full=true repaint=217156 changed=217156 (octowhere octowhere-handover/src/main.rs:2492)
38.104413 [INFO ] [BENCH] round=3 frame=32 step=861 draw=23310 period=27510 full=true repaint=217156 changed=0 (octowhere octowhere-handover/src/main.rs:2492)
38.127523 [INFO ] [BENCH] round=3 frame=33 step=398 draw=20483 period=26462 full=true repaint=217156 changed=217156 (octowhere octowhere-handover/src/main.rs:2492)
38.154508 [INFO ] [BENCH] round=3 frame=34 step=413 draw=25693 period=21715 full=true repaint=217156 changed=217156 (octowhere octowhere-handover/src/main.rs:2492)
38.182316 [INFO ] [BENCH] round=3 frame=35 step=471 draw=24760 period=28720 full=true repaint=217156 changed=217156 (octowhere octowhere-handover/src/main.rs:2492)
38.210454 [INFO ] [BENCH] round=3 frame=36 step=465 draw=24013 period=28883 full=true repaint=217156 changed=217156 (octowhere octowhere-handover/src/main.rs:2492)
38.243328 [INFO ] [BENCH] round=3 frame=37 step=463 draw=23524 period=33370 full=true repaint=217156 changed=217156 (octowhere octowhere-handover/src/main.rs:2492)
38.275076 [INFO ] [BENCH] round=3 frame=38 step=630 draw=21730 period=33362 full=true repaint=217156 changed=217156 (octowhere octowhere-handover/src/main.rs:2492)
38.308420 [INFO ] [BENCH] round=3 frame=39 step=625 draw=21758 period=33324 full=true repaint=217156 changed=217156 (octowhere octowhere-handover/src/main.rs:2492)
38.343621 [INFO ] [BENCH] round=3 frame=40 step=2911 draw=21340 period=33326 full=true repaint=217156 changed=217156 (octowhere octowhere-handover/src/main.rs:2492)
38.371397 [INFO ] [BENCH] round=3 frame=40 step=1361 draw=25615 period=25058 full=true repaint=217156 changed=0 (octowhere octowhere-handover/src/main.rs:2492)
38.396471 [INFO ] [BENCH] round=3 frame=41 step=414 draw=23860 period=27771 full=true repaint=217156 changed=217156 (octowhere octowhere-handover/src/main.rs:2492)
38.420192 [INFO ] [BENCH] round=3 frame=42 step=503 draw=22370 period=25096 full=true repaint=217156 changed=217156 (octowhere octowhere-handover/src/main.rs:2492)
38.450881 [INFO ] [BENCH] round=3 frame=43 step=463 draw=24392 period=28745 full=true repaint=217156 changed=217156 (octowhere octowhere-handover/src/main.rs:2492)
38.476351 [INFO ] [BENCH] round=3 frame=44 step=464 draw=23213 period=26655 full=true repaint=217156 changed=217156 (octowhere octowhere-handover/src/main.rs:2492)
38.508767 [INFO ] [BENCH] round=3 frame=45 step=598 draw=22138 period=33344 full=true repaint=217156 changed=217156 (octowhere octowhere-handover/src/main.rs:2492)
38.542205 [INFO ] [BENCH] round=3 frame=46 step=598 draw=22289 period=33291 full=true repaint=217156 changed=217156 (octowhere octowhere-handover/src/main.rs:2492)
38.577997 [INFO ] [BENCH] round=3 frame=47 step=609 draw=24684 period=33380 full=true repaint=217156 changed=217156 (octowhere octowhere-handover/src/main.rs:2492)
38.605605 [INFO ] [BENCH] round=3 frame=47 step=920 draw=25855 period=26128 full=true repaint=217156 changed=0 (octowhere octowhere-handover/src/main.rs:2492)
38.627722 [INFO ] [BENCH] round=3 frame=48 step=398 draw=20938 period=27577 full=true repaint=217156 changed=217156 (octowhere octowhere-handover/src/main.rs:2492)
38.657096 [INFO ] [BENCH] round=3 frame=49 step=420 draw=28084 period=22190 full=true repaint=217156 changed=217156 (octowhere octowhere-handover/src/main.rs:2492)
38.684559 [INFO ] [BENCH] round=3 frame=50 step=469 draw=26178 period=29328 full=true repaint=217156 changed=217156 (octowhere octowhere-handover/src/main.rs:2492)
38.709009 [INFO ] [BENCH] round=3 frame=51 step=468 draw=22524 period=28073 full=true repaint=217156 changed=217156 (octowhere octowhere-handover/src/main.rs:2492)
38.741388 [INFO ] [BENCH] round=3 frame=52 step=699 draw=21337 period=33357 full=true repaint=217156 changed=217156 (octowhere octowhere-handover/src/main.rs:2492)
38.777792 [INFO ] [BENCH] round=3 frame=53 step=658 draw=24411 period=33369 full=true repaint=217156 changed=217156 (octowhere octowhere-handover/src/main.rs:2492)
38.813896 [INFO ] [BENCH] round=3 frame=54 step=680 draw=27168 period=33313 full=true repaint=217156 changed=217156 (octowhere octowhere-handover/src/main.rs:2492)
38.844580 [INFO ] [BENCH] round=3 frame=55 step=650 draw=24560 period=33342 full=true repaint=217156 changed=217156 (octowhere octowhere-handover/src/main.rs:2492)
38.871574 [INFO ] [BENCH] round=3 frame=55 step=887 draw=25282 period=26016 full=true repaint=217156 changed=0 (octowhere octowhere-handover/src/main.rs:2492)
38.896977 [INFO ] [BENCH] round=3 frame=56 step=407 draw=24219 period=26955 full=true repaint=217156 changed=217156 (octowhere octowhere-handover/src/main.rs:2492)
38.924607 [INFO ] [BENCH] round=3 frame=57 step=543 draw=26238 period=25480 full=true repaint=217156 changed=217156 (octowhere octowhere-handover/src/main.rs:2492)
38.950027 [INFO ] [BENCH] round=3 frame=58 step=466 draw=24002 period=27740 full=true repaint=217156 changed=217156 (octowhere octowhere-handover/src/main.rs:2492)
38.975284 [INFO ] [BENCH] round=3 frame=59 step=469 draw=22136 period=27080 full=true repaint=217156 changed=217156 (octowhere octowhere-handover/src/main.rs:2492)
39.010835 [INFO ] [BENCH] round=3 frame=60 step=619 draw=24204 period=33364 full=true repaint=217156 changed=217156 (octowhere octowhere-handover/src/main.rs:2492)
39.043723 [INFO ] [BENCH] round=3 frame=61 step=623 draw=23728 period=33363 full=true repaint=217156 changed=217156 (octowhere octowhere-handover/src/main.rs:2492)
39.079381 [INFO ] [BENCH] round=3 frame=62 step=616 draw=26057 period=33340 full=true repaint=217156 changed=217156 (octowhere octowhere-handover/src/main.rs:2492)
39.105952 [INFO ] [BENCH] round=3 frame=62 step=853 draw=24929 period=27459 full=true repaint=217156 changed=0 (octowhere octowhere-handover/src/main.rs:2492)
39.128456 [INFO ] [BENCH] round=3 frame=63 step=406 draw=21341 period=26553 full=true repaint=217156 changed=217156 (octowhere octowhere-handover/src/main.rs:2492)
39.157126 [INFO ] [BENCH] round=3 frame=64 step=421 draw=27384 period=22595 full=true repaint=217156 changed=217156 (octowhere octowhere-handover/src/main.rs:2492)
39.181327 [INFO ] [BENCH] round=3 frame=65 step=471 draw=22915 period=28640 full=true repaint=217156 changed=217156 (octowhere octowhere-handover/src/main.rs:2492)
39.210921 [INFO ] [BENCH] round=3 frame=66 step=658 draw=24267 period=28035 full=true repaint=217156 changed=217156 (octowhere octowhere-handover/src/main.rs:2492)
39.245231 [INFO ] [BENCH] round=3 frame=67 step=721 draw=25141 period=33382 full=true repaint=217156 changed=217156 (octowhere octowhere-handover/src/main.rs:2492)
39.280578 [INFO ] [BENCH] round=3 frame=68 step=4621 draw=23253 period=33294 full=true repaint=217156 changed=216 (octowhere octowhere-handover/src/main.rs:2492)
39.291723 [INFO ] [BENCH] round=3 frame=69 step=2833 draw=2769 period=33428 full=false repaint=216 changed=36 (octowhere octowhere-handover/src/main.rs:2492)
39.324300 [INFO ] [BENCH] round=3 frame=70 step=2410 draw=2490 period=33254 full=false repaint=72 changed=72 (octowhere octowhere-handover/src/main.rs:2492)
39.333720 [INFO ] [BENCH] round=3 frame=70 step=857 draw=2843 period=10637 full=false repaint=72 changed=0 (octowhere octowhere-handover/src/main.rs:2492)
39.357442 [INFO ] [BENCH] round=3 frame=71 step=2371 draw=2395 period=22644 full=false repaint=72 changed=72 (octowhere octowhere-handover/src/main.rs:2492)
39.390845 [INFO ] [BENCH] round=3 frame=72 step=2376 draw=2421 period=33392 full=false repaint=72 changed=36 (octowhere octowhere-handover/src/main.rs:2492)
39.397330 [INFO ] [BENCH] round=3 frame=72 step=372 draw=1856 period=9078 full=false repaint=36 changed=0 (octowhere octowhere-handover/src/main.rs:2492)
39.424261 [INFO ] [BENCH] round=3 frame=73 step=2364 draw=2563 period=24178 full=false repaint=108 changed=108 (octowhere octowhere-handover/src/main.rs:2492)
39.457668 [INFO ] [BENCH] round=3 frame=74 step=2379 draw=2577 period=33402 full=false repaint=108 changed=36 (octowhere octowhere-handover/src/main.rs:2492)
39.490975 [INFO ] [BENCH] round=3 frame=75 step=2380 draw=2516 period=33348 full=false repaint=108 changed=108 (octowhere octowhere-handover/src/main.rs:2492)
39.524282 [INFO ] [BENCH] round=3 frame=76 step=2382 draw=2510 period=33330 full=false repaint=108 changed=36 (octowhere octowhere-handover/src/main.rs:2492)
39.557646 [INFO ] [BENCH] round=3 frame=77 step=2384 draw=2515 period=33338 full=false repaint=108 changed=108 (octowhere octowhere-handover/src/main.rs:2492)
39.585629 [INFO ] [BENCH] round=3 frame=77 step=828 draw=2729 period=29342 full=false repaint=108 changed=0 (octowhere octowhere-handover/src/main.rs:2492)
39.590184 [INFO ] [BENCH] round=3 frame=78 step=2254 draw=1531 period=4375 full=false repaint=36 changed=36 (octowhere octowhere-handover/src/main.rs:2492)
39.624284 [INFO ] [BENCH] round=3 frame=79 step=2332 draw=2566 period=32922 full=false repaint=144 changed=144 (octowhere octowhere-handover/src/main.rs:2492)
39.650747 [INFO ] [BENCH] round=3 frame=79 step=408 draw=2718 period=28268 full=false repaint=144 changed=0 (octowhere octowhere-handover/src/main.rs:2492)
39.657289 [INFO ] [BENCH] round=3 frame=80 step=2236 draw=2360 period=5062 full=false repaint=144 changed=144 (octowhere octowhere-handover/src/main.rs:2492)
39.691728 [INFO ] [BENCH] round=3 frame=81 step=3039 draw=2645 period=33349 full=false repaint=144 changed=36 (octowhere octowhere-handover/src/main.rs:2492)
39.724058 [INFO ] [BENCH] round=3 frame=82 step=2392 draw=2323 period=33332 full=false repaint=36 changed=36 (octowhere octowhere-handover/src/main.rs:2492)
39.757575 [INFO ] [BENCH] round=3 frame=83 step=2399 draw=2464 period=33324 full=false repaint=72 changed=72 (octowhere octowhere-handover/src/main.rs:2492)
39.797470 [INFO ] [BENCH] round=3 frame=84 step=2436 draw=2456 period=39877 full=false repaint=72 changed=36 (octowhere octowhere-handover/src/main.rs:2492)
39.824259 [INFO ] [BENCH] round=3 frame=85 step=2407 draw=2452 period=26809 full=false repaint=108 changed=108 (octowhere octowhere-handover/src/main.rs:2492)
39.837500 [INFO ] [BENCH] round=3 frame=85 step=824 draw=2621 period=14666 full=false repaint=108 changed=0 (octowhere octowhere-handover/src/main.rs:2492)
39.857616 [INFO ] [BENCH] round=3 frame=86 step=2375 draw=2579 period=18594 full=false repaint=144 changed=144 (octowhere octowhere-handover/src/main.rs:2492)
39.891214 [INFO ] [BENCH] round=3 frame=87 step=2401 draw=2735 period=33407 full=false repaint=216 changed=108 (octowhere octowhere-handover/src/main.rs:2492)
39.903204 [INFO ] [BENCH] round=3 frame=87 step=413 draw=2749 period=13997 full=false repaint=108 changed=0 (octowhere octowhere-handover/src/main.rs:2492)
39.923346 [INFO ] [BENCH] round=3 frame=88 step=2330 draw=1682 period=19304 full=false repaint=36 changed=36 (octowhere octowhere-handover/src/main.rs:2492)
39.956709 [INFO ] [BENCH] round=3 frame=89 step=2324 draw=1695 period=33360 full=false repaint=36 changed=36 (octowhere octowhere-handover/src/main.rs:2492)
39.990762 [INFO ] [BENCH] round=3 frame=90 step=2360 draw=2329 period=33352 full=false repaint=72 changed=72 (octowhere octowhere-handover/src/main.rs:2492)
40.024339 [INFO ] [BENCH] round=3 frame=91 step=2373 draw=2554 period=33324 full=false repaint=108 changed=72 (octowhere octowhere-handover/src/main.rs:2492)
40.057728 [INFO ] [BENCH] round=3 frame=92 step=2401 draw=2570 period=33342 full=false repaint=144 changed=108 (octowhere octowhere-handover/src/main.rs:2492)
40.091640 [INFO ] [BENCH] round=3 frame=93 step=2836 draw=2679 period=33368 full=false repaint=180 changed=108 (octowhere octowhere-handover/src/main.rs:2492)
40.124532 [INFO ] [BENCH] round=3 frame=94 step=2431 draw=2695 period=33281 full=false repaint=180 changed=108 (octowhere octowhere-handover/src/main.rs:2492)
40.155618 [INFO ] [BENCH] round=3 frame=94 step=417 draw=2664 period=33165 full=false repaint=108 changed=0 (octowhere octowhere-handover/src/main.rs:2492)
40.160036 [INFO ] [BENCH] round=3 frame=95 step=2187 draw=1501 period=3851 full=false repaint=36 changed=36 (octowhere octowhere-handover/src/main.rs:2492)
40.190038 [INFO ] [BENCH] round=3 frame=96 step=2293 draw=1706 period=29662 full=false repaint=36 changed=36 (octowhere octowhere-handover/src/main.rs:2492)
40.224319 [INFO ] [BENCH] round=3 frame=97 step=2342 draw=2583 period=33316 full=false repaint=180 changed=180 (octowhere octowhere-handover/src/main.rs:2492)
40.257783 [INFO ] [BENCH] round=3 frame=98 step=2385 draw=2653 period=33349 full=false repaint=216 changed=72 (octowhere octowhere-handover/src/main.rs:2492)
40.290876 [INFO ] [BENCH] round=3 frame=99 step=2387 draw=2420 period=33327 full=false repaint=108 changed=72 (octowhere octowhere-handover/src/main.rs:2492)
40.324256 [INFO ] [BENCH] round=3 frame=100 step=2375 draw=2474 period=33341 full=false repaint=108 changed=72 (octowhere octowhere-handover/src/main.rs:2492)
40.341568 [INFO ] [BENCH] round=3 frame=100 step=831 draw=2639 period=18707 full=false repaint=72 changed=0 (octowhere octowhere-handover/src/main.rs:2492)
40.357170 [INFO ] [BENCH] round=3 frame=101 step=2242 draw=2230 period=14599 full=false repaint=72 changed=72 (octowhere octowhere-handover/src/main.rs:2492)
40.391084 [INFO ] [BENCH] round=3 frame=102 step=2350 draw=2658 period=33353 full=false repaint=180 changed=144 (octowhere octowhere-handover/src/main.rs:2492)
40.408151 [INFO ] [BENCH] round=3 frame=102 step=405 draw=2752 period=18951 full=false repaint=144 changed=0 (octowhere octowhere-handover/src/main.rs:2492)
40.423907 [INFO ] [BENCH] round=3 frame=103 step=2213 draw=2336 period=14358 full=false repaint=108 changed=108 (octowhere octowhere-handover/src/main.rs:2492)
40.457713 [INFO ] [BENCH] round=3 frame=104 step=2346 draw=2622 period=33363 full=false repaint=144 changed=72 (octowhere octowhere-handover/src/main.rs:2492)
40.491119 [INFO ] [BENCH] round=3 frame=105 step=2394 draw=2648 period=33331 full=false repaint=180 changed=144 (octowhere octowhere-handover/src/main.rs:2492)
40.524465 [INFO ] [BENCH] round=3 frame=106 step=2393 draw=2660 period=33336 full=false repaint=180 changed=72 (octowhere octowhere-handover/src/main.rs:2492)
40.557531 [INFO ] [BENCH] round=3 frame=107 step=2373 draw=2432 period=33333 full=false repaint=72 changed=36 (octowhere octowhere-handover/src/main.rs:2492)
40.592976 [INFO ] [BENCH] round=3 frame=108 step=4390 draw=2521 period=33332 full=false repaint=72 changed=72 (octowhere octowhere-handover/src/main.rs:2492)
40.597559 [INFO ] [BENCH] round=3 frame=108 step=851 draw=2996 period=7673 full=false repaint=72 changed=0 (octowhere octowhere-handover/src/main.rs:2492)
40.623227 [INFO ] [BENCH] round=3 frame=109 step=2287 draw=1675 period=25580 full=false repaint=36 changed=36 (octowhere octowhere-handover/src/main.rs:2492)
40.660145 [INFO ] [BENCH] round=3 frame=110 step=4823 draw=2567 period=33432 full=false repaint=72 changed=72 (octowhere octowhere-handover/src/main.rs:2492)
40.663992 [INFO ] [BENCH] round=3 frame=110 step=382 draw=2637 period=8194 full=false repaint=72 changed=0 (octowhere octowhere-handover/src/main.rs:2492)
40.690426 [INFO ] [BENCH] round=3 frame=111 step=2267 draw=2201 period=25056 full=false repaint=36 changed=36 (octowhere octowhere-handover/src/main.rs:2492)
40.723392 [INFO ] [BENCH] round=3 frame=112 step=2359 draw=1688 period=33376 full=false repaint=36 changed=36 (octowhere octowhere-handover/src/main.rs:2492)
40.757156 [INFO ] [BENCH] round=3 frame=113 step=2753 draw=1730 period=33334 full=false repaint=36 changed=36 (octowhere octowhere-handover/src/main.rs:2492)
40.793008 [INFO ] [BENCH] round=3 frame=114 step=2368 draw=1716 period=36240 full=false repaint=36 changed=36 (octowhere octowhere-handover/src/main.rs:2492)
40.823427 [INFO ] [BENCH] round=3 frame=115 step=2363 draw=1704 period=30443 full=false repaint=36 changed=36 (octowhere octowhere-handover/src/main.rs:2492)
40.844753 [INFO ] [BENCH] round=3 frame=115 step=785 draw=1887 period=22718 full=false repaint=36 changed=0 (octowhere octowhere-handover/src/main.rs:2492)
40.856325 [INFO ] [BENCH] round=3 frame=116 step=2192 draw=1488 period=10592 full=false repaint=36 changed=36 (octowhere octowhere-handover/src/main.rs:2492)
40.890023 [INFO ] [BENCH] round=3 frame=117 step=2263 draw=1717 period=33368 full=false repaint=36 changed=36 (octowhere octowhere-handover/src/main.rs:2492)
40.912107 [INFO ] [BENCH] round=3 frame=117 step=351 draw=1849 period=23876 full=false repaint=36 changed=0 (octowhere octowhere-handover/src/main.rs:2492)
40.922933 [INFO ] [BENCH] round=3 frame=118 step=2167 draw=1458 period=9425 full=false repaint=36 changed=36 (octowhere octowhere-handover/src/main.rs:2492)
40.956650 [INFO ] [BENCH] round=3 frame=119 step=2260 draw=1698 period=33352 full=false repaint=36 changed=36 (octowhere octowhere-handover/src/main.rs:2492)
41.009073 [INFO ] [BENCH] round=3 frame=120 step=319 draw=22756 period=33339 full=true repaint=217156 changed=217156 (octowhere octowhere-handover/src/main.rs:2492)
41.045114 [INFO ] [BENCH] round=3 frame=121 step=379 draw=25467 period=33280 full=true repaint=217156 changed=217156 (octowhere octowhere-handover/src/main.rs:2492)
41.078442 [INFO ] [BENCH] round=3 frame=122 step=368 draw=25462 period=33343 full=true repaint=217156 changed=217156 (octowhere octowhere-handover/src/main.rs:2492)
41.107151 [INFO ] [BENCH] round=3 frame=123 step=366 draw=20838 period=33326 full=true repaint=217156 changed=217156 (octowhere octowhere-handover/src/main.rs:2492)
41.126239 [INFO ] [BENCH] round=3 frame=123 step=814 draw=17568 period=21870 full=true repaint=217156 changed=0 (octowhere octowhere-handover/src/main.rs:2492)
41.146108 [INFO ] [BENCH] round=3 frame=124 step=237 draw=15956 period=22130 full=true repaint=217156 changed=217156 (octowhere octowhere-handover/src/main.rs:2492)
41.174628 [INFO ] [BENCH] round=3 frame=125 step=254 draw=21719 period=22695 full=true repaint=217156 changed=217156 (octowhere octowhere-handover/src/main.rs:2492)
41.193057 [INFO ] [BENCH] round=3 frame=125 step=358 draw=17364 period=22695 full=true repaint=217156 changed=0 (octowhere octowhere-handover/src/main.rs:2492)
41.212785 [INFO ] [BENCH] round=3 frame=126 step=159 draw=15915 period=21395 full=true repaint=217156 changed=217156 (octowhere octowhere-handover/src/main.rs:2492)
41.239369 [INFO ] [BENCH] round=3 frame=127 step=290 draw=19791 period=22589 full=true repaint=217156 changed=217156 (octowhere octowhere-handover/src/main.rs:2492)
41.272925 [INFO ] [BENCH] round=3 frame=128 step=333 draw=20007 period=33295 full=true repaint=217156 changed=217156 (octowhere octowhere-handover/src/main.rs:2492)
41.306395 [INFO ] [BENCH] round=3 frame=129 step=337 draw=20106 period=33365 full=true repaint=217156 changed=217156 (octowhere octowhere-handover/src/main.rs:2492)
41.339829 [INFO ] [BENCH] round=3 frame=130 step=346 draw=20225 period=33303 full=true repaint=217156 changed=217156 (octowhere octowhere-handover/src/main.rs:2492)
41.366782 [INFO ] [BENCH] round=3 frame=130 step=874 draw=19535 period=27068 full=true repaint=217156 changed=0 (octowhere octowhere-handover/src/main.rs:2492)
41.383729 [INFO ] [BENCH] round=3 frame=131 step=281 draw=16116 period=21034 full=true repaint=217156 changed=217156 (octowhere octowhere-handover/src/main.rs:2492)
41.406650 [INFO ] [BENCH] round=3 frame=132 step=207 draw=20541 period=18525 full=true repaint=217156 changed=217156 (octowhere octowhere-handover/src/main.rs:2492)
41.435899 [INFO ] [BENCH] round=3 frame=132 step=361 draw=20109 period=29499 full=true repaint=217156 changed=0 (octowhere octowhere-handover/src/main.rs:2492)
41.462478 [INFO ] [BENCH] round=3 frame=133 step=246 draw=25865 period=21017 full=true repaint=217156 changed=217156 (octowhere octowhere-handover/src/main.rs:2492)
41.490610 [INFO ] [BENCH] round=3 frame=134 step=178 draw=27644 period=26378 full=true repaint=217156 changed=217156 (octowhere octowhere-handover/src/main.rs:2492)
41.518483 [INFO ] [BENCH] round=3 frame=135 step=274 draw=27143 period=28277 full=true repaint=217156 changed=217156 (octowhere octowhere-handover/src/main.rs:2492)
41.549444 [INFO ] [BENCH] round=3 frame=136 step=281 draw=29930 period=28170 full=true repaint=217156 changed=217156 (octowhere octowhere-handover/src/main.rs:2492)
41.582853 [INFO ] [BENCH] round=3 frame=137 step=272 draw=30023 period=33329 full=true repaint=217156 changed=217156 (octowhere octowhere-handover/src/main.rs:2492)
41.600771 [INFO ] [BENCH] round=3 frame=138 step=278 draw=14537 period=33353 full=true repaint=217156 changed=217156 (octowhere octowhere-handover/src/main.rs:2492)
41.615448 [INFO ] [BENCH] round=3 frame=138 step=814 draw=12055 period=16605 full=true repaint=217156 changed=0 (octowhere octowhere-handover/src/main.rs:2492)
41.637259 [INFO ] [BENCH] round=3 frame=1017 step=1265 draw=16663 period=16737 full=true repaint=217156 changed=217156 (octowhere octowhere-handover/src/main.rs:2492)
41.668582 [INFO ] [BENCH] round=3 frame=1049 step=9932 draw=20154 period=19136 full=true repaint=217156 changed=15840 (octowhere octowhere-handover/src/main.rs:2492)
41.687322 [INFO ] [BENCH] round=3 frame=1067 step=10072 draw=7801 period=30942 full=false repaint=16488 changed=16200 (octowhere octowhere-handover/src/main.rs:2492)
41.710235 [INFO ] [BENCH] round=3 frame=1090 step=10980 draw=10968 period=18825 full=false repaint=34076 changed=33428 (octowhere octowhere-handover/src/main.rs:2492)
41.734943 [INFO ] [BENCH] round=3 frame=1115 step=8945 draw=14873 period=22814 full=false repaint=36708 changed=19156 (octowhere octowhere-handover/src/main.rs:2492)
41.759729 [INFO ] [BENCH] round=3 frame=1140 step=10989 draw=12328 period=25298 full=false repaint=26200 changed=22920 (octowhere octowhere-handover/src/main.rs:2492)
41.787765 [INFO ] [BENCH] round=3 frame=1168 step=9943 draw=17100 period=24311 full=false repaint=24380 changed=5856 (octowhere octowhere-handover/src/main.rs:2492)
41.801959 [INFO ] [BENCH] round=3 frame=1182 step=4978 draw=8287 period=28012 full=false repaint=13736 changed=12276 (octowhere octowhere-handover/src/main.rs:2492)
41.813396 [INFO ] [BENCH] round=3 frame=1194 step=3019 draw=7612 period=14086 full=false repaint=12276 changed=7880 (octowhere octowhere-handover/src/main.rs:2492)
41.827145 [INFO ] [BENCH] round=3 frame=1207 step=8378 draw=4501 period=11497 full=false repaint=7916 changed=7916 (octowhere octowhere-handover/src/main.rs:2492)
41.834664 [INFO ] [BENCH] round=3 frame=1215 step=2960 draw=3719 period=13728 full=false repaint=7916 changed=7880 (octowhere octowhere-handover/src/main.rs:2492)
41.848314 [INFO ] [BENCH] round=3 frame=1229 step=2980 draw=3744 period=13613 full=false repaint=7880 changed=7880 (octowhere octowhere-handover/src/main.rs:2492)
41.865290 [INFO ] [BENCH] round=3 frame=1246 step=3169 draw=3928 period=16600 full=false repaint=7880 changed=7880 (octowhere octowhere-handover/src/main.rs:2492)
41.888523 [INFO ] [BENCH] round=3 frame=1269 step=8448 draw=4933 period=16962 full=false repaint=11324 changed=11324 (octowhere octowhere-handover/src/main.rs:2492)
41.901379 [INFO ] [BENCH] round=3 frame=1282 step=2953 draw=6388 period=16864 full=false repaint=15500 changed=12056 (octowhere octowhere-handover/src/main.rs:2492)
41.921936 [INFO ] [BENCH] round=3 frame=1302 step=3008 draw=9699 period=17201 full=false repaint=15488 changed=11312 (octowhere octowhere-handover/src/main.rs:2492)
41.941723 [INFO ] [BENCH] round=3 frame=1322 step=8477 draw=7247 period=16731 full=false repaint=15488 changed=12056 (octowhere octowhere-handover/src/main.rs:2492)
41.953614 [INFO ] [BENCH] round=3 frame=1334 step=2979 draw=7322 period=17353 full=false repaint=15488 changed=11312 (octowhere octowhere-handover/src/main.rs:2492)
41.969880 [INFO ] [BENCH] round=3 frame=1350 step=3010 draw=7204 period=16345 full=false repaint=15488 changed=12056 (octowhere octowhere-handover/src/main.rs:2492)
41.993322 [INFO ] [BENCH] round=3 frame=1374 step=8619 draw=8248 period=16779 full=false repaint=15524 changed=11348 (octowhere octowhere-handover/src/main.rs:2492)
42.004966 [INFO ] [BENCH] round=3 frame=1385 step=3027 draw=7774 period=17713 full=false repaint=15524 changed=4176 (octowhere octowhere-handover/src/main.rs:2492)
42.015445 [INFO ] [BENCH] round=3 frame=1396 step=2967 draw=2337 period=16002 full=false repaint=7608 changed=3432 (octowhere octowhere-handover/src/main.rs:2492)
42.036469 [INFO ] [BENCH] round=3 frame=1417 step=8324 draw=2164 period=15834 full=false repaint=7608 changed=4176 (octowhere octowhere-handover/src/main.rs:2492)
42.047988 [INFO ] [BENCH] round=3 frame=1428 step=2886 draw=2267 period=16860 full=false repaint=7608 changed=3432 (octowhere octowhere-handover/src/main.rs:2492)
42.064621 [INFO ] [BENCH] round=3 frame=1445 step=2837 draw=2262 period=16682 full=false repaint=7608 changed=4176 (octowhere octowhere-handover/src/main.rs:2492)
42.081604 [INFO ] [BENCH] round=3 frame=1462 step=2871 draw=2302 period=16913 full=false repaint=7608 changed=3432 (octowhere octowhere-handover/src/main.rs:2492)
42.106489 [INFO ] [BENCH] round=3 frame=1487 step=10463 draw=2869 period=16693 full=false repaint=7644 changed=7644 (octowhere octowhere-handover/src/main.rs:2492)
42.115808 [INFO ] [BENCH] round=3 frame=1496 step=3067 draw=2812 period=16785 full=false repaint=7644 changed=0 (octowhere octowhere-handover/src/main.rs:2492)
42.131533 [INFO ] [BENCH] round=3 frame=1512 step=2843 draw=1633 period=17153 full=false repaint=4176 changed=4176 (octowhere octowhere-handover/src/main.rs:2492)
42.143360 [INFO ] [BENCH] round=3 frame=1524 step=8260 draw=2688 period=5343 full=false repaint=7608 changed=3432 (octowhere octowhere-handover/src/main.rs:2492)
42.148165 [INFO ] [BENCH] round=3 frame=1528 step=2719 draw=1208 period=11841 full=false repaint=3432 changed=0 (octowhere octowhere-handover/src/main.rs:2492)
42.164629 [INFO ] [BENCH] round=3 frame=1545 step=2802 draw=1638 period=15951 full=false repaint=4176 changed=4176 (octowhere octowhere-handover/src/main.rs:2492)
42.173248 [INFO ] [BENCH] round=3 frame=1553 step=2823 draw=4934 period=5300 full=false repaint=7608 changed=3432 (octowhere octowhere-handover/src/main.rs:2492)
42.181158 [INFO ] [BENCH] round=3 frame=1561 step=2715 draw=1228 period=11728 full=false repaint=3432 changed=0 (octowhere octowhere-handover/src/main.rs:2492)
42.204339 [INFO ] [BENCH] round=3 frame=1585 step=8272 draw=2244 period=16586 full=false repaint=7608 changed=7608 (octowhere octowhere-handover/src/main.rs:2492)
42.210846 [INFO ] [BENCH] round=3 frame=1591 step=2703 draw=2909 period=11415 full=false repaint=7608 changed=0 (octowhere octowhere-handover/src/main.rs:2492)
42.219428 [INFO ] [BENCH] round=3 frame=1600 step=2779 draw=1746 period=3334 full=false repaint=4176 changed=4176 (octowhere octowhere-handover/src/main.rs:2492)
42.224612 [INFO ] [BENCH] round=3 frame=1605 step=2671 draw=1725 period=5311 full=false repaint=4176 changed=0 (octowhere octowhere-handover/src/main.rs:2492)
42.231794 [INFO ] [BENCH] round=3 frame=1612 step=2838 draw=1235 period=7506 full=false repaint=3432 changed=3432 (octowhere octowhere-handover/src/main.rs:2492)
42.241907 [INFO ] [BENCH] round=3 frame=1622 step=8163 draw=1106 period=4921 full=false repaint=3432 changed=0 (octowhere octowhere-handover/src/main.rs:2492)
42.252169 [INFO ] [BENCH] round=3 frame=1632 step=2698 draw=1716 period=3345 full=false repaint=4176 changed=4176 (octowhere octowhere-handover/src/main.rs:2492)
42.257422 [INFO ] [BENCH] round=3 frame=1638 step=2674 draw=1728 period=5268 full=false repaint=4176 changed=0 (octowhere octowhere-handover/src/main.rs:2492)
42.283682 [INFO ] [BENCH] round=3 frame=1664 step=2138 draw=1715 period=808 full=false repaint=4176 changed=4176 (octowhere octowhere-handover/src/main.rs:2492)
42.294831 [INFO ] [BENCH] round=3 frame=1675 step=8227 draw=2042 period=4717 full=false repaint=4176 changed=0 (octowhere octowhere-handover/src/main.rs:2492)
42.317326 [INFO ] [BENCH] round=3 frame=1698 step=2084 draw=1841 period=778 full=false repaint=4176 changed=4176 (octowhere octowhere-handover/src/main.rs:2492)
42.321295 [INFO ] [BENCH] round=3 frame=1702 step=1204 draw=1893 period=4795 full=false repaint=4176 changed=0 (octowhere octowhere-handover/src/main.rs:2492)
42.340191 [INFO ] [BENCH] round=3 frame=1720 step=7584 draw=714 period=675 full=false repaint=36 changed=36 (octowhere octowhere-handover/src/main.rs:2492)
42.343077 [INFO ] [BENCH] round=3 frame=1723 step=1180 draw=873 period=9129 full=false repaint=36 changed=0 (octowhere octowhere-handover/src/main.rs:2492)
42.350378 [INFO ] [BENCH] round=3 frame=1731 step=2101 draw=1849 period=1440 full=false repaint=4176 changed=4176 (octowhere octowhere-handover/src/main.rs:2492)
42.356537 [INFO ] [BENCH] round=3 frame=1737 step=1215 draw=4088 period=4800 full=false repaint=4176 changed=0 (octowhere octowhere-handover/src/main.rs:2492)
42.366563 [INFO ] [BENCH] round=3 frame=1747 step=3232 draw=1485 period=10609 full=false repaint=616 changed=616 (octowhere octowhere-handover/src/main.rs:2492)
42.370209 [INFO ] [BENCH] round=3 frame=1750 step=1213 draw=1567 period=5583 full=false repaint=616 changed=0 (octowhere octowhere-handover/src/main.rs:2492)
42.384232 [INFO ] [BENCH] round=3 frame=1764 step=2101 draw=1937 period=1548 full=false repaint=4176 changed=4176 (octowhere octowhere-handover/src/main.rs:2492)
42.396038 [INFO ] [BENCH] round=3 frame=1776 step=8393 draw=2563 period=4890 full=false repaint=4212 changed=36 (octowhere octowhere-handover/src/main.rs:2492)
42.398955 [INFO ] [BENCH] round=3 frame=1779 step=1248 draw=910 period=11705 full=false repaint=36 changed=0 (octowhere octowhere-handover/src/main.rs:2492)
42.417888 [INFO ] [BENCH] round=3 frame=1798 step=2122 draw=2082 period=1523 full=false repaint=4176 changed=4176 (octowhere octowhere-handover/src/main.rs:2492)
42.422077 [INFO ] [BENCH] round=3 frame=1802 step=1206 draw=2129 period=5050 full=false repaint=4176 changed=0 (octowhere octowhere-handover/src/main.rs:2492)
42.516959 [INFO ] [BENCH] round=3 frame=1897 step=2134 draw=2116 period=741 full=false repaint=4176 changed=4176 (octowhere octowhere-handover/src/main.rs:2492)
42.521191 [INFO ] [BENCH] round=3 frame=1901 step=1207 draw=2165 period=5109 full=false repaint=4176 changed=0 (octowhere octowhere-handover/src/main.rs:2492)
42.540716 [INFO ] [BENCH] round=3 frame=1921 step=7514 draw=1588 period=1492 full=false repaint=72 changed=72 (octowhere octowhere-handover/src/main.rs:2492)
42.544629 [INFO ] [BENCH] round=3 frame=1925 step=1237 draw=1728 period=10070 full=false repaint=72 changed=0 (octowhere octowhere-handover/src/main.rs:2492)
42.551607 [INFO ] [BENCH] round=3 frame=1932 step=2721 draw=2179 period=5066 full=false repaint=4176 changed=4176 (octowhere octowhere-handover/src/main.rs:2492)
42.555914 [INFO ] [BENCH] round=3 frame=1936 step=1210 draw=2224 period=5776 full=false repaint=4176 changed=0 (octowhere octowhere-handover/src/main.rs:2492)
42.583997 [INFO ] [BENCH] round=3 frame=1964 step=2034 draw=2118 period=724 full=false repaint=4176 changed=4176 (octowhere octowhere-handover/src/main.rs:2492)
42.595230 [INFO ] [BENCH] round=3 frame=1975 step=8337 draw=2053 period=5003 full=false repaint=4176 changed=0 (octowhere octowhere-handover/src/main.rs:2492)
43.050448 [INFO ] [BENCH] round=3 frame=2431 step=7580 draw=1541 period=724 full=false repaint=72 changed=72 (octowhere octowhere-handover/src/main.rs:2492)
43.054305 [INFO ] [BENCH] round=3 frame=2435 step=1254 draw=1677 period=10069 full=false repaint=72 changed=0 (octowhere octowhere-handover/src/main.rs:2492)
43.156670 [INFO ] [BENCH] round=3 frame=2537 step=7525 draw=731 period=741 full=false repaint=36 changed=36 (octowhere octowhere-handover/src/main.rs:2492)
43.159557 [INFO ] [BENCH] round=3 frame=2540 step=1188 draw=864 period=9084 full=false repaint=36 changed=0 (octowhere octowhere-handover/src/main.rs:2492)
43.368545 [INFO ] [BENCH] round=3 frame=2749 step=2905 draw=1505 period=3345 full=false repaint=616 changed=616 (octowhere octowhere-handover/src/main.rs:2492)
43.372240 [INFO ] [BENCH] round=3 frame=2752 step=1232 draw=1593 period=5280 full=false repaint=616 changed=0 (octowhere octowhere-handover/src/main.rs:2492)
47.619331 [INFO ] [BENCH] round=4 charging=false (octowhere octowhere-handover/src/main.rs:2368)
47.670082 [INFO ] [BENCH] round=4 frame=1 step=170 draw=17054 period=5948 full=true repaint=217156 changed=217156 (octowhere octowhere-handover/src/main.rs:2492)
47.709038 [INFO ] [BENCH] round=4 frame=2 step=401 draw=22435 period=33319 full=true repaint=217156 changed=217156 (octowhere octowhere-handover/src/main.rs:2492)
47.744676 [INFO ] [BENCH] round=4 frame=3 step=441 draw=24700 period=33343 full=true repaint=217156 changed=217156 (octowhere octowhere-handover/src/main.rs:2492)
47.763870 [INFO ] [BENCH] round=4 frame=3 step=421 draw=17946 period=25903 full=true repaint=217156 changed=0 (octowhere octowhere-handover/src/main.rs:2492)
47.785841 [INFO ] [BENCH] round=4 frame=4 step=361 draw=16176 period=23863 full=true repaint=217156 changed=217156 (octowhere octowhere-handover/src/main.rs:2492)
47.809450 [INFO ] [BENCH] round=4 frame=5 step=378 draw=22518 period=17245 full=true repaint=217156 changed=217156 (octowhere octowhere-handover/src/main.rs:2492)
47.844757 [INFO ] [BENCH] round=4 frame=6 step=675 draw=17939 period=39580 full=true repaint=217156 changed=217156 (octowhere octowhere-handover/src/main.rs:2492)
47.878743 [INFO ] [BENCH] round=4 frame=7 step=384 draw=25479 period=26762 full=true repaint=217156 changed=217156 (octowhere octowhere-handover/src/main.rs:2492)
47.910037 [INFO ] [BENCH] round=4 frame=8 step=426 draw=23360 period=33348 full=true repaint=217156 changed=217156 (octowhere octowhere-handover/src/main.rs:2492)
47.927591 [INFO ] [BENCH] round=4 frame=8 step=887 draw=15852 period=24562 full=true repaint=217156 changed=0 (octowhere octowhere-handover/src/main.rs:2492)
47.953926 [INFO ] [BENCH] round=4 frame=9 step=308 draw=17405 period=25424 full=true repaint=217156 changed=217156 (octowhere octowhere-handover/src/main.rs:2492)
47.985356 [INFO ] [BENCH] round=4 frame=10 step=382 draw=30284 period=18463 full=true repaint=217156 changed=217156 (octowhere octowhere-handover/src/main.rs:2492)
48.007975 [INFO ] [BENCH] round=4 frame=11 step=400 draw=21389 period=31498 full=true repaint=217156 changed=217156 (octowhere octowhere-handover/src/main.rs:2492)
48.044668 [INFO ] [BENCH] round=4 frame=12 step=409 draw=24732 period=33341 full=true repaint=217156 changed=217156 (octowhere octowhere-handover/src/main.rs:2492)
48.070575 [INFO ] [BENCH] round=4 frame=13 step=408 draw=17262 period=33382 full=true repaint=217156 changed=217156 (octowhere octowhere-handover/src/main.rs:2492)
48.099018 [INFO ] [BENCH] round=4 frame=14 step=341 draw=12489 period=33324 full=true repaint=217156 changed=217156 (octowhere octowhere-handover/src/main.rs:2492)
48.132812 [INFO ] [BENCH] round=4 frame=15 step=285 draw=12986 period=33313 full=true repaint=217156 changed=217156 (octowhere octowhere-handover/src/main.rs:2492)
48.166301 [INFO ] [BENCH] round=4 frame=15 step=1185 draw=13520 period=32041 full=true repaint=217156 changed=0 (octowhere octowhere-handover/src/main.rs:2492)
48.180657 [INFO ] [BENCH] round=4 frame=16 step=238 draw=13527 period=15358 full=true repaint=217156 changed=217156 (octowhere octowhere-handover/src/main.rs:2492)
48.203620 [INFO ] [BENCH] round=4 frame=17 step=255 draw=17195 period=19246 full=true repaint=217156 changed=217156 (octowhere octowhere-handover/src/main.rs:2492)
48.235944 [INFO ] [BENCH] round=4 frame=18 step=361 draw=16031 period=33355 full=true repaint=217156 changed=217156 (octowhere octowhere-handover/src/main.rs:2492)
48.254755 [INFO ] [BENCH] round=4 frame=18 step=416 draw=17603 period=17167 full=true repaint=217156 changed=0 (octowhere octowhere-handover/src/main.rs:2492)
48.269621 [INFO ] [BENCH] round=4 frame=19 step=252 draw=13469 period=19225 full=true repaint=217156 changed=217156 (octowhere octowhere-handover/src/main.rs:2492)
48.300534 [INFO ] [BENCH] round=4 frame=20 step=322 draw=13993 period=30303 full=true repaint=217156 changed=217156 (octowhere octowhere-handover/src/main.rs:2492)
48.334808 [INFO ] [BENCH] round=4 frame=21 step=381 draw=14891 period=33332 full=true repaint=217156 changed=217156 (octowhere octowhere-handover/src/main.rs:2492)
48.369447 [INFO ] [BENCH] round=4 frame=22 step=418 draw=16122 period=33352 full=true repaint=217156 changed=217156 (octowhere octowhere-handover/src/main.rs:2492)
48.405420 [INFO ] [BENCH] round=4 frame=23 step=492 draw=18676 period=33322 full=true repaint=217156 changed=217156 (octowhere octowhere-handover/src/main.rs:2492)
48.428167 [INFO ] [BENCH] round=4 frame=23 step=856 draw=21101 period=19950 full=true repaint=217156 changed=0 (octowhere octowhere-handover/src/main.rs:2492)
48.446162 [INFO ] [BENCH] round=4 frame=24 step=347 draw=16967 period=22681 full=true repaint=217156 changed=217156 (octowhere octowhere-handover/src/main.rs:2492)
48.475842 [INFO ] [BENCH] round=4 frame=25 step=283 draw=22639 period=24041 full=true repaint=217156 changed=217156 (octowhere octowhere-handover/src/main.rs:2492)
48.507707 [INFO ] [BENCH] round=4 frame=26 step=696 draw=20766 period=33310 full=true repaint=217156 changed=217156 (octowhere octowhere-handover/src/main.rs:2492)
48.540734 [INFO ] [BENCH] round=4 frame=27 step=640 draw=20467 period=33389 full=true repaint=217156 changed=217156 (octowhere octowhere-handover/src/main.rs:2492)
48.574575 [INFO ] [BENCH] round=4 frame=28 step=604 draw=21020 period=33321 full=true repaint=217156 changed=217156 (octowhere octowhere-handover/src/main.rs:2492)
48.608101 [INFO ] [BENCH] round=4 frame=29 step=633 draw=21230 period=33291 full=true repaint=217156 changed=217156 (octowhere octowhere-handover/src/main.rs:2492)
48.641872 [INFO ] [BENCH] round=4 frame=30 step=627 draw=21623 period=33377 full=true repaint=217156 changed=217156 (octowhere octowhere-handover/src/main.rs:2492)
48.677142 [INFO ] [BENCH] round=4 frame=31 step=2910 draw=21277 period=33334 full=true repaint=217156 changed=217156 (octowhere octowhere-handover/src/main.rs:2492)
48.705747 [INFO ] [BENCH] round=4 frame=31 step=1317 draw=26473 period=24996 full=true repaint=217156 changed=0 (octowhere octowhere-handover/src/main.rs:2492)
48.729509 [INFO ] [BENCH] round=4 frame=32 step=392 draw=22590 period=28579 full=true repaint=217156 changed=217156 (octowhere octowhere-handover/src/main.rs:2492)
48.758506 [INFO ] [BENCH] round=4 frame=33 step=458 draw=27588 period=23908 full=true repaint=217156 changed=217156 (octowhere octowhere-handover/src/main.rs:2492)
48.790270 [INFO ] [BENCH] round=4 frame=34 step=479 draw=29754 period=29596 full=true repaint=217156 changed=217156 (octowhere octowhere-handover/src/main.rs:2492)
48.817382 [INFO ] [BENCH] round=4 frame=35 step=452 draw=25695 period=31210 full=true repaint=217156 changed=217156 (octowhere octowhere-handover/src/main.rs:2492)
48.843432 [INFO ] [BENCH] round=4 frame=36 step=453 draw=23398 period=28349 full=true repaint=217156 changed=217156 (octowhere octowhere-handover/src/main.rs:2492)
48.875984 [INFO ] [BENCH] round=4 frame=37 step=609 draw=22475 period=33309 full=true repaint=217156 changed=217156 (octowhere octowhere-handover/src/main.rs:2492)
48.911767 [INFO ] [BENCH] round=4 frame=38 step=580 draw=24925 period=33371 full=true repaint=217156 changed=217156 (octowhere octowhere-handover/src/main.rs:2492)
48.939471 [INFO ] [BENCH] round=4 frame=38 step=916 draw=25943 period=26323 full=true repaint=217156 changed=0 (octowhere octowhere-handover/src/main.rs:2492)
48.961701 [INFO ] [BENCH] round=4 frame=39 step=400 draw=21046 period=27681 full=true repaint=217156 changed=217156 (octowhere octowhere-handover/src/main.rs:2492)
48.991360 [INFO ] [BENCH] round=4 frame=40 step=407 draw=28400 period=22294 full=true repaint=217156 changed=217156 (octowhere octowhere-handover/src/main.rs:2492)
49.017466 [INFO ] [BENCH] round=4 frame=41 step=486 draw=24802 period=29606 full=true repaint=217156 changed=217156 (octowhere octowhere-handover/src/main.rs:2492)
49.043183 [INFO ] [BENCH] round=4 frame=42 step=471 draw=23081 period=27414 full=true repaint=217156 changed=217156 (octowhere octowhere-handover/src/main.rs:2492)
49.076509 [INFO ] [BENCH] round=4 frame=43 step=649 draw=22934 period=33342 full=true repaint=217156 changed=217156 (octowhere octowhere-handover/src/main.rs:2492)
49.110111 [INFO ] [BENCH] round=4 frame=44 step=619 draw=23215 period=33342 full=true repaint=217156 changed=217156 (octowhere octowhere-handover/src/main.rs:2492)
49.143466 [INFO ] [BENCH] round=4 frame=45 step=630 draw=23219 period=33345 full=true repaint=217156 changed=217156 (octowhere octowhere-handover/src/main.rs:2492)
49.178445 [INFO ] [BENCH] round=4 frame=46 step=598 draw=24903 period=33324 full=true repaint=217156 changed=217156 (octowhere octowhere-handover/src/main.rs:2492)
49.205413 [INFO ] [BENCH] round=4 frame=46 step=904 draw=25237 period=26320 full=true repaint=217156 changed=0 (octowhere octowhere-handover/src/main.rs:2492)
49.227417 [INFO ] [BENCH] round=4 frame=47 step=405 draw=20833 period=26931 full=true repaint=217156 changed=217156 (octowhere octowhere-handover/src/main.rs:2492)
49.256277 [INFO ] [BENCH] round=4 frame=48 step=408 draw=27581 period=22105 full=true repaint=217156 changed=217156 (octowhere octowhere-handover/src/main.rs:2492)
49.280885 [INFO ] [BENCH] round=4 frame=49 step=468 draw=23329 period=28812 full=true repaint=217156 changed=217156 (octowhere octowhere-handover/src/main.rs:2492)
49.310491 [INFO ] [BENCH] round=4 frame=50 step=608 draw=23638 period=29133 full=true repaint=217156 changed=217156 (octowhere octowhere-handover/src/main.rs:2492)
49.341416 [INFO ] [BENCH] round=4 frame=51 step=592 draw=21214 period=33368 full=true repaint=217156 changed=217156 (octowhere octowhere-handover/src/main.rs:2492)
49.374865 [INFO ] [BENCH] round=4 frame=52 step=588 draw=21342 period=33322 full=true repaint=217156 changed=217156 (octowhere octowhere-handover/src/main.rs:2492)
49.413275 [INFO ] [BENCH] round=4 frame=53 step=614 draw=26391 period=33349 full=true repaint=217156 changed=217156 (octowhere octowhere-handover/src/main.rs:2492)
49.440146 [INFO ] [BENCH] round=4 frame=53 step=858 draw=25225 period=27776 full=true repaint=217156 changed=0 (octowhere octowhere-handover/src/main.rs:2492)
49.462137 [INFO ] [BENCH] round=4 frame=54 step=392 draw=20845 period=26855 full=true repaint=217156 changed=217156 (octowhere octowhere-handover/src/main.rs:2492)
49.487879 [INFO ] [BENCH] round=4 frame=55 step=399 draw=24505 period=22075 full=true repaint=217156 changed=217156 (octowhere octowhere-handover/src/main.rs:2492)
49.515818 [INFO ] [BENCH] round=4 frame=56 step=459 draw=26552 period=25830 full=true repaint=217156 changed=217156 (octowhere octowhere-handover/src/main.rs:2492)
49.542403 [INFO ] [BENCH] round=4 frame=56 step=419 draw=25350 period=27823 full=true repaint=217156 changed=0 (octowhere octowhere-handover/src/main.rs:2492)
49.565080 [INFO ] [BENCH] round=4 frame=57 step=395 draw=21516 period=26546 full=true repaint=217156 changed=217156 (octowhere octowhere-handover/src/main.rs:2492)
49.591267 [INFO ] [BENCH] round=4 frame=58 step=439 draw=24863 period=22793 full=true repaint=217156 changed=217156 (octowhere octowhere-handover/src/main.rs:2492)
49.615703 [INFO ] [BENCH] round=4 frame=59 step=460 draw=23066 period=26211 full=true repaint=217156 changed=217156 (octowhere octowhere-handover/src/main.rs:2492)
49.645807 [INFO ] [BENCH] round=4 frame=60 step=838 draw=25404 period=27385 full=true repaint=217156 changed=217156 (octowhere octowhere-handover/src/main.rs:2492)
49.682040 [INFO ] [BENCH] round=4 frame=61 step=779 draw=28347 period=33351 full=true repaint=217156 changed=217156 (octowhere octowhere-handover/src/main.rs:2492)
49.710421 [INFO ] [BENCH] round=4 frame=61 step=876 draw=26706 period=29907 full=true repaint=217156 changed=0 (octowhere octowhere-handover/src/main.rs:2492)
49.734180 [INFO ] [BENCH] round=4 frame=62 step=394 draw=22612 period=28348 full=true repaint=217156 changed=217156 (octowhere octowhere-handover/src/main.rs:2492)
49.765382 [INFO ] [BENCH] round=4 frame=63 step=468 draw=29885 period=23844 full=true repaint=217156 changed=217156 (octowhere octowhere-handover/src/main.rs:2492)
49.795768 [INFO ] [BENCH] round=4 frame=64 step=465 draw=29074 period=31208 full=true repaint=217156 changed=217156 (octowhere octowhere-handover/src/main.rs:2492)
49.822384 [INFO ] [BENCH] round=4 frame=65 step=490 draw=25190 period=30468 full=true repaint=217156 changed=217156 (octowhere octowhere-handover/src/main.rs:2492)
49.849163 [INFO ] [BENCH] round=4 frame=66 step=2777 draw=22997 period=26630 full=true repaint=217156 changed=217156 (octowhere octowhere-handover/src/main.rs:2492)
49.878447 [INFO ] [BENCH] round=4 frame=67 step=470 draw=25057 period=29588 full=true repaint=217156 changed=217156 (octowhere octowhere-handover/src/main.rs:2492)
49.917353 [INFO ] [BENCH] round=4 frame=68 step=4261 draw=26799 period=33338 full=true repaint=217156 changed=216 (octowhere octowhere-handover/src/main.rs:2492)
49.922183 [INFO ] [BENCH] round=4 frame=68 step=842 draw=3141 period=31838 full=false repaint=216 changed=0 (octowhere octowhere-handover/src/main.rs:2492)
49.927784 [INFO ] [BENCH] round=4 frame=69 step=2346 draw=1691 period=5649 full=false repaint=36 changed=36 (octowhere octowhere-handover/src/main.rs:2492)
49.957983 [INFO ] [BENCH] round=4 frame=70 step=2374 draw=2485 period=29200 full=false repaint=72 changed=72 (octowhere octowhere-handover/src/main.rs:2492)
49.991245 [INFO ] [BENCH] round=4 frame=71 step=2417 draw=2552 period=33291 full=false repaint=108 changed=72 (octowhere octowhere-handover/src/main.rs:2492)
50.004259 [INFO ] [BENCH] round=4 frame=71 step=394 draw=2574 period=15029 full=false repaint=72 changed=0 (octowhere octowhere-handover/src/main.rs:2492)
50.023593 [INFO ] [BENCH] round=4 frame=72 step=2337 draw=1680 period=18305 full=false repaint=36 changed=36 (octowhere octowhere-handover/src/main.rs:2492)
50.057939 [INFO ] [BENCH] round=4 frame=73 step=2361 draw=2596 period=33367 full=false repaint=108 changed=108 (octowhere octowhere-handover/src/main.rs:2492)
50.091290 [INFO ] [BENCH] round=4 frame=74 step=2380 draw=2599 period=33344 full=false repaint=108 changed=36 (octowhere octowhere-handover/src/main.rs:2492)
50.124570 [INFO ] [BENCH] round=4 frame=75 step=2386 draw=2529 period=33331 full=false repaint=108 changed=108 (octowhere octowhere-handover/src/main.rs:2492)
50.157881 [INFO ] [BENCH] round=4 frame=76 step=2386 draw=2524 period=33334 full=false repaint=108 changed=36 (octowhere octowhere-handover/src/main.rs:2492)
50.171523 [INFO ] [BENCH] round=4 frame=76 step=788 draw=1886 period=15894 full=false repaint=36 changed=0 (octowhere octowhere-handover/src/main.rs:2492)
50.191174 [INFO ] [BENCH] round=4 frame=77 step=2359 draw=2538 period=17393 full=false repaint=108 changed=108 (octowhere octowhere-handover/src/main.rs:2492)
50.224548 [INFO ] [BENCH] round=4 frame=78 step=2377 draw=2537 period=33375 full=false repaint=108 changed=36 (octowhere octowhere-handover/src/main.rs:2492)
50.258747 [INFO ] [BENCH] round=4 frame=79 step=2363 draw=2577 period=34150 full=false repaint=144 changed=144 (octowhere octowhere-handover/src/main.rs:2492)
50.291483 [INFO ] [BENCH] round=4 frame=80 step=2451 draw=2697 period=32529 full=false repaint=252 changed=144 (octowhere octowhere-handover/src/main.rs:2492)
50.324665 [INFO ] [BENCH] round=4 frame=81 step=2414 draw=2605 period=33335 full=false repaint=144 changed=36 (octowhere octowhere-handover/src/main.rs:2492)
50.357026 [INFO ] [BENCH] round=4 frame=82 step=2380 draw=1695 period=33325 full=false repaint=36 changed=36 (octowhere octowhere-handover/src/main.rs:2492)
50.391134 [INFO ] [BENCH] round=4 frame=83 step=2378 draw=2435 period=33333 full=false repaint=72 changed=72 (octowhere octowhere-handover/src/main.rs:2492)
50.426188 [INFO ] [BENCH] round=4 frame=84 step=2828 draw=2460 period=34597 full=false repaint=72 changed=36 (octowhere octowhere-handover/src/main.rs:2492)
50.457819 [INFO ] [BENCH] round=4 frame=85 step=2398 draw=2452 period=32052 full=false repaint=108 changed=108 (octowhere octowhere-handover/src/main.rs:2492)
50.491424 [INFO ] [BENCH] round=4 frame=86 step=2427 draw=2684 period=33338 full=false repaint=216 changed=144 (octowhere octowhere-handover/src/main.rs:2492)
50.509387 [INFO ] [BENCH] round=4 frame=86 step=398 draw=2758 period=19947 full=false repaint=144 changed=0 (octowhere octowhere-handover/src/main.rs:2492)
50.524166 [INFO ] [BENCH] round=4 frame=87 step=2224 draw=2339 period=13366 full=false repaint=108 changed=108 (octowhere octowhere-handover/src/main.rs:2492)
50.557867 [INFO ] [BENCH] round=4 frame=88 step=2335 draw=2579 period=33345 full=false repaint=108 changed=36 (octowhere octowhere-handover/src/main.rs:2492)
50.590325 [INFO ] [BENCH] round=4 frame=89 step=2342 draw=1698 period=33352 full=false repaint=36 changed=36 (octowhere octowhere-handover/src/main.rs:2492)
50.624313 [INFO ] [BENCH] round=4 frame=90 step=2358 draw=2324 period=33322 full=false repaint=72 changed=72 (octowhere octowhere-handover/src/main.rs:2492)
50.657926 [INFO ] [BENCH] round=4 frame=91 step=2391 draw=2546 period=33343 full=false repaint=108 changed=72 (octowhere octowhere-handover/src/main.rs:2492)
50.676414 [INFO ] [BENCH] round=4 frame=91 step=837 draw=2663 period=19945 full=false repaint=72 changed=0 (octowhere octowhere-handover/src/main.rs:2492)
50.692057 [INFO ] [BENCH] round=4 frame=92 step=2650 draw=3114 period=13371 full=false repaint=108 changed=108 (octowhere octowhere-handover/src/main.rs:2492)
50.724729 [INFO ] [BENCH] round=4 frame=93 step=2423 draw=2677 period=33328 full=false repaint=180 changed=108 (octowhere octowhere-handover/src/main.rs:2492)
50.761003 [INFO ] [BENCH] round=4 frame=94 step=2847 draw=5189 period=33334 full=false repaint=180 changed=108 (octowhere octowhere-handover/src/main.rs:2492)
50.766238 [INFO ] [BENCH] round=4 frame=94 step=503 draw=3936 period=8868 full=false repaint=108 changed=0 (octowhere octowhere-handover/src/main.rs:2492)
50.792632 [INFO ] [BENCH] round=4 frame=95 step=2357 draw=1693 period=26792 full=false repaint=36 changed=36 (octowhere octowhere-handover/src/main.rs:2492)
50.823657 [INFO ] [BENCH] round=4 frame=96 step=2359 draw=1715 period=31000 full=false repaint=36 changed=36 (octowhere octowhere-handover/src/main.rs:2492)
50.858024 [INFO ] [BENCH] round=4 frame=97 step=2392 draw=2647 period=33360 full=false repaint=180 changed=180 (octowhere octowhere-handover/src/main.rs:2492)
50.891382 [INFO ] [BENCH] round=4 frame=98 step=2413 draw=2656 period=33326 full=false repaint=216 changed=72 (octowhere octowhere-handover/src/main.rs:2492)
50.926758 [INFO ] [BENCH] round=4 frame=99 step=2419 draw=4697 period=33336 full=false repaint=108 changed=72 (octowhere octowhere-handover/src/main.rs:2492)
50.931383 [INFO ] [BENCH] round=4 frame=99 step=823 draw=2971 period=7909 full=false repaint=72 changed=0 (octowhere octowhere-handover/src/main.rs:2492)
50.957640 [INFO ] [BENCH] round=4 frame=100 step=2302 draw=2418 period=25387 full=false repaint=72 changed=72 (octowhere octowhere-handover/src/main.rs:2492)
50.991170 [INFO ] [BENCH] round=4 frame=101 step=2370 draw=2467 period=33397 full=false repaint=108 changed=72 (octowhere octowhere-handover/src/main.rs:2492)
51.013959 [INFO ] [BENCH] round=4 frame=101 step=391 draw=2584 period=24669 full=false repaint=72 changed=0 (octowhere octowhere-handover/src/main.rs:2492)
51.024186 [INFO ] [BENCH] round=4 frame=102 step=2220 draw=2365 period=8617 full=false repaint=144 changed=144 (octowhere octowhere-handover/src/main.rs:2492)
51.058053 [INFO ] [BENCH] round=4 frame=103 step=2339 draw=2729 period=33355 full=false repaint=216 changed=108 (octowhere octowhere-handover/src/main.rs:2492)
51.091317 [INFO ] [BENCH] round=4 frame=104 step=2384 draw=2572 period=33378 full=false repaint=144 changed=72 (octowhere octowhere-handover/src/main.rs:2492)
51.124713 [INFO ] [BENCH] round=4 frame=105 step=2396 draw=2665 period=33288 full=false repaint=180 changed=144 (octowhere octowhere-handover/src/main.rs:2492)
51.158050 [INFO ] [BENCH] round=4 frame=106 step=2393 draw=2630 period=33378 full=false repaint=180 changed=72 (octowhere octowhere-handover/src/main.rs:2492)
51.180432 [INFO ] [BENCH] round=4 frame=106 step=845 draw=2631 period=23949 full=false repaint=72 changed=0 (octowhere octowhere-handover/src/main.rs:2492)
51.190036 [INFO ] [BENCH] round=4 frame=107 step=2224 draw=1541 period=9360 full=false repaint=36 changed=36 (octowhere octowhere-handover/src/main.rs:2492)
51.224352 [INFO ] [BENCH] round=4 frame=108 step=2300 draw=2419 period=33303 full=false repaint=72 changed=72 (octowhere octowhere-handover/src/main.rs:2492)
51.257726 [INFO ] [BENCH] round=4 frame=109 step=2362 draw=2403 period=33347 full=false repaint=72 changed=36 (octowhere octowhere-handover/src/main.rs:2492)
51.265761 [INFO ] [BENCH] round=4 frame=109 step=364 draw=2034 period=10428 full=false repaint=36 changed=0 (octowhere octowhere-handover/src/main.rs:2492)
51.290982 [INFO ] [BENCH] round=4 frame=110 step=2320 draw=2426 period=22831 full=false repaint=72 changed=72 (octowhere octowhere-handover/src/main.rs:2492)
51.324388 [INFO ] [BENCH] round=4 frame=111 step=2338 draw=2430 period=33401 full=false repaint=72 changed=36 (octowhere octowhere-handover/src/main.rs:2492)
51.356955 [INFO ] [BENCH] round=4 frame=112 step=2326 draw=1676 period=33348 full=false repaint=36 changed=36 (octowhere octowhere-handover/src/main.rs:2492)
51.390286 [INFO ] [BENCH] round=4 frame=113 step=2307 draw=1704 period=33325 full=false repaint=36 changed=36 (octowhere octowhere-handover/src/main.rs:2492)
51.423619 [INFO ] [BENCH] round=4 frame=114 step=2322 draw=1681 period=33338 full=false repaint=36 changed=36 (octowhere octowhere-handover/src/main.rs:2492)
51.431805 [INFO ] [BENCH] round=4 frame=114 step=787 draw=2108 period=9294 full=false repaint=36 changed=0 (octowhere octowhere-handover/src/main.rs:2492)
51.456835 [INFO ] [BENCH] round=4 frame=115 step=2291 draw=1667 period=23971 full=false repaint=36 changed=36 (octowhere octowhere-handover/src/main.rs:2492)
51.490250 [INFO ] [BENCH] round=4 frame=116 step=2285 draw=1696 period=33391 full=false repaint=36 changed=36 (octowhere octowhere-handover/src/main.rs:2492)
51.518087 [INFO ] [BENCH] round=4 frame=116 step=359 draw=1851 period=29618 full=false repaint=36 changed=0 (octowhere octowhere-handover/src/main.rs:2492)
51.523188 [INFO ] [BENCH] round=4 frame=117 step=2165 draw=1475 period=3694 full=false repaint=36 changed=36 (octowhere octowhere-handover/src/main.rs:2492)
51.556906 [INFO ] [BENCH] round=4 frame=118 step=2257 draw=1705 period=33360 full=false repaint=36 changed=36 (octowhere octowhere-handover/src/main.rs:2492)
51.590244 [INFO ] [BENCH] round=4 frame=119 step=2300 draw=1666 period=33338 full=false repaint=36 changed=36 (octowhere octowhere-handover/src/main.rs:2492)
51.642689 [INFO ] [BENCH] round=4 frame=120 step=332 draw=22767 period=33341 full=true repaint=217156 changed=217156 (octowhere octowhere-handover/src/main.rs:2492)
51.682861 [INFO ] [BENCH] round=4 frame=121 step=448 draw=29559 period=33260 full=true repaint=217156 changed=217156 (octowhere octowhere-handover/src/main.rs:2492)
51.713515 [INFO ] [BENCH] round=4 frame=121 step=823 draw=29171 period=30649 full=true repaint=217156 changed=0 (octowhere octowhere-handover/src/main.rs:2492)
51.738551 [INFO ] [BENCH] round=4 frame=122 step=317 draw=24160 period=30589 full=true repaint=217156 changed=217156 (octowhere octowhere-handover/src/main.rs:2492)
51.757244 [INFO ] [BENCH] round=4 frame=123 step=275 draw=17866 period=25013 full=true repaint=217156 changed=217156 (octowhere octowhere-handover/src/main.rs:2492)
51.794712 [INFO ] [BENCH] round=4 frame=124 step=374 draw=25931 period=29292 full=true repaint=217156 changed=217156 (octowhere octowhere-handover/src/main.rs:2492)
51.815533 [INFO ] [BENCH] round=4 frame=125 step=384 draw=19588 period=27127 full=true repaint=217156 changed=217156 (octowhere octowhere-handover/src/main.rs:2492)
51.846693 [INFO ] [BENCH] round=4 frame=126 step=524 draw=18580 period=32049 full=true repaint=217156 changed=217156 (octowhere octowhere-handover/src/main.rs:2492)
51.873614 [INFO ] [BENCH] round=4 frame=127 step=283 draw=20526 period=25268 full=true repaint=217156 changed=217156 (octowhere octowhere-handover/src/main.rs:2492)
51.906581 [INFO ] [BENCH] round=4 frame=128 step=295 draw=20104 period=33363 full=true repaint=217156 changed=217156 (octowhere octowhere-handover/src/main.rs:2492)
51.941890 [INFO ] [BENCH] round=4 frame=129 step=265 draw=22119 period=33301 full=true repaint=217156 changed=217156 (octowhere octowhere-handover/src/main.rs:2492)
51.960632 [INFO ] [BENCH] round=4 frame=129 step=803 draw=17320 period=22997 full=true repaint=217156 changed=0 (octowhere octowhere-handover/src/main.rs:2492)
51.984285 [INFO ] [BENCH] round=4 frame=130 step=235 draw=16044 period=25540 full=true repaint=217156 changed=217156 (octowhere octowhere-handover/src/main.rs:2492)
52.005966 [INFO ] [BENCH] round=4 frame=131 step=143 draw=19701 period=18112 full=true repaint=217156 changed=217156 (octowhere octowhere-handover/src/main.rs:2492)
52.041511 [INFO ] [BENCH] round=4 frame=132 step=361 draw=20497 period=34491 full=true repaint=217156 changed=217156 (octowhere octowhere-handover/src/main.rs:2492)
52.082621 [INFO ] [BENCH] round=4 frame=133 step=312 draw=29480 period=32206 full=true repaint=217156 changed=217156 (octowhere octowhere-handover/src/main.rs:2492)
52.115860 [INFO ] [BENCH] round=4 frame=134 step=283 draw=29428 period=33320 full=true repaint=217156 changed=217156 (octowhere octowhere-handover/src/main.rs:2492)
52.149078 [INFO ] [BENCH] round=4 frame=135 step=279 draw=29308 period=33345 full=true repaint=217156 changed=217156 (octowhere octowhere-handover/src/main.rs:2492)
52.182330 [INFO ] [BENCH] round=4 frame=136 step=280 draw=29219 period=33335 full=true repaint=217156 changed=217156 (octowhere octowhere-handover/src/main.rs:2492)
52.215160 [INFO ] [BENCH] round=4 frame=136 step=825 draw=29360 period=32099 full=true repaint=217156 changed=0 (octowhere octowhere-handover/src/main.rs:2492)
52.242149 [INFO ] [BENCH] round=4 frame=137 step=269 draw=26223 period=30769 full=true repaint=217156 changed=217156 (octowhere octowhere-handover/src/main.rs:2492)
52.250939 [INFO ] [BENCH] round=4 frame=138 step=142 draw=8419 period=26733 full=true repaint=217156 changed=217156 (octowhere octowhere-handover/src/main.rs:2492)
52.294545 [INFO ] [BENCH] round=4 frame=1024 step=3891 draw=20684 period=27497 full=true repaint=217156 changed=217156 (octowhere octowhere-handover/src/main.rs:2492)
52.323028 [INFO ] [BENCH] round=4 frame=1053 step=7837 draw=19770 period=25387 full=true repaint=217156 changed=15912 (octowhere octowhere-handover/src/main.rs:2492)
52.342726 [INFO ] [BENCH] round=4 frame=1072 step=9378 draw=9375 period=28540 full=false repaint=32508 changed=32148 (octowhere octowhere-handover/src/main.rs:2492)
52.363421 [INFO ] [BENCH] round=4 frame=1093 step=8140 draw=11553 period=19690 full=false repaint=34148 changed=2000 (octowhere octowhere-handover/src/main.rs:2492)
52.381362 [INFO ] [BENCH] round=4 frame=1111 step=8425 draw=8543 period=20715 full=false repaint=21048 changed=19048 (octowhere octowhere-handover/src/main.rs:2492)
52.402310 [INFO ] [BENCH] round=4 frame=1132 step=9132 draw=10860 period=17925 full=false repaint=25248 changed=22076 (octowhere octowhere-handover/src/main.rs:2492)
52.423181 [INFO ] [BENCH] round=4 frame=1153 step=9480 draw=10410 period=20989 full=false repaint=22436 changed=4308 (octowhere octowhere-handover/src/main.rs:2492)
52.434345 [INFO ] [BENCH] round=4 frame=1164 step=4321 draw=6000 period=20762 full=false repaint=5588 changed=3940 (octowhere octowhere-handover/src/main.rs:2492)
52.453660 [INFO ] [BENCH] round=4 frame=1183 step=9287 draw=7190 period=13164 full=false repaint=17284 changed=16004 (octowhere octowhere-handover/src/main.rs:2492)
52.465966 [INFO ] [BENCH] round=4 frame=1195 step=3065 draw=8289 period=17421 full=false repaint=16004 changed=12056 (octowhere octowhere-handover/src/main.rs:2492)
52.474285 [INFO ] [BENCH] round=4 frame=1204 step=3056 draw=4458 period=12176 full=false repaint=12056 changed=7880 (octowhere octowhere-handover/src/main.rs:2492)
52.486126 [INFO ] [BENCH] round=4 frame=1216 step=3016 draw=4487 period=11850 full=false repaint=12056 changed=12056 (octowhere octowhere-handover/src/main.rs:2492)
52.508213 [INFO ] [BENCH] round=4 frame=1238 step=8280 draw=4958 period=16357 full=false repaint=12056 changed=7880 (octowhere octowhere-handover/src/main.rs:2492)
52.529013 [INFO ] [BENCH] round=4 frame=1259 step=8376 draw=8622 period=17031 full=false repaint=15500 changed=15500 (octowhere octowhere-handover/src/main.rs:2492)
52.539069 [INFO ] [BENCH] round=4 frame=1269 step=2962 draw=6391 period=17704 full=false repaint=15500 changed=12056 (octowhere octowhere-handover/src/main.rs:2492)
52.562082 [INFO ] [BENCH] round=4 frame=1292 step=8505 draw=7316 period=16440 full=false repaint=15560 changed=15560 (octowhere octowhere-handover/src/main.rs:2492)
52.573709 [INFO ] [BENCH] round=4 frame=1303 step=3034 draw=7559 period=16943 full=false repaint=15560 changed=12056 (octowhere octowhere-handover/src/main.rs:2492)
52.589731 [INFO ] [BENCH] round=4 frame=1319 step=3072 draw=6812 period=16743 full=false repaint=15488 changed=15488 (octowhere octowhere-handover/src/main.rs:2492)
52.612334 [INFO ] [BENCH] round=4 frame=1342 step=8550 draw=7546 period=16374 full=false repaint=15488 changed=12056 (octowhere octowhere-handover/src/main.rs:2492)
52.624036 [INFO ] [BENCH] round=4 frame=1354 step=3070 draw=7103 period=17641 full=false repaint=15488 changed=15488 (octowhere octowhere-handover/src/main.rs:2492)
52.640290 [INFO ] [BENCH] round=4 frame=1370 step=3009 draw=7454 period=15962 full=false repaint=15488 changed=12056 (octowhere octowhere-handover/src/main.rs:2492)
52.662897 [INFO ] [BENCH] round=4 frame=1392 step=8456 draw=7485 period=17079 full=false repaint=15488 changed=7608 (octowhere octowhere-handover/src/main.rs:2492)
52.669019 [INFO ] [BENCH] round=4 frame=1399 step=2981 draw=2220 period=16926 full=false repaint=7608 changed=4176 (octowhere octowhere-handover/src/main.rs:2492)
52.685525 [INFO ] [BENCH] round=4 frame=1415 step=2970 draw=2932 period=15802 full=false repaint=7608 changed=7608 (octowhere octowhere-handover/src/main.rs:2492)
52.708069 [INFO ] [BENCH] round=4 frame=1438 step=9875 draw=2112 period=16470 full=false repaint=7608 changed=4176 (octowhere octowhere-handover/src/main.rs:2492)
52.718546 [INFO ] [BENCH] round=4 frame=1448 step=2928 draw=2207 period=17313 full=false repaint=7608 changed=7608 (octowhere octowhere-handover/src/main.rs:2492)
52.734882 [INFO ] [BENCH] round=4 frame=1464 step=2899 draw=2223 period=16360 full=false repaint=7608 changed=4176 (octowhere octowhere-handover/src/main.rs:2492)
52.758440 [INFO ] [BENCH] round=4 frame=1488 step=9484 draw=2200 period=16997 full=false repaint=7608 changed=7608 (octowhere octowhere-handover/src/main.rs:2492)
52.768744 [INFO ] [BENCH] round=4 frame=1498 step=2909 draw=2242 period=16835 full=false repaint=7608 changed=4176 (octowhere octowhere-handover/src/main.rs:2492)
52.787388 [INFO ] [BENCH] round=4 frame=1517 step=4599 draw=2360 period=16840 full=false repaint=7608 changed=7608 (octowhere octowhere-handover/src/main.rs:2492)
52.808457 [INFO ] [BENCH] round=4 frame=1538 step=9157 draw=2325 period=16548 full=false repaint=7608 changed=4176 (octowhere octowhere-handover/src/main.rs:2492)
52.820141 [INFO ] [BENCH] round=4 frame=1550 step=3674 draw=2351 period=17133 full=false repaint=7608 changed=7608 (octowhere octowhere-handover/src/main.rs:2492)
52.835894 [INFO ] [BENCH] round=4 frame=1565 step=2907 draw=2262 period=16608 full=false repaint=7608 changed=4176 (octowhere octowhere-handover/src/main.rs:2492)
52.858048 [INFO ] [BENCH] round=4 frame=1588 step=8299 draw=2150 period=16873 full=false repaint=7608 changed=7608 (octowhere octowhere-handover/src/main.rs:2492)
52.868971 [INFO ] [BENCH] round=4 frame=1599 step=2867 draw=1841 period=16669 full=false repaint=7608 changed=4176 (octowhere octowhere-handover/src/main.rs:2492)
52.885815 [INFO ] [BENCH] round=4 frame=1615 step=2861 draw=1846 period=16845 full=false repaint=7608 changed=3432 (octowhere octowhere-handover/src/main.rs:2492)
52.907309 [INFO ] [BENCH] round=4 frame=1637 step=8332 draw=1154 period=16740 full=false repaint=3432 changed=0 (octowhere octowhere-handover/src/main.rs:2492)
53.050788 [INFO ] [BENCH] round=4 frame=1780 step=7537 draw=1539 period=745 full=false repaint=72 changed=72 (octowhere octowhere-handover/src/main.rs:2492)
53.054619 [INFO ] [BENCH] round=4 frame=1784 step=1239 draw=1668 period=10018 full=false repaint=72 changed=0 (octowhere octowhere-handover/src/main.rs:2492)
53.156854 [INFO ] [BENCH] round=4 frame=1886 step=7497 draw=700 period=698 full=false repaint=36 changed=36 (octowhere octowhere-handover/src/main.rs:2492)
53.159717 [INFO ] [BENCH] round=4 frame=1889 step=1168 draw=874 period=9015 full=false repaint=36 changed=0 (octowhere octowhere-handover/src/main.rs:2492)
53.450181 [INFO ] [BENCH] round=4 frame=2180 step=2991 draw=1540 period=3051 full=false repaint=616 changed=616 (octowhere octowhere-handover/src/main.rs:2492)
53.453909 [INFO ] [BENCH] round=4 frame=2183 step=1207 draw=1632 period=5408 full=false repaint=616 changed=0 (octowhere octowhere-handover/src/main.rs:2492)
53.629209 [INFO ] [BENCH] round=4 frame=2359 step=7427 draw=1439 period=681 full=false repaint=72 changed=72 (octowhere octowhere-handover/src/main.rs:2492)
53.632908 [INFO ] [BENCH] round=4 frame=2362 step=1217 draw=1574 period=9792 full=false repaint=72 changed=0 (octowhere octowhere-handover/src/main.rs:2492)
53.698928 [INFO ] [BENCH] round=4 frame=2428 step=10186 draw=860 period=1158 full=false repaint=36 changed=36 (octowhere octowhere-handover/src/main.rs:2492)
53.703222 [INFO ] [BENCH] round=4 frame=2433 step=2312 draw=1239 period=12172 full=false repaint=36 changed=0 (octowhere octowhere-handover/src/main.rs:2492)
53.995073 [INFO ] [BENCH] round=4 frame=2725 step=7498 draw=938 period=720 full=false repaint=72 changed=72 (octowhere octowhere-handover/src/main.rs:2492)
53.998199 [INFO ] [BENCH] round=4 frame=2728 step=1182 draw=1079 period=9303 full=false repaint=72 changed=0 (octowhere octowhere-handover/src/main.rs:2492)
58.270272 [INFO ] [BENCH] round=5 charging=true (octowhere octowhere-handover/src/main.rs:2368)
58.320154 [INFO ] [BENCH] round=5 frame=1 step=48 draw=16373 period=33238 full=true repaint=217156 changed=217156 (octowhere octowhere-handover/src/main.rs:2492)
58.348010 [INFO ] [BENCH] round=5 frame=1 step=581 draw=12120 period=31540 full=true repaint=217156 changed=0 (octowhere octowhere-handover/src/main.rs:2492)
58.365154 [INFO ] [BENCH] round=5 frame=2 step=130 draw=16585 period=13184 full=true repaint=217156 changed=217156 (octowhere octowhere-handover/src/main.rs:2492)
58.390942 [INFO ] [BENCH] round=5 frame=3 step=367 draw=20102 period=21990 full=true repaint=217156 changed=217156 (octowhere octowhere-handover/src/main.rs:2492)
58.423947 [INFO ] [BENCH] round=5 frame=4 step=397 draw=19743 period=33337 full=true repaint=217156 changed=217156 (octowhere octowhere-handover/src/main.rs:2492)
58.458049 [INFO ] [BENCH] round=5 frame=5 step=372 draw=20535 period=33328 full=true repaint=217156 changed=217156 (octowhere octowhere-handover/src/main.rs:2492)
58.492064 [INFO ] [BENCH] round=5 frame=6 step=380 draw=21191 period=33341 full=true repaint=217156 changed=217156 (octowhere octowhere-handover/src/main.rs:2492)
58.507458 [INFO ] [BENCH] round=5 frame=6 step=955 draw=13707 period=22325 full=true repaint=217156 changed=0 (octowhere octowhere-handover/src/main.rs:2492)
58.542117 [INFO ] [BENCH] round=5 frame=7 step=298 draw=21040 period=27966 full=true repaint=217156 changed=217156 (octowhere octowhere-handover/src/main.rs:2492)
58.561837 [INFO ] [BENCH] round=5 frame=8 step=421 draw=18547 period=22073 full=true repaint=217156 changed=217156 (octowhere octowhere-handover/src/main.rs:2492)
58.596681 [INFO ] [BENCH] round=5 frame=9 step=369 draw=23958 period=29489 full=true repaint=217156 changed=217156 (octowhere octowhere-handover/src/main.rs:2492)
58.613112 [INFO ] [BENCH] round=5 frame=9 step=433 draw=15162 period=25141 full=true repaint=217156 changed=0 (octowhere octowhere-handover/src/main.rs:2492)
58.645764 [INFO ] [BENCH] round=5 frame=10 step=265 draw=22749 period=25276 full=true repaint=217156 changed=217156 (octowhere octowhere-handover/src/main.rs:2492)
58.667009 [INFO ] [BENCH] round=5 frame=11 step=393 draw=20026 period=23805 full=true repaint=217156 changed=217156 (octowhere octowhere-handover/src/main.rs:2492)
58.700602 [INFO ] [BENCH] round=5 frame=12 step=418 draw=25947 period=27662 full=true repaint=217156 changed=217156 (octowhere octowhere-handover/src/main.rs:2492)
58.722583 [INFO ] [BENCH] round=5 frame=13 step=417 draw=18297 period=29611 full=true repaint=217156 changed=217156 (octowhere octowhere-handover/src/main.rs:2492)
58.751985 [INFO ] [BENCH] round=5 frame=13 step=1213 draw=14238 period=32678 full=true repaint=217156 changed=0 (octowhere octowhere-handover/src/main.rs:2492)
58.766748 [INFO ] [BENCH] round=5 frame=14 step=322 draw=13840 period=16097 full=true repaint=217156 changed=217156 (octowhere octowhere-handover/src/main.rs:2492)
58.790579 [INFO ] [BENCH] round=5 frame=15 step=369 draw=19709 period=17861 full=true repaint=217156 changed=217156 (octowhere octowhere-handover/src/main.rs:2492)
58.818532 [INFO ] [BENCH] round=5 frame=16 step=588 draw=14051 period=33418 full=true repaint=217156 changed=217156 (octowhere octowhere-handover/src/main.rs:2492)
58.854076 [INFO ] [BENCH] round=5 frame=17 step=437 draw=16445 period=33308 full=true repaint=217156 changed=217156 (octowhere octowhere-handover/src/main.rs:2492)
58.872044 [INFO ] [BENCH] round=5 frame=17 step=378 draw=16769 period=17668 full=true repaint=217156 changed=0 (octowhere octowhere-handover/src/main.rs:2492)
58.888606 [INFO ] [BENCH] round=5 frame=18 step=249 draw=13332 period=20199 full=true repaint=217156 changed=217156 (octowhere octowhere-handover/src/main.rs:2492)
58.918430 [INFO ] [BENCH] round=5 frame=19 step=371 draw=14232 period=28782 full=true repaint=217156 changed=217156 (octowhere octowhere-handover/src/main.rs:2492)
58.952486 [INFO ] [BENCH] round=5 frame=20 step=382 draw=14940 period=33346 full=true repaint=217156 changed=217156 (octowhere octowhere-handover/src/main.rs:2492)
58.988781 [INFO ] [BENCH] round=5 frame=21 step=402 draw=17860 period=33329 full=true repaint=217156 changed=217156 (octowhere octowhere-handover/src/main.rs:2492)
59.009213 [INFO ] [BENCH] round=5 frame=21 step=822 draw=18921 period=18939 full=true repaint=217156 changed=0 (octowhere octowhere-handover/src/main.rs:2492)
59.026116 [INFO ] [BENCH] round=5 frame=22 step=328 draw=15827 period=20543 full=true repaint=217156 changed=217156 (octowhere octowhere-handover/src/main.rs:2492)
59.055002 [INFO ] [BENCH] round=5 frame=23 step=425 draw=17349 period=27226 full=true repaint=217156 changed=217156 (octowhere octowhere-handover/src/main.rs:2492)
59.088963 [INFO ] [BENCH] round=5 frame=24 step=506 draw=17925 period=33302 full=true repaint=217156 changed=217156 (octowhere octowhere-handover/src/main.rs:2492)
59.115699 [INFO ] [BENCH] round=5 frame=24 step=418 draw=21740 period=22999 full=true repaint=217156 changed=0 (octowhere octowhere-handover/src/main.rs:2492)
59.136364 [INFO ] [BENCH] round=5 frame=25 step=353 draw=19676 period=22820 full=true repaint=217156 changed=217156 (octowhere octowhere-handover/src/main.rs:2492)
59.159507 [INFO ] [BENCH] round=5 frame=26 step=416 draw=21973 period=20755 full=true repaint=217156 changed=217156 (octowhere octowhere-handover/src/main.rs:2492)
59.192449 [INFO ] [BENCH] round=5 frame=27 step=630 draw=21279 period=33420 full=true repaint=217156 changed=217156 (octowhere octowhere-handover/src/main.rs:2492)
59.226302 [INFO ] [BENCH] round=5 frame=28 step=599 draw=21870 period=33297 full=true repaint=217156 changed=217156 (octowhere octowhere-handover/src/main.rs:2492)
59.261757 [INFO ] [BENCH] round=5 frame=29 step=612 draw=23905 period=33397 full=true repaint=217156 changed=217156 (octowhere octowhere-handover/src/main.rs:2492)
59.288832 [INFO ] [BENCH] round=5 frame=29 step=934 draw=25317 period=25337 full=true repaint=217156 changed=0 (octowhere octowhere-handover/src/main.rs:2492)
59.310919 [INFO ] [BENCH] round=5 frame=30 step=407 draw=20924 period=27028 full=true repaint=217156 changed=217156 (octowhere octowhere-handover/src/main.rs:2492)
59.337231 [INFO ] [BENCH] round=5 frame=31 step=420 draw=25078 period=22151 full=true repaint=217156 changed=217156 (octowhere octowhere-handover/src/main.rs:2492)
59.365329 [INFO ] [BENCH] round=5 frame=32 step=462 draw=26716 period=26401 full=true repaint=217156 changed=217156 (octowhere octowhere-handover/src/main.rs:2492)
59.388373 [INFO ] [BENCH] round=5 frame=32 step=411 draw=21768 period=28006 full=true repaint=217156 changed=0 (octowhere octowhere-handover/src/main.rs:2492)
59.416818 [INFO ] [BENCH] round=5 frame=33 step=389 draw=20505 period=29784 full=true repaint=217156 changed=217156 (octowhere octowhere-handover/src/main.rs:2492)
59.440400 [INFO ] [BENCH] round=5 frame=34 step=426 draw=22275 period=21741 full=true repaint=217156 changed=217156 (octowhere octowhere-handover/src/main.rs:2492)
59.471633 [INFO ] [BENCH] round=5 frame=35 step=460 draw=24721 period=28771 full=true repaint=217156 changed=217156 (octowhere octowhere-handover/src/main.rs:2492)
59.498669 [INFO ] [BENCH] round=5 frame=36 step=459 draw=25680 period=26088 full=true repaint=217156 changed=217156 (octowhere octowhere-handover/src/main.rs:2492)
59.525948 [INFO ] [BENCH] round=5 frame=36 step=1158 draw=25330 period=26914 full=true repaint=217156 changed=0 (octowhere octowhere-handover/src/main.rs:2492)
59.548008 [INFO ] [BENCH] round=5 frame=37 step=399 draw=20909 period=27264 full=true repaint=217156 changed=217156 (octowhere octowhere-handover/src/main.rs:2492)
59.574874 [INFO ] [BENCH] round=5 frame=38 step=411 draw=25590 period=22161 full=true repaint=217156 changed=217156 (octowhere octowhere-handover/src/main.rs:2492)
59.602910 [INFO ] [BENCH] round=5 frame=39 step=461 draw=26640 period=26938 full=true repaint=217156 changed=217156 (octowhere octowhere-handover/src/main.rs:2492)
59.626682 [INFO ] [BENCH] round=5 frame=40 step=519 draw=22368 period=27947 full=true repaint=217156 changed=217156 (octowhere octowhere-handover/src/main.rs:2492)
59.661781 [INFO ] [BENCH] round=5 frame=41 step=633 draw=23941 period=33440 full=true repaint=217156 changed=217156 (octowhere octowhere-handover/src/main.rs:2492)
59.696954 [INFO ] [BENCH] round=5 frame=42 step=719 draw=25636 period=33404 full=true repaint=217156 changed=217156 (octowhere octowhere-handover/src/main.rs:2492)
59.730056 [INFO ] [BENCH] round=5 frame=43 step=643 draw=25531 period=33268 full=true repaint=217156 changed=217156 (octowhere octowhere-handover/src/main.rs:2492)
59.764733 [INFO ] [BENCH] round=5 frame=44 step=757 draw=26741 period=33360 full=true repaint=217156 changed=217156 (octowhere octowhere-handover/src/main.rs:2492)
59.804109 [INFO ] [BENCH] round=5 frame=44 step=895 draw=37665 period=28316 full=true repaint=217156 changed=0 (octowhere octowhere-handover/src/main.rs:2492)
59.826140 [INFO ] [BENCH] round=5 frame=46 step=431 draw=20910 period=39263 full=true repaint=217156 changed=217156 (octowhere octowhere-handover/src/main.rs:2492)
59.865094 [INFO ] [BENCH] round=5 frame=47 step=686 draw=27130 period=32457 full=true repaint=217156 changed=217156 (octowhere octowhere-handover/src/main.rs:2492)
59.891664 [INFO ] [BENCH] round=5 frame=47 step=414 draw=25297 period=28678 full=true repaint=217156 changed=0 (octowhere octowhere-handover/src/main.rs:2492)
59.913761 [INFO ] [BENCH] round=5 frame=48 step=394 draw=20970 period=26459 full=true repaint=217156 changed=217156 (octowhere octowhere-handover/src/main.rs:2492)
59.939556 [INFO ] [BENCH] round=5 frame=49 step=414 draw=24509 period=22225 full=true repaint=217156 changed=217156 (octowhere octowhere-handover/src/main.rs:2492)
59.963722 [INFO ] [BENCH] round=5 frame=50 step=452 draw=22740 period=25854 full=true repaint=217156 changed=217156 (octowhere octowhere-handover/src/main.rs:2492)
59.993372 [INFO ] [BENCH] round=5 frame=51 step=823 draw=22028 period=30042 full=true repaint=217156 changed=217156 (octowhere octowhere-handover/src/main.rs:2492)
60.020076 [INFO ] [BENCH] round=5 frame=51 step=875 draw=22093 period=26575 full=true repaint=217156 changed=0 (octowhere octowhere-handover/src/main.rs:2492)
60.038858 [INFO ] [BENCH] round=5 frame=52 step=399 draw=17672 period=23694 full=true repaint=217156 changed=217156 (octowhere octowhere-handover/src/main.rs:2492)
60.062303 [INFO ] [BENCH] round=5 frame=53 step=408 draw=22123 period=18947 full=true repaint=217156 changed=217156 (octowhere octowhere-handover/src/main.rs:2492)
60.095903 [INFO ] [BENCH] round=5 frame=54 step=453 draw=24915 period=30786 full=true repaint=217156 changed=217156 (octowhere octowhere-handover/src/main.rs:2492)
60.130648 [INFO ] [BENCH] round=5 frame=55 step=493 draw=25792 period=33830 full=true repaint=217156 changed=217156 (octowhere octowhere-handover/src/main.rs:2492)
60.163736 [INFO ] [BENCH] round=5 frame=56 step=479 draw=26058 period=32834 full=true repaint=217156 changed=217156 (octowhere octowhere-handover/src/main.rs:2492)
60.197002 [INFO ] [BENCH] round=5 frame=57 step=477 draw=25997 period=33334 full=true repaint=217156 changed=217156 (octowhere octowhere-handover/src/main.rs:2492)
60.229469 [INFO ] [BENCH] round=5 frame=58 step=494 draw=25116 period=33335 full=true repaint=217156 changed=217156 (octowhere octowhere-handover/src/main.rs:2492)
60.264727 [INFO ] [BENCH] round=5 frame=59 step=503 draw=27027 period=33335 full=true repaint=217156 changed=217156 (octowhere octowhere-handover/src/main.rs:2492)
60.290546 [INFO ] [BENCH] round=5 frame=59 step=884 draw=24118 period=28336 full=true repaint=217156 changed=0 (octowhere octowhere-handover/src/main.rs:2492)
60.312872 [INFO ] [BENCH] round=5 frame=60 step=390 draw=21188 period=25776 full=true repaint=217156 changed=217156 (octowhere octowhere-handover/src/main.rs:2492)
60.337099 [INFO ] [BENCH] round=5 frame=61 step=417 draw=22966 period=22425 full=true repaint=217156 changed=217156 (octowhere octowhere-handover/src/main.rs:2492)
60.365615 [INFO ] [BENCH] round=5 frame=62 step=461 draw=27175 period=24241 full=true repaint=217156 changed=217156 (octowhere octowhere-handover/src/main.rs:2492)
60.390634 [INFO ] [BENCH] round=5 frame=62 step=459 draw=23716 period=28492 full=true repaint=217156 changed=0 (octowhere octowhere-handover/src/main.rs:2492)
60.412755 [INFO ] [BENCH] round=5 frame=63 step=386 draw=21014 period=24900 full=true repaint=217156 changed=217156 (octowhere octowhere-handover/src/main.rs:2492)
60.437258 [INFO ] [BENCH] round=5 frame=64 step=426 draw=23203 period=22261 full=true repaint=217156 changed=217156 (octowhere octowhere-handover/src/main.rs:2492)
60.462982 [INFO ] [BENCH] round=5 frame=65 step=458 draw=24308 period=24588 full=true repaint=217156 changed=217156 (octowhere octowhere-handover/src/main.rs:2492)
60.495483 [INFO ] [BENCH] round=5 frame=66 step=452 draw=24499 period=32316 full=true repaint=217156 changed=217156 (octowhere octowhere-handover/src/main.rs:2492)
60.526432 [INFO ] [BENCH] round=5 frame=66 step=876 draw=24103 period=30908 full=true repaint=217156 changed=0 (octowhere octowhere-handover/src/main.rs:2492)
60.548503 [INFO ] [BENCH] round=5 frame=67 step=391 draw=20938 period=25745 full=true repaint=217156 changed=217156 (octowhere octowhere-handover/src/main.rs:2492)
60.577567 [INFO ] [BENCH] round=5 frame=68 step=3922 draw=24212 period=22212 full=true repaint=217156 changed=216 (octowhere octowhere-handover/src/main.rs:2492)
60.583621 [INFO ] [BENCH] round=5 frame=69 step=2347 draw=2767 period=29084 full=false repaint=216 changed=36 (octowhere octowhere-handover/src/main.rs:2492)
60.612098 [INFO ] [BENCH] round=5 frame=70 step=2397 draw=5852 period=25327 full=false repaint=72 changed=72 (octowhere octowhere-handover/src/main.rs:2492)
60.615627 [INFO ] [BENCH] round=5 frame=70 step=367 draw=2408 period=9040 full=false repaint=72 changed=0 (octowhere octowhere-handover/src/main.rs:2492)
60.641811 [INFO ] [BENCH] round=5 frame=71 step=2295 draw=2360 period=24282 full=false repaint=72 changed=72 (octowhere octowhere-handover/src/main.rs:2492)
60.675270 [INFO ] [BENCH] round=5 frame=72 step=2367 draw=2354 period=33395 full=false repaint=72 changed=36 (octowhere octowhere-handover/src/main.rs:2492)
60.709726 [INFO ] [BENCH] round=5 frame=73 step=2625 draw=3189 period=33337 full=false repaint=108 changed=108 (octowhere octowhere-handover/src/main.rs:2492)
60.742282 [INFO ] [BENCH] round=5 frame=74 step=2438 draw=2621 period=33329 full=false repaint=108 changed=36 (octowhere octowhere-handover/src/main.rs:2492)
60.755861 [INFO ] [BENCH] round=5 frame=74 step=823 draw=1882 period=15958 full=false repaint=36 changed=0 (octowhere octowhere-handover/src/main.rs:2492)
60.775475 [INFO ] [BENCH] round=5 frame=75 step=2387 draw=2549 period=17341 full=false repaint=108 changed=108 (octowhere octowhere-handover/src/main.rs:2492)
60.808912 [INFO ] [BENCH] round=5 frame=76 step=2440 draw=2545 period=33411 full=false repaint=108 changed=36 (octowhere octowhere-handover/src/main.rs:2492)
60.842199 [INFO ] [BENCH] round=5 frame=77 step=2409 draw=2535 period=33311 full=false repaint=108 changed=108 (octowhere octowhere-handover/src/main.rs:2492)
60.865259 [INFO ] [BENCH] round=5 frame=77 step=399 draw=2716 period=24901 full=false repaint=108 changed=0 (octowhere octowhere-handover/src/main.rs:2492)
60.874207 [INFO ] [BENCH] round=5 frame=78 step=2212 draw=1502 period=8402 full=false repaint=36 changed=36 (octowhere octowhere-handover/src/main.rs:2492)
60.908785 [INFO ] [BENCH] round=5 frame=79 step=2329 draw=2551 period=33347 full=false repaint=144 changed=144 (octowhere octowhere-handover/src/main.rs:2492)
60.942354 [INFO ] [BENCH] round=5 frame=80 step=2421 draw=2659 period=33358 full=false repaint=252 changed=144 (octowhere octowhere-handover/src/main.rs:2492)
60.975572 [INFO ] [BENCH] round=5 frame=81 step=2391 draw=2606 period=33322 full=false repaint=144 changed=36 (octowhere octowhere-handover/src/main.rs:2492)
61.009680 [INFO ] [BENCH] round=5 frame=82 step=2794 draw=1716 period=34621 full=false repaint=36 changed=36 (octowhere octowhere-handover/src/main.rs:2492)
61.042076 [INFO ] [BENCH] round=5 frame=83 step=2399 draw=2440 period=32033 full=false repaint=72 changed=72 (octowhere octowhere-handover/src/main.rs:2492)
61.075407 [INFO ] [BENCH] round=5 frame=84 step=2396 draw=2442 period=33347 full=false repaint=72 changed=36 (octowhere octowhere-handover/src/main.rs:2492)
61.108742 [INFO ] [BENCH] round=5 frame=85 step=2402 draw=2430 period=33324 full=false repaint=108 changed=108 (octowhere octowhere-handover/src/main.rs:2492)
61.117898 [INFO ] [BENCH] round=5 frame=85 step=391 draw=2596 period=11024 full=false repaint=108 changed=0 (octowhere octowhere-handover/src/main.rs:2492)
61.141768 [INFO ] [BENCH] round=5 frame=86 step=2229 draw=2342 period=22288 full=false repaint=144 changed=144 (octowhere octowhere-handover/src/main.rs:2492)
61.175667 [INFO ] [BENCH] round=5 frame=87 step=2354 draw=2734 period=33351 full=false repaint=216 changed=108 (octowhere octowhere-handover/src/main.rs:2492)
61.208843 [INFO ] [BENCH] round=5 frame=88 step=2374 draw=2551 period=33354 full=false repaint=108 changed=36 (octowhere octowhere-handover/src/main.rs:2492)
61.241265 [INFO ] [BENCH] round=5 frame=89 step=2350 draw=1704 period=33321 full=false repaint=36 changed=36 (octowhere octowhere-handover/src/main.rs:2492)
61.259848 [INFO ] [BENCH] round=5 frame=89 step=789 draw=1878 period=19968 full=false repaint=36 changed=0 (octowhere octowhere-handover/src/main.rs:2492)
61.274940 [INFO ] [BENCH] round=5 frame=90 step=2231 draw=2143 period=13380 full=false repaint=72 changed=72 (octowhere octowhere-handover/src/main.rs:2492)
61.308830 [INFO ] [BENCH] round=5 frame=91 step=2348 draw=2541 period=33338 full=false repaint=108 changed=72 (octowhere octowhere-handover/src/main.rs:2492)
61.342175 [INFO ] [BENCH] round=5 frame=92 step=2391 draw=2526 period=33316 full=false repaint=144 changed=108 (octowhere octowhere-handover/src/main.rs:2492)
61.370500 [INFO ] [BENCH] round=5 frame=92 step=396 draw=2665 period=30126 full=false repaint=108 changed=0 (octowhere octowhere-handover/src/main.rs:2492)
61.375710 [INFO ] [BENCH] round=5 frame=93 step=2212 draw=2321 period=3815 full=false repaint=108 changed=108 (octowhere octowhere-handover/src/main.rs:2492)
61.408978 [INFO ] [BENCH] round=5 frame=94 step=2347 draw=2706 period=32728 full=false repaint=180 changed=108 (octowhere octowhere-handover/src/main.rs:2492)
61.442131 [INFO ] [BENCH] round=5 frame=95 step=2374 draw=2480 period=33374 full=false repaint=108 changed=36 (octowhere octowhere-handover/src/main.rs:2492)
61.474608 [INFO ] [BENCH] round=5 frame=96 step=2342 draw=1712 period=33295 full=false repaint=36 changed=36 (octowhere octowhere-handover/src/main.rs:2492)
61.511168 [INFO ] [BENCH] round=5 frame=97 step=2366 draw=4868 period=33339 full=false repaint=180 changed=180 (octowhere octowhere-handover/src/main.rs:2492)
61.515625 [INFO ] [BENCH] round=5 frame=97 step=832 draw=2865 period=8029 full=false repaint=180 changed=0 (octowhere octowhere-handover/src/main.rs:2492)
61.541932 [INFO ] [BENCH] round=5 frame=98 step=2329 draw=2427 period=25220 full=false repaint=72 changed=72 (octowhere octowhere-handover/src/main.rs:2492)
61.575403 [INFO ] [BENCH] round=5 frame=99 step=2369 draw=2455 period=33400 full=false repaint=108 changed=72 (octowhere octowhere-handover/src/main.rs:2492)
61.608794 [INFO ] [BENCH] round=5 frame=100 step=2379 draw=2494 period=33348 full=false repaint=108 changed=72 (octowhere octowhere-handover/src/main.rs:2492)
61.623107 [INFO ] [BENCH] round=5 frame=100 step=391 draw=2615 period=16192 full=false repaint=72 changed=0 (octowhere octowhere-handover/src/main.rs:2492)
61.641597 [INFO ] [BENCH] round=5 frame=101 step=2208 draw=2190 period=17111 full=false repaint=72 changed=72 (octowhere octowhere-handover/src/main.rs:2492)
61.675638 [INFO ] [BENCH] round=5 frame=102 step=2391 draw=2675 period=33337 full=false repaint=180 changed=144 (octowhere octowhere-handover/src/main.rs:2492)
61.709990 [INFO ] [BENCH] round=5 frame=103 step=2768 draw=3298 period=33352 full=false repaint=216 changed=108 (octowhere octowhere-handover/src/main.rs:2492)
61.742321 [INFO ] [BENCH] round=5 frame=104 step=2428 draw=2640 period=33331 full=false repaint=144 changed=72 (octowhere octowhere-handover/src/main.rs:2492)
61.764552 [INFO ] [BENCH] round=5 frame=104 step=856 draw=2628 period=23830 full=false repaint=72 changed=0 (octowhere octowhere-handover/src/main.rs:2492)
61.775524 [INFO ] [BENCH] round=5 frame=105 step=2361 draw=2591 period=9491 full=false repaint=144 changed=144 (octowhere octowhere-handover/src/main.rs:2492)
61.808985 [INFO ] [BENCH] round=5 frame=106 step=2420 draw=2663 period=33330 full=false repaint=180 changed=72 (octowhere octowhere-handover/src/main.rs:2492)
61.842146 [INFO ] [BENCH] round=5 frame=107 step=2412 draw=2458 period=33391 full=false repaint=72 changed=36 (octowhere octowhere-handover/src/main.rs:2492)
61.877113 [INFO ] [BENCH] round=5 frame=108 step=2330 draw=2455 period=35035 full=false repaint=72 changed=72 (octowhere octowhere-handover/src/main.rs:2492)
61.908705 [INFO ] [BENCH] round=5 frame=109 step=2381 draw=2404 period=31612 full=false repaint=72 changed=36 (octowhere octowhere-handover/src/main.rs:2492)
61.942079 [INFO ] [BENCH] round=5 frame=110 step=2369 draw=2442 period=33332 full=false repaint=72 changed=72 (octowhere octowhere-handover/src/main.rs:2492)
61.975404 [INFO ] [BENCH] round=5 frame=111 step=2390 draw=2431 period=33330 full=false repaint=72 changed=36 (octowhere octowhere-handover/src/main.rs:2492)
62.007940 [INFO ] [BENCH] round=5 frame=112 step=2351 draw=1689 period=33335 full=false repaint=36 changed=36 (octowhere octowhere-handover/src/main.rs:2492)
62.015681 [INFO ] [BENCH] round=5 frame=112 step=790 draw=1858 period=9129 full=false repaint=36 changed=0 (octowhere octowhere-handover/src/main.rs:2492)
62.041106 [INFO ] [BENCH] round=5 frame=113 step=2298 draw=1670 period=24114 full=false repaint=36 changed=36 (octowhere octowhere-handover/src/main.rs:2492)
62.074535 [INFO ] [BENCH] round=5 frame=114 step=2286 draw=1703 period=33401 full=false repaint=36 changed=36 (octowhere octowhere-handover/src/main.rs:2492)
62.107872 [INFO ] [BENCH] round=5 frame=115 step=2309 draw=1672 period=33353 full=false repaint=36 changed=36 (octowhere octowhere-handover/src/main.rs:2492)
62.126967 [INFO ] [BENCH] round=5 frame=115 step=359 draw=1864 period=20856 full=false repaint=36 changed=0 (octowhere octowhere-handover/src/main.rs:2492)
62.140795 [INFO ] [BENCH] round=5 frame=116 step=2168 draw=1475 period=12437 full=false repaint=36 changed=36 (octowhere octowhere-handover/src/main.rs:2492)
62.174508 [INFO ] [BENCH] round=5 frame=117 step=2255 draw=1709 period=33356 full=false repaint=36 changed=36 (octowhere octowhere-handover/src/main.rs:2492)
62.207841 [INFO ] [BENCH] round=5 frame=118 step=2305 draw=1657 period=33338 full=false repaint=36 changed=36 (octowhere octowhere-handover/src/main.rs:2492)
62.241221 [INFO ] [BENCH] round=5 frame=119 step=2290 draw=1708 period=33341 full=false repaint=36 changed=36 (octowhere octowhere-handover/src/main.rs:2492)
62.267744 [INFO ] [BENCH] round=5 frame=119 step=794 draw=1873 period=27852 full=false repaint=36 changed=0 (octowhere octowhere-handover/src/main.rs:2492)
62.293378 [INFO ] [BENCH] round=5 frame=120 step=273 draw=22663 period=5451 full=true repaint=217156 changed=217156 (octowhere octowhere-handover/src/main.rs:2492)
62.330354 [INFO ] [BENCH] round=5 frame=121 step=178 draw=26432 period=33265 full=true repaint=217156 changed=217156 (octowhere octowhere-handover/src/main.rs:2492)
62.363594 [INFO ] [BENCH] round=5 frame=122 step=294 draw=26205 period=33367 full=true repaint=217156 changed=217156 (octowhere octowhere-handover/src/main.rs:2492)
62.393065 [INFO ] [BENCH] round=5 frame=123 step=269 draw=22351 period=33313 full=true repaint=217156 changed=217156 (octowhere octowhere-handover/src/main.rs:2492)
62.411206 [INFO ] [BENCH] round=5 frame=123 step=358 draw=17053 period=23354 full=true repaint=217156 changed=0 (octowhere octowhere-handover/src/main.rs:2492)
62.435750 [INFO ] [BENCH] round=5 frame=124 step=186 draw=15957 period=25850 full=true repaint=217156 changed=217156 (octowhere octowhere-handover/src/main.rs:2492)
62.456751 [INFO ] [BENCH] round=5 frame=125 step=144 draw=19542 period=17460 full=true repaint=217156 changed=217156 (octowhere octowhere-handover/src/main.rs:2492)
62.486623 [INFO ] [BENCH] round=5 frame=126 step=249 draw=15967 period=33342 full=true repaint=217156 changed=217156 (octowhere octowhere-handover/src/main.rs:2492)
62.522056 [INFO ] [BENCH] round=5 frame=127 step=228 draw=18046 period=33343 full=true repaint=217156 changed=217156 (octowhere octowhere-handover/src/main.rs:2492)
62.544380 [INFO ] [BENCH] round=5 frame=127 step=800 draw=20814 period=18965 full=true repaint=217156 changed=0 (octowhere octowhere-handover/src/main.rs:2492)
62.561526 [INFO ] [BENCH] round=5 frame=128 step=240 draw=16405 period=22182 full=true repaint=217156 changed=217156 (octowhere octowhere-handover/src/main.rs:2492)
62.589757 [INFO ] [BENCH] round=5 frame=129 step=140 draw=19187 period=25515 full=true repaint=217156 changed=217156 (octowhere octowhere-handover/src/main.rs:2492)
62.619926 [INFO ] [BENCH] round=5 frame=130 step=271 draw=15912 period=33334 full=true repaint=217156 changed=217156 (octowhere octowhere-handover/src/main.rs:2492)
62.650275 [INFO ] [BENCH] round=5 frame=130 step=492 draw=19007 period=26970 full=true repaint=217156 changed=0 (octowhere octowhere-handover/src/main.rs:2492)
62.667335 [INFO ] [BENCH] round=5 frame=131 step=167 draw=16459 period=20014 full=true repaint=217156 changed=217156 (octowhere octowhere-handover/src/main.rs:2492)
62.689397 [INFO ] [BENCH] round=5 frame=132 step=145 draw=18838 period=19661 full=true repaint=217156 changed=217156 (octowhere octowhere-handover/src/main.rs:2492)
62.731251 [INFO ] [BENCH] round=5 frame=133 step=323 draw=27132 period=33363 full=true repaint=217156 changed=217156 (octowhere octowhere-handover/src/main.rs:2492)
62.769200 [INFO ] [BENCH] round=5 frame=134 step=330 draw=31736 period=33335 full=true repaint=217156 changed=217156 (octowhere octowhere-handover/src/main.rs:2492)
62.803901 [INFO ] [BENCH] round=5 frame=134 step=809 draw=33211 period=32726 full=true repaint=217156 changed=0 (octowhere octowhere-handover/src/main.rs:2492)
62.831192 [INFO ] [BENCH] round=5 frame=136 step=325 draw=26388 period=34682 full=true repaint=217156 changed=217156 (octowhere octowhere-handover/src/main.rs:2492)
62.864760 [INFO ] [BENCH] round=5 frame=137 step=114 draw=27576 period=32561 full=true repaint=217156 changed=217156 (octowhere octowhere-handover/src/main.rs:2492)
62.880449 [INFO ] [BENCH] round=5 frame=138 step=266 draw=9731 period=33357 full=true repaint=217156 changed=217156 (octowhere octowhere-handover/src/main.rs:2492)
62.903595 [INFO ] [BENCH] round=5 frame=138 step=352 draw=11212 period=21514 full=true repaint=217156 changed=0 (octowhere octowhere-handover/src/main.rs:2492)
62.926857 [INFO ] [BENCH] round=5 frame=1017 step=1237 draw=16615 period=16988 full=true repaint=217156 changed=217156 (octowhere octowhere-handover/src/main.rs:2492)
62.955146 [INFO ] [BENCH] round=5 frame=1046 step=9669 draw=17573 period=18870 full=true repaint=217156 changed=15840 (octowhere octowhere-handover/src/main.rs:2492)
62.970822 [INFO ] [BENCH] round=5 frame=1061 step=8247 draw=6478 period=28185 full=false repaint=16200 changed=15912 (octowhere octowhere-handover/src/main.rs:2492)
62.989942 [INFO ] [BENCH] round=5 frame=1080 step=8525 draw=9698 period=15608 full=false repaint=32472 changed=32112 (octowhere octowhere-handover/src/main.rs:2492)
63.011544 [INFO ] [BENCH] round=5 frame=1102 step=8785 draw=11789 period=19212 full=false repaint=35320 changed=19084 (octowhere octowhere-handover/src/main.rs:2492)
63.035192 [INFO ] [BENCH] round=5 frame=1126 step=13098 draw=9630 period=21516 full=false repaint=25444 changed=22236 (octowhere octowhere-handover/src/main.rs:2492)
63.057242 [INFO ] [BENCH] round=5 frame=1148 step=9266 draw=11914 period=23596 full=false repaint=24524 changed=5396 (octowhere octowhere-handover/src/main.rs:2492)
63.074983 [INFO ] [BENCH] round=5 frame=1165 step=9364 draw=7480 period=22111 full=false repaint=7964 changed=5748 (octowhere octowhere-handover/src/main.rs:2492)
63.087359 [INFO ] [BENCH] round=5 frame=1178 step=3600 draw=7803 period=17818 full=false repaint=13628 changed=12276 (octowhere octowhere-handover/src/main.rs:2492)
63.099146 [INFO ] [BENCH] round=5 frame=1190 step=3287 draw=7567 period=12324 full=false repaint=12276 changed=10232 (octowhere octowhere-handover/src/main.rs:2492)
63.114136 [INFO ] [BENCH] round=5 frame=1205 step=8355 draw=5730 period=11717 full=false repaint=10232 changed=7880 (octowhere octowhere-handover/src/main.rs:2492)
63.122355 [INFO ] [BENCH] round=5 frame=1213 step=2970 draw=3526 period=15895 full=false repaint=7880 changed=7880 (octowhere octowhere-handover/src/main.rs:2492)
63.141646 [INFO ] [BENCH] round=5 frame=1232 step=5677 draw=4115 period=16009 full=false repaint=7880 changed=7880 (octowhere octowhere-handover/src/main.rs:2492)
63.161323 [INFO ] [BENCH] round=5 frame=1252 step=8186 draw=4638 period=16590 full=false repaint=7916 changed=7916 (octowhere octowhere-handover/src/main.rs:2492)
63.179623 [INFO ] [BENCH] round=5 frame=1270 step=8451 draw=5703 period=16996 full=false repaint=11360 changed=11324 (octowhere octowhere-handover/src/main.rs:2492)
63.191758 [INFO ] [BENCH] round=5 frame=1282 step=2922 draw=6427 period=16939 full=false repaint=15500 changed=12056 (octowhere octowhere-handover/src/main.rs:2492)
63.209520 [INFO ] [BENCH] round=5 frame=1300 step=3030 draw=6937 period=17149 full=false repaint=15488 changed=11312 (octowhere octowhere-handover/src/main.rs:2492)
63.232004 [INFO ] [BENCH] round=5 frame=1323 step=8374 draw=7254 period=16783 full=false repaint=15488 changed=12056 (octowhere octowhere-handover/src/main.rs:2492)
63.243979 [INFO ] [BENCH] round=5 frame=1335 step=3006 draw=7369 period=17266 full=false repaint=15488 changed=11312 (octowhere octowhere-handover/src/main.rs:2492)
63.260184 [INFO ] [BENCH] round=5 frame=1351 step=3003 draw=7226 period=16347 full=false repaint=15488 changed=15488 (octowhere octowhere-handover/src/main.rs:2492)
63.285469 [INFO ] [BENCH] round=5 frame=1376 step=10602 draw=8112 period=16822 full=false repaint=15488 changed=7880 (octowhere octowhere-handover/src/main.rs:2492)
63.296626 [INFO ] [BENCH] round=5 frame=1387 step=3230 draw=7259 period=19359 full=false repaint=15488 changed=7608 (octowhere octowhere-handover/src/main.rs:2492)
63.305236 [INFO ] [BENCH] round=5 frame=1396 step=2838 draw=2386 period=13894 full=false repaint=7608 changed=0 (octowhere octowhere-handover/src/main.rs:2492)
63.326353 [INFO ] [BENCH] round=5 frame=1417 step=8293 draw=1502 period=16552 full=false repaint=4176 changed=4176 (octowhere octowhere-handover/src/main.rs:2492)
63.332828 [INFO ] [BENCH] round=5 frame=1423 step=2836 draw=2740 period=10654 full=false repaint=7608 changed=3432 (octowhere octowhere-handover/src/main.rs:2492)
63.337536 [INFO ] [BENCH] round=5 frame=1428 step=2685 draw=1152 period=6491 full=false repaint=3432 changed=0 (octowhere octowhere-handover/src/main.rs:2492)
63.354160 [INFO ] [BENCH] round=5 frame=1445 step=2817 draw=1636 period=16005 full=false repaint=4176 changed=4176 (octowhere octowhere-handover/src/main.rs:2492)
63.360143 [INFO ] [BENCH] round=5 frame=1451 step=2823 draw=2293 period=5310 full=false repaint=7608 changed=3432 (octowhere octowhere-handover/src/main.rs:2492)
63.370772 [INFO ] [BENCH] round=5 frame=1461 step=2692 draw=1194 period=11868 full=false repaint=3432 changed=0 (octowhere octowhere-handover/src/main.rs:2492)
63.396499 [INFO ] [BENCH] round=5 frame=1487 step=10797 draw=2342 period=16457 full=false repaint=7608 changed=7608 (octowhere octowhere-handover/src/main.rs:2492)
63.403003 [INFO ] [BENCH] round=5 frame=1494 step=3286 draw=2491 period=13890 full=false repaint=7608 changed=0 (octowhere octowhere-handover/src/main.rs:2492)
63.408380 [INFO ] [BENCH] round=5 frame=1499 step=2903 draw=1737 period=6504 full=false repaint=4176 changed=4176 (octowhere octowhere-handover/src/main.rs:2492)
63.413434 [INFO ] [BENCH] round=5 frame=1504 step=2652 draw=1657 period=5386 full=false repaint=4176 changed=0 (octowhere octowhere-handover/src/main.rs:2492)
63.421293 [INFO ] [BENCH] round=5 frame=1512 step=2838 draw=1200 period=8136 full=false repaint=3432 changed=3432 (octowhere octowhere-handover/src/main.rs:2492)
63.425991 [INFO ] [BENCH] round=5 frame=1517 step=2641 draw=1208 period=4888 full=false repaint=3432 changed=0 (octowhere octowhere-handover/src/main.rs:2492)
63.447219 [INFO ] [BENCH] round=5 frame=1538 step=2777 draw=1624 period=8845 full=false repaint=4176 changed=4176 (octowhere octowhere-handover/src/main.rs:2492)
63.453216 [INFO ] [BENCH] round=5 frame=1544 step=3424 draw=1722 period=5266 full=false repaint=4176 changed=0 (octowhere octowhere-handover/src/main.rs:2492)
63.457974 [INFO ] [BENCH] round=5 frame=1549 step=2804 draw=1218 period=5876 full=false repaint=3432 changed=3432 (octowhere octowhere-handover/src/main.rs:2492)
63.462674 [INFO ] [BENCH] round=5 frame=1553 step=2616 draw=1234 period=4872 full=false repaint=3432 changed=0 (octowhere octowhere-handover/src/main.rs:2492)
63.475281 [INFO ] [BENCH] round=5 frame=1566 step=2711 draw=1660 period=3312 full=false repaint=4176 changed=4176 (octowhere octowhere-handover/src/main.rs:2492)
63.480483 [INFO ] [BENCH] round=5 frame=1571 step=2678 draw=1667 period=5230 full=false repaint=4176 changed=0 (octowhere octowhere-handover/src/main.rs:2492)
63.488759 [INFO ] [BENCH] round=5 frame=1579 step=2837 draw=1435 period=8352 full=false repaint=3432 changed=3432 (octowhere octowhere-handover/src/main.rs:2492)
63.493299 [INFO ] [BENCH] round=5 frame=1584 step=2623 draw=1234 period=4955 full=false repaint=3432 changed=0 (octowhere octowhere-handover/src/main.rs:2492)
63.514535 [INFO ] [BENCH] round=5 frame=1605 step=2779 draw=1712 period=8843 full=false repaint=4176 changed=4176 (octowhere octowhere-handover/src/main.rs:2492)
63.520616 [INFO ] [BENCH] round=5 frame=1611 step=3415 draw=1817 period=5353 full=false repaint=4176 changed=0 (octowhere octowhere-handover/src/main.rs:2492)
63.527607 [INFO ] [BENCH] round=5 frame=1618 step=4941 draw=1320 period=5970 full=false repaint=3432 changed=3432 (octowhere octowhere-handover/src/main.rs:2492)
63.534613 [INFO ] [BENCH] round=5 frame=1625 step=3320 draw=2979 period=6913 full=false repaint=4048 changed=616 (octowhere octowhere-handover/src/main.rs:2492)
63.539712 [INFO ] [BENCH] round=5 frame=1630 step=2735 draw=1534 period=7169 full=false repaint=616 changed=0 (octowhere octowhere-handover/src/main.rs:2492)
63.556071 [INFO ] [BENCH] round=5 frame=1647 step=2840 draw=1733 period=16048 full=false repaint=4176 changed=4176 (octowhere octowhere-handover/src/main.rs:2492)
63.566716 [INFO ] [BENCH] round=5 frame=1657 step=8187 draw=1594 period=5444 full=false repaint=4176 changed=0 (octowhere octowhere-handover/src/main.rs:2492)
63.573888 [INFO ] [BENCH] round=5 frame=1664 step=2039 draw=1706 period=1599 full=false repaint=4176 changed=4176 (octowhere octowhere-handover/src/main.rs:2492)
63.577705 [INFO ] [BENCH] round=5 frame=1668 step=1206 draw=1744 period=4606 full=false repaint=4176 changed=0 (octowhere octowhere-handover/src/main.rs:2492)
63.606361 [INFO ] [BENCH] round=5 frame=1697 step=2128 draw=1853 period=721 full=false repaint=4176 changed=4176 (octowhere octowhere-handover/src/main.rs:2492)
63.610318 [INFO ] [BENCH] round=5 frame=1701 step=1211 draw=1887 period=4833 full=false repaint=4176 changed=0 (octowhere octowhere-handover/src/main.rs:2492)
63.629147 [INFO ] [BENCH] round=5 frame=1720 step=7453 draw=1443 period=1511 full=false repaint=72 changed=72 (octowhere octowhere-handover/src/main.rs:2492)
63.632884 [INFO ] [BENCH] round=5 frame=1723 step=1234 draw=1588 period=9820 full=false repaint=72 changed=0 (octowhere octowhere-handover/src/main.rs:2492)
63.643664 [INFO ] [BENCH] round=5 frame=1734 step=4734 draw=1946 period=1459 full=false repaint=4176 changed=4176 (octowhere octowhere-handover/src/main.rs:2492)
63.647648 [INFO ] [BENCH] round=5 frame=1738 step=1240 draw=2052 period=7384 full=false repaint=4176 changed=0 (octowhere octowhere-handover/src/main.rs:2492)
63.673338 [INFO ] [BENCH] round=5 frame=1764 step=2102 draw=1943 period=748 full=false repaint=4176 changed=4176 (octowhere octowhere-handover/src/main.rs:2492)
63.678049 [INFO ] [BENCH] round=5 frame=1769 step=1196 draw=2652 period=4913 full=false repaint=4176 changed=0 (octowhere octowhere-handover/src/main.rs:2492)
63.696847 [INFO ] [BENCH] round=5 frame=1787 step=8511 draw=765 period=1573 full=false repaint=36 changed=36 (octowhere octowhere-handover/src/main.rs:2492)
63.699713 [INFO ] [BENCH] round=5 frame=1790 step=1179 draw=857 period=10097 full=false repaint=36 changed=0 (octowhere octowhere-handover/src/main.rs:2492)
63.708779 [INFO ] [BENCH] round=5 frame=1799 step=3492 draw=2162 period=5455 full=false repaint=4176 changed=4176 (octowhere octowhere-handover/src/main.rs:2492)
63.712956 [INFO ] [BENCH] round=5 frame=1804 step=1209 draw=2121 period=6495 full=false repaint=4176 changed=0 (octowhere octowhere-handover/src/main.rs:2492)
63.807152 [INFO ] [BENCH] round=5 frame=1898 step=2071 draw=2120 period=1490 full=false repaint=4176 changed=4176 (octowhere octowhere-handover/src/main.rs:2492)
63.812112 [INFO ] [BENCH] round=5 frame=1903 step=1213 draw=2895 period=5052 full=false repaint=4176 changed=0 (octowhere octowhere-handover/src/main.rs:2492)
63.842033 [INFO ] [BENCH] round=5 frame=1933 step=2768 draw=2175 period=7958 full=false repaint=4176 changed=4176 (octowhere octowhere-handover/src/main.rs:2492)
63.846309 [INFO ] [BENCH] round=5 frame=1937 step=1204 draw=2205 period=5804 full=false repaint=4176 changed=0 (octowhere octowhere-handover/src/main.rs:2492)
63.873207 [INFO ] [BENCH] round=5 frame=1964 step=2033 draw=2122 period=721 full=false repaint=4176 changed=4176 (octowhere octowhere-handover/src/main.rs:2492)
63.877438 [INFO ] [BENCH] round=5 frame=1968 step=1229 draw=2139 period=5007 full=false repaint=4176 changed=0 (octowhere octowhere-handover/src/main.rs:2492)
63.995503 [INFO ] [BENCH] round=5 frame=2086 step=7522 draw=925 period=772 full=false repaint=72 changed=72 (octowhere octowhere-handover/src/main.rs:2492)
63.998657 [INFO ] [BENCH] round=5 frame=2089 step=1211 draw=1077 period=9315 full=false repaint=72 changed=0 (octowhere octowhere-handover/src/main.rs:2492)
64.407713 [INFO ] [BENCH] round=5 frame=2498 step=8121 draw=701 period=3304 full=false repaint=36 changed=36 (octowhere octowhere-handover/src/main.rs:2492)
64.410621 [INFO ] [BENCH] round=5 frame=2501 step=1205 draw=862 period=9665 full=false repaint=36 changed=0 (octowhere octowhere-handover/src/main.rs:2492)
64.537729 [INFO ] [BENCH] round=5 frame=2628 step=3139 draw=1498 period=2819 full=false repaint=616 changed=616 (octowhere octowhere-handover/src/main.rs:2492)
64.541411 [INFO ] [BENCH] round=5 frame=2632 step=1227 draw=1590 period=5504 full=false repaint=616 changed=0 (octowhere octowhere-handover/src/main.rs:2492)
68.909570 [INFO ] [BENCH] round=6 charging=false (octowhere octowhere-handover/src/main.rs:2368)
68.960322 [INFO ] [BENCH] round=6 frame=1 step=234 draw=16380 period=33887 full=true repaint=217156 changed=217156 (octowhere octowhere-handover/src/main.rs:2492)
68.992914 [INFO ] [BENCH] round=6 frame=2 step=424 draw=15983 period=32796 full=true repaint=217156 changed=217156 (octowhere octowhere-handover/src/main.rs:2492)
69.025914 [INFO ] [BENCH] round=6 frame=3 step=407 draw=15678 period=33316 full=true repaint=217156 changed=217156 (octowhere octowhere-handover/src/main.rs:2492)
69.058462 [INFO ] [BENCH] round=6 frame=4 step=406 draw=14887 period=33339 full=true repaint=217156 changed=217156 (octowhere octowhere-handover/src/main.rs:2492)
69.087266 [INFO ] [BENCH] round=6 frame=4 step=1262 draw=14337 period=28489 full=true repaint=217156 changed=0 (octowhere octowhere-handover/src/main.rs:2492)
69.104622 [INFO ] [BENCH] round=6 frame=5 step=298 draw=16436 period=16261 full=true repaint=217156 changed=217156 (octowhere octowhere-handover/src/main.rs:2492)
69.129715 [INFO ] [BENCH] round=6 frame=6 step=314 draw=19611 period=21884 full=true repaint=217156 changed=217156 (octowhere octowhere-handover/src/main.rs:2492)
69.168430 [INFO ] [BENCH] round=6 frame=7 step=404 draw=24913 period=33324 full=true repaint=217156 changed=217156 (octowhere octowhere-handover/src/main.rs:2492)
69.200775 [INFO ] [BENCH] round=6 frame=8 step=399 draw=23913 period=33340 full=true repaint=217156 changed=217156 (octowhere octowhere-handover/src/main.rs:2492)
69.216839 [INFO ] [BENCH] round=6 frame=8 step=397 draw=14827 period=25130 full=true repaint=217156 changed=0 (octowhere octowhere-handover/src/main.rs:2492)
69.245186 [INFO ] [BENCH] round=6 frame=9 step=279 draw=17428 period=25901 full=true repaint=217156 changed=217156 (octowhere octowhere-handover/src/main.rs:2492)
69.273937 [INFO ] [BENCH] round=6 frame=10 step=398 draw=27538 period=18504 full=true repaint=217156 changed=217156 (octowhere octowhere-handover/src/main.rs:2492)
69.298247 [INFO ] [BENCH] round=6 frame=11 step=402 draw=21387 period=30474 full=true repaint=217156 changed=217156 (octowhere octowhere-handover/src/main.rs:2492)
69.336702 [INFO ] [BENCH] round=6 frame=12 step=408 draw=26484 period=33332 full=true repaint=217156 changed=217156 (octowhere octowhere-handover/src/main.rs:2492)
69.354619 [INFO ] [BENCH] round=6 frame=12 step=897 draw=16185 period=27679 full=true repaint=217156 changed=0 (octowhere octowhere-handover/src/main.rs:2492)
69.375523 [INFO ] [BENCH] round=6 frame=13 step=312 draw=12699 period=25092 full=true repaint=217156 changed=217156 (octowhere octowhere-handover/src/main.rs:2492)
69.392427 [INFO ] [BENCH] round=6 frame=14 step=222 draw=15696 period=13917 full=true repaint=217156 changed=217156 (octowhere octowhere-handover/src/main.rs:2492)
69.423269 [INFO ] [BENCH] round=6 frame=15 step=424 draw=13127 period=33282 full=true repaint=217156 changed=217156 (octowhere octowhere-handover/src/main.rs:2492)
69.459510 [INFO ] [BENCH] round=6 frame=16 step=359 draw=15993 period=33385 full=true repaint=217156 changed=217156 (octowhere octowhere-handover/src/main.rs:2492)
69.477449 [INFO ] [BENCH] round=6 frame=16 step=380 draw=16740 period=17159 full=true repaint=217156 changed=0 (octowhere octowhere-handover/src/main.rs:2492)
69.493619 [INFO ] [BENCH] round=6 frame=17 step=248 draw=13311 period=19793 full=true repaint=217156 changed=217156 (octowhere octowhere-handover/src/main.rs:2492)
69.523986 [INFO ] [BENCH] round=6 frame=18 step=368 draw=13798 period=29729 full=true repaint=217156 changed=217156 (octowhere octowhere-handover/src/main.rs:2492)
69.557507 [INFO ] [BENCH] round=6 frame=19 step=402 draw=14011 period=33289 full=true repaint=217156 changed=217156 (octowhere octowhere-handover/src/main.rs:2492)
69.591921 [INFO ] [BENCH] round=6 frame=19 step=1176 draw=14472 period=33134 full=true repaint=217156 changed=0 (octowhere octowhere-handover/src/main.rs:2492)
69.607118 [INFO ] [BENCH] round=6 frame=20 step=254 draw=14316 period=16345 full=true repaint=217156 changed=217156 (octowhere octowhere-handover/src/main.rs:2492)
69.627468 [INFO ] [BENCH] round=6 frame=21 step=268 draw=17437 period=17177 full=true repaint=217156 changed=217156 (octowhere octowhere-handover/src/main.rs:2492)
69.660187 [INFO ] [BENCH] round=6 frame=22 step=474 draw=16603 period=33337 full=true repaint=217156 changed=217156 (octowhere octowhere-handover/src/main.rs:2492)
69.695733 [INFO ] [BENCH] round=6 frame=23 step=603 draw=18577 period=33426 full=true repaint=217156 changed=217156 (octowhere octowhere-handover/src/main.rs:2492)
69.725328 [INFO ] [BENCH] round=6 frame=23 step=783 draw=22834 period=25142 full=true repaint=217156 changed=0 (octowhere octowhere-handover/src/main.rs:2492)
69.745172 [INFO ] [BENCH] round=6 frame=24 step=350 draw=18819 period=24321 full=true repaint=217156 changed=217156 (octowhere octowhere-handover/src/main.rs:2492)
69.771217 [INFO ] [BENCH] round=6 frame=25 step=405 draw=24887 period=19910 full=true repaint=217156 changed=217156 (octowhere octowhere-handover/src/main.rs:2492)
69.804372 [INFO ] [BENCH] round=6 frame=26 step=459 draw=27435 period=30561 full=true repaint=217156 changed=217156 (octowhere octowhere-handover/src/main.rs:2492)
69.834845 [INFO ] [BENCH] round=6 frame=27 step=484 draw=24574 period=33303 full=true repaint=217156 changed=217156 (octowhere octowhere-handover/src/main.rs:2492)
69.861469 [INFO ] [BENCH] round=6 frame=27 step=1433 draw=24340 period=25886 full=true repaint=217156 changed=0 (octowhere octowhere-handover/src/main.rs:2492)
69.882945 [INFO ] [BENCH] round=6 frame=28 step=372 draw=20361 period=26547 full=true repaint=217156 changed=217156 (octowhere octowhere-handover/src/main.rs:2492)
69.909155 [INFO ] [BENCH] round=6 frame=29 step=420 draw=24934 period=21583 full=true repaint=217156 changed=217156 (octowhere octowhere-handover/src/main.rs:2492)
69.933683 [INFO ] [BENCH] round=6 frame=30 step=462 draw=23140 period=26289 full=true repaint=217156 changed=217156 (octowhere octowhere-handover/src/main.rs:2492)
69.968652 [INFO ] [BENCH] round=6 frame=31 step=610 draw=24858 period=33078 full=true repaint=217156 changed=217156 (octowhere octowhere-handover/src/main.rs:2492)
69.995943 [INFO ] [BENCH] round=6 frame=31 step=427 draw=25998 period=26340 full=true repaint=217156 changed=0 (octowhere octowhere-handover/src/main.rs:2492)
70.017950 [INFO ] [BENCH] round=6 frame=32 step=391 draw=20859 period=27195 full=true repaint=217156 changed=217156 (octowhere octowhere-handover/src/main.rs:2492)
70.044602 [INFO ] [BENCH] round=6 frame=33 step=392 draw=25405 period=22103 full=true repaint=217156 changed=217156 (octowhere octowhere-handover/src/main.rs:2492)
70.069725 [INFO ] [BENCH] round=6 frame=34 step=467 draw=23722 period=26736 full=true repaint=217156 changed=217156 (octowhere octowhere-handover/src/main.rs:2492)
70.101381 [INFO ] [BENCH] round=6 frame=35 step=597 draw=24261 period=30967 full=true repaint=217156 changed=217156 (octowhere octowhere-handover/src/main.rs:2492)
70.128790 [INFO ] [BENCH] round=6 frame=35 step=882 draw=25689 period=25683 full=true repaint=217156 changed=0 (octowhere octowhere-handover/src/main.rs:2492)
70.150892 [INFO ] [BENCH] round=6 frame=36 step=393 draw=20948 period=27363 full=true repaint=217156 changed=217156 (octowhere octowhere-handover/src/main.rs:2492)
70.177345 [INFO ] [BENCH] round=6 frame=37 step=398 draw=25183 period=22209 full=true repaint=217156 changed=217156 (octowhere octowhere-handover/src/main.rs:2492)
70.202089 [INFO ] [BENCH] round=6 frame=38 step=453 draw=23372 period=26503 full=true repaint=217156 changed=217156 (octowhere octowhere-handover/src/main.rs:2492)
70.232559 [INFO ] [BENCH] round=6 frame=38 step=569 draw=25031 period=28675 full=true repaint=217156 changed=0 (octowhere octowhere-handover/src/main.rs:2492)
70.254625 [INFO ] [BENCH] round=6 frame=39 step=364 draw=20985 period=26341 full=true repaint=217156 changed=217156 (octowhere octowhere-handover/src/main.rs:2492)
70.281688 [INFO ] [BENCH] round=6 frame=40 step=561 draw=25658 period=22183 full=true repaint=217156 changed=217156 (octowhere octowhere-handover/src/main.rs:2492)
70.307337 [INFO ] [BENCH] round=6 frame=41 step=468 draw=24277 period=27121 full=true repaint=217156 changed=217156 (octowhere octowhere-handover/src/main.rs:2492)
70.335488 [INFO ] [BENCH] round=6 frame=42 step=443 draw=25191 period=27232 full=true repaint=217156 changed=217156 (octowhere octowhere-handover/src/main.rs:2492)
70.363286 [INFO ] [BENCH] round=6 frame=42 step=878 draw=24832 period=27727 full=true repaint=217156 changed=0 (octowhere octowhere-handover/src/main.rs:2492)
70.385155 [INFO ] [BENCH] round=6 frame=43 step=394 draw=20704 period=26519 full=true repaint=217156 changed=217156 (octowhere octowhere-handover/src/main.rs:2492)
70.411356 [INFO ] [BENCH] round=6 frame=44 step=397 draw=24937 period=21958 full=true repaint=217156 changed=217156 (octowhere octowhere-handover/src/main.rs:2492)
70.435938 [INFO ] [BENCH] round=6 frame=45 step=468 draw=23149 period=26247 full=true repaint=217156 changed=217156 (octowhere octowhere-handover/src/main.rs:2492)
70.470293 [INFO ] [BENCH] round=6 frame=46 step=651 draw=26465 period=30893 full=true repaint=217156 changed=217156 (octowhere octowhere-handover/src/main.rs:2492)
70.496689 [INFO ] [BENCH] round=6 frame=46 step=421 draw=25126 period=27973 full=true repaint=217156 changed=0 (octowhere octowhere-handover/src/main.rs:2492)
70.518646 [INFO ] [BENCH] round=6 frame=47 step=398 draw=20824 period=26293 full=true repaint=217156 changed=217156 (octowhere octowhere-handover/src/main.rs:2492)
70.544535 [INFO ] [BENCH] round=6 frame=48 step=405 draw=24623 period=22071 full=true repaint=217156 changed=217156 (octowhere octowhere-handover/src/main.rs:2492)
70.568968 [INFO ] [BENCH] round=6 frame=49 step=472 draw=22981 period=25959 full=true repaint=217156 changed=217156 (octowhere octowhere-handover/src/main.rs:2492)
70.603049 [INFO ] [BENCH] round=6 frame=50 step=626 draw=25933 period=31018 full=true repaint=217156 changed=217156 (octowhere octowhere-handover/src/main.rs:2492)
70.629739 [INFO ] [BENCH] round=6 frame=50 step=881 draw=24975 period=27383 full=true repaint=217156 changed=0 (octowhere octowhere-handover/src/main.rs:2492)
70.648959 [INFO ] [BENCH] round=6 frame=51 step=399 draw=18070 period=26635 full=true repaint=217156 changed=217156 (octowhere octowhere-handover/src/main.rs:2492)
70.671512 [INFO ] [BENCH] round=6 frame=52 step=406 draw=21242 period=19342 full=true repaint=217156 changed=217156 (octowhere octowhere-handover/src/main.rs:2492)
70.703584 [INFO ] [BENCH] round=6 frame=53 step=667 draw=26417 period=26648 full=true repaint=217156 changed=217156 (octowhere octowhere-handover/src/main.rs:2492)
70.739063 [INFO ] [BENCH] round=6 frame=54 step=756 draw=26075 period=35731 full=true repaint=217156 changed=217156 (octowhere octowhere-handover/src/main.rs:2492)
70.771358 [INFO ] [BENCH] round=6 frame=55 step=606 draw=27601 period=30933 full=true repaint=217156 changed=217156 (octowhere octowhere-handover/src/main.rs:2492)
70.806423 [INFO ] [BENCH] round=6 frame=56 step=471 draw=29455 period=33320 full=true repaint=217156 changed=217156 (octowhere octowhere-handover/src/main.rs:2492)
70.838851 [INFO ] [BENCH] round=6 frame=57 step=460 draw=28565 period=33353 full=true repaint=217156 changed=217156 (octowhere octowhere-handover/src/main.rs:2492)
70.866196 [INFO ] [BENCH] round=6 frame=57 step=864 draw=25676 period=29816 full=true repaint=217156 changed=0 (octowhere octowhere-handover/src/main.rs:2492)
70.888179 [INFO ] [BENCH] round=6 frame=58 step=411 draw=20791 period=27347 full=true repaint=217156 changed=217156 (octowhere octowhere-handover/src/main.rs:2492)
70.913625 [INFO ] [BENCH] round=6 frame=59 step=408 draw=24182 period=22050 full=true repaint=217156 changed=217156 (octowhere octowhere-handover/src/main.rs:2492)
70.938088 [INFO ] [BENCH] round=6 frame=60 step=466 draw=23025 period=25505 full=true repaint=217156 changed=217156 (octowhere octowhere-handover/src/main.rs:2492)
70.970617 [INFO ] [BENCH] round=6 frame=61 step=459 draw=27006 period=28611 full=true repaint=217156 changed=217156 (octowhere octowhere-handover/src/main.rs:2492)
70.995854 [INFO ] [BENCH] round=6 frame=61 step=412 draw=23966 period=28314 full=true repaint=217156 changed=0 (octowhere octowhere-handover/src/main.rs:2492)
71.017290 [INFO ] [BENCH] round=6 frame=62 step=386 draw=20342 period=25105 full=true repaint=217156 changed=217156 (octowhere octowhere-handover/src/main.rs:2492)
71.042222 [INFO ] [BENCH] round=6 frame=63 step=403 draw=23566 period=21592 full=true repaint=217156 changed=217156 (octowhere octowhere-handover/src/main.rs:2492)
71.068339 [INFO ] [BENCH] round=6 frame=64 step=450 draw=24728 period=24990 full=true repaint=217156 changed=217156 (octowhere octowhere-handover/src/main.rs:2492)
71.103596 [INFO ] [BENCH] round=6 frame=65 step=455 draw=26635 period=33345 full=true repaint=217156 changed=217156 (octowhere octowhere-handover/src/main.rs:2492)
71.128883 [INFO ] [BENCH] round=6 frame=65 step=904 draw=23572 period=27898 full=true repaint=217156 changed=0 (octowhere octowhere-handover/src/main.rs:2492)
71.150164 [INFO ] [BENCH] round=6 frame=66 step=394 draw=20172 period=25219 full=true repaint=217156 changed=217156 (octowhere octowhere-handover/src/main.rs:2492)
71.174420 [INFO ] [BENCH] round=6 frame=67 step=412 draw=22914 period=21438 full=true repaint=217156 changed=217156 (octowhere octowhere-handover/src/main.rs:2492)
71.206688 [INFO ] [BENCH] round=6 frame=68 step=4155 draw=24839 period=26592 full=true repaint=217156 changed=216 (octowhere octowhere-handover/src/main.rs:2492)
71.218381 [INFO ] [BENCH] round=6 frame=69 step=2369 draw=6156 period=32180 full=false repaint=216 changed=36 (octowhere octowhere-handover/src/main.rs:2492)
71.221068 [INFO ] [BENCH] round=6 frame=69 step=326 draw=1696 period=9255 full=false repaint=36 changed=0 (octowhere octowhere-handover/src/main.rs:2492)
71.248070 [INFO ] [BENCH] round=6 frame=70 step=2307 draw=2583 period=24048 full=false repaint=72 changed=72 (octowhere octowhere-handover/src/main.rs:2492)
71.281355 [INFO ] [BENCH] round=6 frame=71 step=2352 draw=2504 period=33323 full=false repaint=108 changed=72 (octowhere octowhere-handover/src/main.rs:2492)
71.314550 [INFO ] [BENCH] round=6 frame=72 step=2358 draw=2341 period=33374 full=false repaint=72 changed=36 (octowhere octowhere-handover/src/main.rs:2492)
71.344828 [INFO ] [BENCH] round=6 frame=72 step=831 draw=1958 period=32199 full=false repaint=36 changed=0 (octowhere octowhere-handover/src/main.rs:2492)
71.350239 [INFO ] [BENCH] round=6 frame=73 step=2244 draw=2409 period=3527 full=false repaint=108 changed=108 (octowhere octowhere-handover/src/main.rs:2492)
71.381452 [INFO ] [BENCH] round=6 frame=74 step=2354 draw=2583 period=30926 full=false repaint=108 changed=36 (octowhere octowhere-handover/src/main.rs:2492)
71.414722 [INFO ] [BENCH] round=6 frame=75 step=2368 draw=2480 period=33343 full=false repaint=108 changed=108 (octowhere octowhere-handover/src/main.rs:2492)
71.448107 [INFO ] [BENCH] round=6 frame=76 step=2379 draw=2521 period=33348 full=false repaint=108 changed=36 (octowhere octowhere-handover/src/main.rs:2492)
71.472364 [INFO ] [BENCH] round=6 frame=76 step=362 draw=1860 period=26970 full=false repaint=36 changed=0 (octowhere octowhere-handover/src/main.rs:2492)
71.481042 [INFO ] [BENCH] round=6 frame=77 step=2216 draw=2332 period=6335 full=false repaint=108 changed=108 (octowhere octowhere-handover/src/main.rs:2492)
71.514730 [INFO ] [BENCH] round=6 frame=78 step=2342 draw=2528 period=33354 full=false repaint=108 changed=36 (octowhere octowhere-handover/src/main.rs:2492)
71.548096 [INFO ] [BENCH] round=6 frame=79 step=2378 draw=2502 period=33333 full=false repaint=144 changed=144 (octowhere octowhere-handover/src/main.rs:2492)
71.581649 [INFO ] [BENCH] round=6 frame=80 step=2411 draw=2683 period=33337 full=false repaint=252 changed=144 (octowhere octowhere-handover/src/main.rs:2492)
71.597702 [INFO ] [BENCH] round=6 frame=80 step=838 draw=2790 period=17541 full=false repaint=144 changed=0 (octowhere octowhere-handover/src/main.rs:2492)
71.613576 [INFO ] [BENCH] round=6 frame=81 step=2236 draw=1539 period=15771 full=false repaint=36 changed=36 (octowhere octowhere-handover/src/main.rs:2492)
71.647182 [INFO ] [BENCH] round=6 frame=82 step=2295 draw=1705 period=33353 full=false repaint=36 changed=36 (octowhere octowhere-handover/src/main.rs:2492)
71.681361 [INFO ] [BENCH] round=6 frame=83 step=2378 draw=2451 period=33323 full=false repaint=72 changed=72 (octowhere octowhere-handover/src/main.rs:2492)
71.715101 [INFO ] [BENCH] round=6 frame=84 step=2794 draw=2474 period=33328 full=false repaint=72 changed=36 (octowhere octowhere-handover/src/main.rs:2492)
71.725800 [INFO ] [BENCH] round=6 frame=84 step=362 draw=2578 period=13040 full=false repaint=36 changed=0 (octowhere octowhere-handover/src/main.rs:2492)
71.747841 [INFO ] [BENCH] round=6 frame=85 step=2322 draw=2380 period=20251 full=false repaint=108 changed=108 (octowhere octowhere-handover/src/main.rs:2492)
71.781659 [INFO ] [BENCH] round=6 frame=86 step=2424 draw=2693 period=33386 full=false repaint=216 changed=144 (octowhere octowhere-handover/src/main.rs:2492)
71.815137 [INFO ] [BENCH] round=6 frame=87 step=2453 draw=2745 period=33390 full=false repaint=216 changed=108 (octowhere octowhere-handover/src/main.rs:2492)
71.850314 [INFO ] [BENCH] round=6 frame=88 step=4468 draw=2679 period=33254 full=false repaint=108 changed=36 (octowhere octowhere-handover/src/main.rs:2492)
71.854125 [INFO ] [BENCH] round=6 frame=88 step=826 draw=2306 period=7860 full=false repaint=36 changed=0 (octowhere octowhere-handover/src/main.rs:2492)
71.880368 [INFO ] [BENCH] round=6 frame=89 step=2268 draw=1648 period=25466 full=false repaint=36 changed=36 (octowhere octowhere-handover/src/main.rs:2492)
71.914453 [INFO ] [BENCH] round=6 frame=90 step=2302 draw=2273 period=33386 full=false repaint=72 changed=72 (octowhere octowhere-handover/src/main.rs:2492)
71.948140 [INFO ] [BENCH] round=6 frame=91 step=2360 draw=2560 period=33315 full=false repaint=108 changed=72 (octowhere octowhere-handover/src/main.rs:2492)
71.978206 [INFO ] [BENCH] round=6 frame=91 step=392 draw=2705 period=31918 full=false repaint=72 changed=0 (octowhere octowhere-handover/src/main.rs:2492)
71.983400 [INFO ] [BENCH] round=6 frame=92 step=2216 draw=2274 period=3803 full=false repaint=108 changed=108 (octowhere octowhere-handover/src/main.rs:2492)
72.014878 [INFO ] [BENCH] round=6 frame=93 step=2350 draw=2646 period=30941 full=false repaint=180 changed=108 (octowhere octowhere-handover/src/main.rs:2492)
72.048309 [INFO ] [BENCH] round=6 frame=94 step=2402 draw=2680 period=33350 full=false repaint=180 changed=108 (octowhere octowhere-handover/src/main.rs:2492)
72.081392 [INFO ] [BENCH] round=6 frame=95 step=2367 draw=2500 period=33325 full=false repaint=108 changed=36 (octowhere octowhere-handover/src/main.rs:2492)
72.100729 [INFO ] [BENCH] round=6 frame=95 step=794 draw=1880 period=21544 full=false repaint=36 changed=0 (octowhere octowhere-handover/src/main.rs:2492)
72.113533 [INFO ] [BENCH] round=6 frame=96 step=2210 draw=1489 period=11802 full=false repaint=36 changed=36 (octowhere octowhere-handover/src/main.rs:2492)
72.148205 [INFO ] [BENCH] round=6 frame=97 step=2292 draw=2673 period=33338 full=false repaint=180 changed=180 (octowhere octowhere-handover/src/main.rs:2492)
72.181596 [INFO ] [BENCH] round=6 frame=98 step=2406 draw=2630 period=33323 full=false repaint=216 changed=72 (octowhere octowhere-handover/src/main.rs:2492)
72.214806 [INFO ] [BENCH] round=6 frame=99 step=2387 draw=2494 period=33365 full=false repaint=108 changed=72 (octowhere octowhere-handover/src/main.rs:2492)
72.230517 [INFO ] [BENCH] round=6 frame=99 step=388 draw=2571 period=17662 full=false repaint=72 changed=0 (octowhere octowhere-handover/src/main.rs:2492)
72.247567 [INFO ] [BENCH] round=6 frame=100 step=2214 draw=2196 period=15605 full=false repaint=72 changed=72 (octowhere octowhere-handover/src/main.rs:2492)
72.281391 [INFO ] [BENCH] round=6 frame=101 step=2339 draw=2513 period=33351 full=false repaint=108 changed=72 (octowhere octowhere-handover/src/main.rs:2492)
72.314929 [INFO ] [BENCH] round=6 frame=102 step=2392 draw=2637 period=33351 full=false repaint=180 changed=144 (octowhere octowhere-handover/src/main.rs:2492)
72.350548 [INFO ] [BENCH] round=6 frame=103 step=2394 draw=4942 period=33329 full=false repaint=216 changed=108 (octowhere octowhere-handover/src/main.rs:2492)
72.354849 [INFO ] [BENCH] round=6 frame=103 step=823 draw=2727 period=8101 full=false repaint=108 changed=0 (octowhere octowhere-handover/src/main.rs:2492)
72.381270 [INFO ] [BENCH] round=6 frame=104 step=2339 draw=2452 period=25161 full=false repaint=72 changed=72 (octowhere octowhere-handover/src/main.rs:2492)
72.414912 [INFO ] [BENCH] round=6 frame=105 step=2371 draw=2670 period=33384 full=false repaint=180 changed=144 (octowhere octowhere-handover/src/main.rs:2492)
72.448246 [INFO ] [BENCH] round=6 frame=106 step=2402 draw=2621 period=33360 full=false repaint=180 changed=72 (octowhere octowhere-handover/src/main.rs:2492)
72.483992 [INFO ] [BENCH] round=6 frame=107 step=4876 draw=2586 period=33324 full=false repaint=72 changed=36 (octowhere octowhere-handover/src/main.rs:2492)
72.486544 [INFO ] [BENCH] round=6 frame=107 step=350 draw=1511 period=8198 full=false repaint=36 changed=0 (octowhere octowhere-handover/src/main.rs:2492)
72.514470 [INFO ] [BENCH] round=6 frame=108 step=2257 draw=2422 period=25054 full=false repaint=72 changed=72 (octowhere octowhere-handover/src/main.rs:2492)
72.547957 [INFO ] [BENCH] round=6 frame=109 step=2363 draw=2402 period=33409 full=false repaint=72 changed=36 (octowhere octowhere-handover/src/main.rs:2492)
72.581354 [INFO ] [BENCH] round=6 frame=110 step=2365 draw=2448 period=33332 full=false repaint=72 changed=72 (octowhere octowhere-handover/src/main.rs:2492)
72.605623 [INFO ] [BENCH] round=6 frame=110 step=828 draw=2630 period=25638 full=false repaint=72 changed=0 (octowhere octowhere-handover/src/main.rs:2492)
72.613570 [INFO ] [BENCH] round=6 frame=111 step=2223 draw=1546 period=7680 full=false repaint=36 changed=36 (octowhere octowhere-handover/src/main.rs:2492)
72.647143 [INFO ] [BENCH] round=6 frame=112 step=2275 draw=1705 period=33338 full=false repaint=36 changed=36 (octowhere octowhere-handover/src/main.rs:2492)
72.681205 [INFO ] [BENCH] round=6 frame=113 step=2985 draw=1716 period=33348 full=false repaint=36 changed=36 (octowhere octowhere-handover/src/main.rs:2492)
72.713891 [INFO ] [BENCH] round=6 frame=114 step=2354 draw=1708 period=33321 full=false repaint=36 changed=36 (octowhere octowhere-handover/src/main.rs:2492)
72.734293 [INFO ] [BENCH] round=6 frame=114 step=357 draw=1843 period=22270 full=false repaint=36 changed=0 (octowhere octowhere-handover/src/main.rs:2492)
72.747098 [INFO ] [BENCH] round=6 frame=115 step=2301 draw=1658 period=11044 full=false repaint=36 changed=36 (octowhere octowhere-handover/src/main.rs:2492)
72.780563 [INFO ] [BENCH] round=6 frame=116 step=2340 draw=1721 period=33362 full=false repaint=36 changed=36 (octowhere octowhere-handover/src/main.rs:2492)
72.813975 [INFO ] [BENCH] round=6 frame=117 step=2367 draw=1721 period=33382 full=false repaint=36 changed=36 (octowhere octowhere-handover/src/main.rs:2492)
72.847249 [INFO ] [BENCH] round=6 frame=118 step=2356 draw=1701 period=33304 full=false repaint=36 changed=36 (octowhere octowhere-handover/src/main.rs:2492)
72.856829 [INFO ] [BENCH] round=6 frame=118 step=838 draw=1868 period=10926 full=false repaint=36 changed=0 (octowhere octowhere-handover/src/main.rs:2492)
72.880454 [INFO ] [BENCH] round=6 frame=119 step=2300 draw=1678 period=22359 full=false repaint=36 changed=36 (octowhere octowhere-handover/src/main.rs:2492)
72.932896 [INFO ] [BENCH] round=6 frame=120 step=330 draw=22755 period=33361 full=true repaint=217156 changed=217156 (octowhere octowhere-handover/src/main.rs:2492)
72.969971 [INFO ] [BENCH] round=6 frame=121 step=186 draw=26754 period=33252 full=true repaint=217156 changed=217156 (octowhere octowhere-handover/src/main.rs:2492)
73.006098 [INFO ] [BENCH] round=6 frame=122 step=293 draw=29390 period=33350 full=true repaint=217156 changed=217156 (octowhere octowhere-handover/src/main.rs:2492)
73.033152 [INFO ] [BENCH] round=6 frame=122 step=369 draw=25971 period=30412 full=true repaint=217156 changed=0 (octowhere octowhere-handover/src/main.rs:2492)
73.050210 [INFO ] [BENCH] round=6 frame=123 step=204 draw=16451 period=26781 full=true repaint=217156 changed=217156 (octowhere octowhere-handover/src/main.rs:2492)
73.067683 [INFO ] [BENCH] round=6 frame=124 step=150 draw=16961 period=17003 full=true repaint=217156 changed=217156 (octowhere octowhere-handover/src/main.rs:2492)
73.095806 [INFO ] [BENCH] round=6 frame=125 step=252 draw=19175 period=25799 full=true repaint=217156 changed=217156 (octowhere octowhere-handover/src/main.rs:2492)
73.125940 [INFO ] [BENCH] round=6 frame=125 step=820 draw=18948 period=29713 full=true repaint=217156 changed=0 (octowhere octowhere-handover/src/main.rs:2492)
73.142898 [INFO ] [BENCH] round=6 frame=126 step=275 draw=16057 period=20501 full=true repaint=217156 changed=217156 (octowhere octowhere-handover/src/main.rs:2492)
73.163067 [INFO ] [BENCH] round=6 frame=127 step=159 draw=19737 period=16586 full=true repaint=217156 changed=217156 (octowhere octowhere-handover/src/main.rs:2492)
73.196285 [INFO ] [BENCH] round=6 frame=128 step=285 draw=19613 period=33206 full=true repaint=217156 changed=217156 (octowhere octowhere-handover/src/main.rs:2492)
73.229447 [INFO ] [BENCH] round=6 frame=129 step=267 draw=19473 period=33325 full=true repaint=217156 changed=217156 (octowhere octowhere-handover/src/main.rs:2492)
73.256153 [INFO ] [BENCH] round=6 frame=129 step=497 draw=17696 period=28207 full=true repaint=217156 changed=0 (octowhere octowhere-handover/src/main.rs:2492)
73.273121 [INFO ] [BENCH] round=6 frame=130 step=137 draw=16397 period=18710 full=true repaint=217156 changed=217156 (octowhere octowhere-handover/src/main.rs:2492)
73.295931 [INFO ] [BENCH] round=6 frame=131 step=138 draw=19442 period=19751 full=true repaint=217156 changed=217156 (octowhere octowhere-handover/src/main.rs:2492)
73.326005 [INFO ] [BENCH] round=6 frame=132 step=277 draw=16000 period=33345 full=true repaint=217156 changed=217156 (octowhere octowhere-handover/src/main.rs:2492)
73.371111 [INFO ] [BENCH] round=6 frame=133 step=259 draw=27762 period=33341 full=true repaint=217156 changed=217156 (octowhere octowhere-handover/src/main.rs:2492)
73.399547 [INFO ] [BENCH] round=6 frame=133 step=804 draw=27046 period=28602 full=true repaint=217156 changed=0 (octowhere octowhere-handover/src/main.rs:2492)
73.426657 [INFO ] [BENCH] round=6 frame=134 step=266 draw=26309 period=28431 full=true repaint=217156 changed=217156 (octowhere octowhere-handover/src/main.rs:2492)
73.455708 [INFO ] [BENCH] round=6 frame=135 step=163 draw=28547 period=26896 full=true repaint=217156 changed=217156 (octowhere octowhere-handover/src/main.rs:2492)
73.483321 [INFO ] [BENCH] round=6 frame=136 step=283 draw=26861 period=29187 full=true repaint=217156 changed=217156 (octowhere octowhere-handover/src/main.rs:2492)
73.513975 [INFO ] [BENCH] round=6 frame=137 step=273 draw=29863 period=27628 full=true repaint=217156 changed=217156 (octowhere octowhere-handover/src/main.rs:2492)
73.527346 [INFO ] [BENCH] round=6 frame=138 step=365 draw=12360 period=30806 full=true repaint=217156 changed=217156 (octowhere octowhere-handover/src/main.rs:2492)
73.561754 [INFO ] [BENCH] round=6 frame=1018 step=1782 draw=16868 period=28412 full=true repaint=217156 changed=217156 (octowhere octowhere-handover/src/main.rs:2492)
73.589623 [INFO ] [BENCH] round=6 frame=1046 step=8223 draw=18619 period=19658 full=true repaint=217156 changed=15840 (octowhere octowhere-handover/src/main.rs:2492)
73.605859 [INFO ] [BENCH] round=6 frame=1062 step=7897 draw=7352 period=27795 full=false repaint=16200 changed=15912 (octowhere octowhere-handover/src/main.rs:2492)
73.627367 [INFO ] [BENCH] round=6 frame=1084 step=10796 draw=9761 period=16204 full=false repaint=32400 changed=32040 (octowhere octowhere-handover/src/main.rs:2492)
73.649129 [INFO ] [BENCH] round=6 frame=1105 step=9277 draw=11637 period=21390 full=false repaint=35356 changed=19192 (octowhere octowhere-handover/src/main.rs:2492)
73.670999 [INFO ] [BENCH] round=6 frame=1127 step=10895 draw=9979 period=21930 full=false repaint=25104 changed=21788 (octowhere octowhere-handover/src/main.rs:2492)
73.693809 [INFO ] [BENCH] round=6 frame=1150 step=9573 draw=12329 period=21761 full=false repaint=23860 changed=4732 (octowhere octowhere-handover/src/main.rs:2492)
73.713342 [INFO ] [BENCH] round=6 frame=1170 step=10517 draw=8075 period=22884 full=false repaint=7300 changed=5264 (octowhere octowhere-handover/src/main.rs:2492)
73.727419 [INFO ] [BENCH] round=6 frame=1184 step=3766 draw=9496 period=19402 full=false repaint=17320 changed=16004 (octowhere octowhere-handover/src/main.rs:2492)
73.744124 [INFO ] [BENCH] round=6 frame=1201 step=3037 draw=12749 period=14192 full=false repaint=16004 changed=7880 (octowhere octowhere-handover/src/main.rs:2492)
73.754500 [INFO ] [BENCH] round=6 frame=1211 step=3039 draw=6589 period=16557 full=false repaint=12056 changed=12056 (octowhere octowhere-handover/src/main.rs:2492)
73.763920 [INFO ] [BENCH] round=6 frame=1220 step=2915 draw=5766 period=10361 full=false repaint=12056 changed=7880 (octowhere octowhere-handover/src/main.rs:2492)
73.782895 [INFO ] [BENCH] round=6 frame=1239 step=8959 draw=3809 period=14898 full=false repaint=7880 changed=7880 (octowhere octowhere-handover/src/main.rs:2492)
73.802851 [INFO ] [BENCH] round=6 frame=1259 step=8455 draw=6774 period=17392 full=false repaint=15500 changed=15500 (octowhere octowhere-handover/src/main.rs:2492)
73.813167 [INFO ] [BENCH] round=6 frame=1270 step=3033 draw=6129 period=16466 full=false repaint=15500 changed=12056 (octowhere octowhere-handover/src/main.rs:2492)
73.830555 [INFO ] [BENCH] round=6 frame=1287 step=3056 draw=6462 period=17028 full=false repaint=15488 changed=15488 (octowhere octowhere-handover/src/main.rs:2492)
73.852815 [INFO ] [BENCH] round=6 frame=1309 step=8394 draw=6882 period=16402 full=false repaint=15488 changed=12056 (octowhere octowhere-handover/src/main.rs:2492)
73.867355 [INFO ] [BENCH] round=6 frame=1324 step=3047 draw=9205 period=17660 full=false repaint=15488 changed=15488 (octowhere octowhere-handover/src/main.rs:2492)
73.881416 [INFO ] [BENCH] round=6 frame=1338 step=3294 draw=7120 period=15902 full=false repaint=15488 changed=12056 (octowhere octowhere-handover/src/main.rs:2492)
73.898623 [INFO ] [BENCH] round=6 frame=1355 step=3070 draw=7319 period=17235 full=false repaint=15488 changed=15488 (octowhere octowhere-handover/src/main.rs:2492)
73.914798 [INFO ] [BENCH] round=6 frame=1371 step=3031 draw=7182 period=16351 full=false repaint=15488 changed=12056 (octowhere octowhere-handover/src/main.rs:2492)
73.937862 [INFO ] [BENCH] round=6 frame=1394 step=8509 draw=7527 period=17238 full=false repaint=15488 changed=7608 (octowhere octowhere-handover/src/main.rs:2492)
73.943945 [INFO ] [BENCH] round=6 frame=1400 step=3023 draw=2228 period=16885 full=false repaint=7608 changed=4176 (octowhere octowhere-handover/src/main.rs:2492)
73.959765 [INFO ] [BENCH] round=6 frame=1416 step=2943 draw=2165 period=15952 full=false repaint=7608 changed=7608 (octowhere octowhere-handover/src/main.rs:2492)
73.975955 [INFO ] [BENCH] round=6 frame=1432 step=2892 draw=2165 period=16252 full=false repaint=7608 changed=4176 (octowhere octowhere-handover/src/main.rs:2492)
74.001981 [INFO ] [BENCH] round=6 frame=1458 step=10930 draw=2867 period=17253 full=false repaint=7680 changed=7680 (octowhere octowhere-handover/src/main.rs:2492)
74.010352 [INFO ] [BENCH] round=6 frame=1467 step=2932 draw=2829 period=16426 full=false repaint=7680 changed=4176 (octowhere octowhere-handover/src/main.rs:2492)
74.027027 [INFO ] [BENCH] round=6 frame=1483 step=2903 draw=2231 period=17306 full=false repaint=7608 changed=7608 (octowhere octowhere-handover/src/main.rs:2492)
74.043196 [INFO ] [BENCH] round=6 frame=1500 step=2883 draw=2236 period=16192 full=false repaint=7608 changed=4176 (octowhere octowhere-handover/src/main.rs:2492)
74.060494 [INFO ] [BENCH] round=6 frame=1517 step=2893 draw=2249 period=17268 full=false repaint=7608 changed=7608 (octowhere octowhere-handover/src/main.rs:2492)
74.076809 [INFO ] [BENCH] round=6 frame=1533 step=2884 draw=2251 period=16330 full=false repaint=7608 changed=4176 (octowhere octowhere-handover/src/main.rs:2492)
74.099493 [INFO ] [BENCH] round=6 frame=1556 step=8361 draw=2195 period=17271 full=false repaint=7608 changed=7608 (octowhere octowhere-handover/src/main.rs:2492)
74.110629 [INFO ] [BENCH] round=6 frame=1567 step=2891 draw=2265 period=16526 full=false repaint=7608 changed=4176 (octowhere octowhere-handover/src/main.rs:2492)
74.127875 [INFO ] [BENCH] round=6 frame=1584 step=3192 draw=2271 period=16935 full=false repaint=7608 changed=7608 (octowhere octowhere-handover/src/main.rs:2492)
74.143582 [INFO ] [BENCH] round=6 frame=1600 step=2851 draw=1841 period=16486 full=false repaint=7608 changed=4176 (octowhere octowhere-handover/src/main.rs:2492)
74.160854 [INFO ] [BENCH] round=6 frame=1617 step=2858 draw=1845 period=17265 full=false repaint=7608 changed=3432 (octowhere octowhere-handover/src/main.rs:2492)
74.181702 [INFO ] [BENCH] round=6 frame=1638 step=8143 draw=1100 period=16318 full=false repaint=3432 changed=0 (octowhere octowhere-handover/src/main.rs:2492)
74.371729 [INFO ] [BENCH] round=6 frame=1828 step=2995 draw=1526 period=3020 full=false repaint=616 changed=616 (octowhere octowhere-handover/src/main.rs:2492)
74.376203 [INFO ] [BENCH] round=6 frame=1833 step=1970 draw=1638 period=5390 full=false repaint=616 changed=0 (octowhere octowhere-handover/src/main.rs:2492)
74.406996 [INFO ] [BENCH] round=6 frame=1863 step=7461 draw=704 period=684 full=false repaint=36 changed=36 (octowhere octowhere-handover/src/main.rs:2492)
74.409880 [INFO ] [BENCH] round=6 frame=1866 step=1182 draw=864 period=9001 full=false repaint=36 changed=0 (octowhere octowhere-handover/src/main.rs:2492)
75.379798 [INFO ] [BENCH] round=6 frame=2836 step=3073 draw=1759 period=2937 full=false repaint=1232 changed=1232 (octowhere octowhere-handover/src/main.rs:2492)
75.384516 [INFO ] [BENCH] round=6 frame=2841 step=1981 draw=1884 period=5693 full=false repaint=1232 changed=0 (octowhere octowhere-handover/src/main.rs:2492)
