[TOUCHLOG] t=10233ms line line_after=high raw=[06, 01, 0e, ed, 00, 01, ab, 00, 00, 00, 3c, 0d, ab, 80, 00] parsed=Points([TouchPoint { x: 435, y: 228 }])
[TOUCHLOG] t=10261ms line line_after=low raw=[06, 01, 0e, ed, 00, 01, ab, 00, 00, 00, 3c, 0d, ab, 80, 00] parsed=Points([TouchPoint { x: 435, y: 228 }])
[TOUCHLOG] t=10292ms line line_after=high raw=[06, 01, 0e, ed, 00, 01, ab, 00, 00, 00, 3c, 0d, ab, 80, 00] parsed=Points([TouchPoint { x: 435, y: 228 }])
[TOUCHLOG] t=10337ms line line_after=high raw=[06, 03, 0e, 85, 00, 01, ab, 00, 00, 00, 3c, 0d, ab, 80, 00] parsed=Points([TouchPoint { x: 409, y: 236 }])
[TOUCHLOG] t=10395ms poll line_after=high raw=[06, 04, 0e, a4, 00, 01, ab, 00, 00, 00, 3c, 0d, ab, 80, 00] parsed=Points([TouchPoint { x: 391, y: 237 }])
[TOUCHLOG] t=10426ms poll line_after=high raw=[06, 05, 0e, 56, 00, 01, ab, 00, 00, 00, 3c, 0d, ab, 80, 00] parsed=Points([TouchPoint { x: 380, y: 235 }])
[TOUCHLOG] t=10460ms poll line_after=low raw=[06, 06, 0e, 57, 00, 01, ab, 00, 00, 00, 3c, 0d, ab, 80, 00] parsed=Points([TouchPoint { x: 364, y: 234 }])
[TOUCHLOG] t=10494ms poll line_after=high raw=[06, 07, 0e, b8, 00, 01, ab, 00, 00, 00, 3c, 0d, ab, 80, 00] parsed=Points([TouchPoint { x: 342, y: 233 }])
[TOUCHLOG] t=10527ms poll line_after=high raw=[06, 08, 0e, b8, 00, 01, ab, 00, 00, 00, 3c, 0d, ab, 80, 00] parsed=Points([TouchPoint { x: 326, y: 233 }])
[TOUCHLOG] t=10560ms poll line_after=low raw=[06, 09, 0e, b8, 00, 01, ab, 00, 00, 00, 3c, 0d, ab, 80, 00] parsed=Points([TouchPoint { x: 310, y: 233 }])
[TOUCHLOG] t=10594ms poll line_after=high raw=[06, 0a, 0e, f4, 00, 01, ab, 00, 00, 00, 3c, 0d, ab, 80, 00] parsed=Points([TouchPoint { x: 290, y: 237 }])
[TOUCHLOG] t=10628ms poll line_after=high raw=[06, 0b, 0e, 82, 00, 01, ab, 00, 00, 00, 3c, 0d, ab, 80, 00] parsed=Points([TouchPoint { x: 281, y: 239 }])
[TOUCHLOG] t=10662ms line line_after=high raw=[06, 0b, 0e, e1, 00, 01, ab, 00, 00, 00, 3c, 0d, ab, 80, 00] parsed=Points([TouchPoint { x: 275, y: 240 }])
[TOUCHLOG] t=10695ms poll line_after=high raw=[06, 0c, 0d, 7f, 00, 01, ab, 00, 00, 00, 3c, 0d, ab, 80, 00] parsed=Points([TouchPoint { x: 266, y: 242 }])
[TOUCHLOG] t=10727ms poll line_after=high raw=[06, 0c, 0d, de, 00, 01, ab, 00, 00, 00, 3c, 0d, ab, 80, 00] parsed=Points([TouchPoint { x: 260, y: 243 }])
[TOUCHLOG] t=10760ms poll line_after=low raw=[06, 0d, 0d, 2e, 00, 01, ab, 00, 00, 00, 3c, 0d, ab, 80, 00] parsed=Points([TouchPoint { x: 255, y: 243 }])
[TOUCHLOG] t=10792ms line line_after=high raw=[06, 0d, 0d, 3e, 00, 01, ab, 00, 00, 00, 3c, 0d, ab, 80, 00] parsed=Points([TouchPoint { x: 254, y: 243 }])
[TOUCHLOG] t=10825ms poll line_after=high raw=[06, 0d, 0d, 3e, 00, 01, ab, 00, 00, 00, 3c, 0d, ab, 80, 00] parsed=Points([TouchPoint { x: 254, y: 243 }])
[TOUCHLOG] t=10857ms poll line_after=high raw=[06, 0d, 0d, 3e, 00, 01, ab, 00, 00, 00, 3c, 0d, ab, 80, 00] parsed=Points([TouchPoint { x: 254, y: 243 }])
[TOUCHLOG] t=10889ms poll line_after=low raw=[06, 0d, 0d, 3e, 00, 01, ab, 00, 00, 00, 3c, 0d, ab, 80, 00] parsed=Points([TouchPoint { x: 254, y: 243 }])
[TOUCHLOG] t=10912ms line line_after=high raw=[06, 0d, 0d, 3e, 00, 01, ab, 00, 00, 00, 3c, 0d, ab, 80, 00] parsed=Points([TouchPoint { x: 254, y: 243 }])
[TOUCHLOG] t=10943ms poll line_after=high raw=[06, 0d, 0d, 3e, 00, 01, ab, 00, 00, 00, 3c, 0d, ab, 80, 00] parsed=Points([TouchPoint { x: 254, y: 243 }])
[TOUCHLOG] t=11001ms line line_after=low raw=[06, 0d, 0d, 3e, 00, 01, ab, 00, 00, 00, 3c, 0d, ab, 80, 00] parsed=Points([TouchPoint { x: 254, y: 243 }])
[TOUCHLOG] t=11051ms line line_after=low raw=[06, 0d, 0d, 3e, 00, 01, ab, 00, 00, 00, 3c, 0d, ab, 80, 00] parsed=Points([TouchPoint { x: 254, y: 243 }])
[TOUCHLOG] t=11086ms poll line_after=high raw=[06, 0d, 0d, 3e, 00, 01, ab, 00, 00, 00, 3c, 0d, ab, 80, 00] parsed=Points([TouchPoint { x: 254, y: 243 }])
[TOUCHLOG] t=11135ms poll line_after=high raw=[06, 0d, 0d, 3e, 00, 01, ab, 00, 00, 00, 3c, 0d, ab, 80, 00] parsed=Points([TouchPoint { x: 254, y: 243 }])
[TOUCHLOG] t=11170ms poll line_after=low raw=[06, 0d, 0d, 3e, 00, 01, ab, 00, 00, 00, 3c, 0d, ab, 80, 00] parsed=Points([TouchPoint { x: 254, y: 243 }])
[TOUCHLOG] t=11219ms poll line_after=high raw=[06, 0d, 0d, 3e, 00, 01, ab, 00, 00, 00, 3c, 0d, ab, 80, 00] parsed=Points([TouchPoint { x: 254, y: 243 }])
[TOUCHLOG] t=11276ms poll line_after=high raw=[06, 0d, 0d, 3e, 00, 01, ab, 00, 00, 00, 3c, 0d, ab, 80, 00] parsed=Points([TouchPoint { x: 254, y: 243 }])
[TOUCHLOG] t=11310ms line line_after=low raw=[06, 0d, 0d, 4e, 00, 01, ab, 00, 00, 00, 3c, 0d, ab, 80, 00] parsed=Points([TouchPoint { x: 253, y: 243 }])
[TOUCHLOG] t=11342ms line line_after=high raw=[06, 0d, 0d, 4e, 00, 01, ab, 00, 00, 00, 3c, 0d, ab, 80, 00] parsed=Points([TouchPoint { x: 253, y: 243 }])
[TOUCHLOG] t=11373ms poll line_after=high raw=[06, 0d, 0d, 4e, 00, 01, ab, 00, 00, 00, 3c, 0d, ab, 80, 00] parsed=Points([TouchPoint { x: 253, y: 243 }])
[TOUCHLOG] t=11403ms poll line_after=high raw=[06, 0d, 0d, 4e, 00, 01, ab, 00, 00, 00, 3c, 0d, ab, 80, 00] parsed=Points([TouchPoint { x: 253, y: 243 }])
[TOUCHLOG] t=11439ms poll line_after=low raw=[06, 0d, 0d, 4e, 00, 01, ab, 00, 00, 00, 3c, 0d, ab, 80, 00] parsed=Points([TouchPoint { x: 253, y: 243 }])
[TOUCHLOG] t=11514ms poll line_after=high raw=[06, 0d, 0d, 4e, 00, 01, ab, 00, 00, 00, 3c, 0d, ab, 80, 00] parsed=Points([TouchPoint { x: 253, y: 243 }])
[TOUCHLOG] t=11549ms poll line_after=high raw=[06, 0d, 0d, 4e, 00, 01, ab, 00, 00, 00, 3c, 0d, ab, 80, 00] parsed=Points([TouchPoint { x: 253, y: 243 }])
[TOUCHLOG] t=11591ms line line_after=low raw=[06, 0d, 0d, 4e, 00, 01, ab, 00, 00, 00, 3c, 0d, ab, 80, 00] parsed=Points([TouchPoint { x: 253, y: 243 }])
[TOUCHLOG] t=11639ms poll line_after=low raw=[06, 0d, 0d, 4e, 00, 01, ab, 00, 00, 00, 3c, 0d, ab, 80, 00] parsed=Points([TouchPoint { x: 253, y: 243 }])
[TOUCHLOG] t=11675ms poll line_after=high raw=[06, 0d, 0d, 4e, 00, 01, ab, 00, 00, 00, 3c, 0d, ab, 80, 00] parsed=Points([TouchPoint { x: 253, y: 243 }])
[TOUCHLOG] t=11702ms line line_after=high raw=[06, 0d, 0d, 4e, 00, 01, ab, 00, 00, 00, 3c, 0d, ab, 80, 00] parsed=Points([TouchPoint { x: 253, y: 243 }])
[TOUCHLOG] t=11777ms poll line_after=high raw=[06, 0d, 0d, 4e, 00, 01, ab, 00, 00, 00, 3c, 0d, ab, 80, 00] parsed=Points([TouchPoint { x: 253, y: 243 }])
[TOUCHLOG] t=11812ms poll line_after=high raw=[06, 0d, 0d, 4e, 00, 01, ab, 00, 00, 00, 3c, 0d, ab, 80, 00] parsed=Points([TouchPoint { x: 253, y: 243 }])
[TOUCHLOG] t=11858ms poll line_after=high raw=[06, 0d, 0d, 4e, 00, 01, ab, 00, 00, 00, 3c, 0d, ab, 80, 00] parsed=Points([TouchPoint { x: 253, y: 243 }])
[TOUCHLOG] t=11908ms poll line_after=high raw=[06, 0d, 0d, 4e, 00, 01, ab, 00, 00, 00, 3c, 0d, ab, 80, 00] parsed=Points([TouchPoint { x: 253, y: 243 }])
[TOUCHLOG] t=11944ms poll line_after=high raw=[06, 0d, 0d, 4e, 00, 01, ab, 00, 00, 00, 3c, 0d, ab, 80, 00] parsed=Points([TouchPoint { x: 253, y: 243 }])
[TOUCHLOG] t=11971ms line line_after=low raw=[06, 0d, 0d, 4e, 00, 01, ab, 00, 00, 00, 3c, 0d, ab, 80, 00] parsed=Points([TouchPoint { x: 253, y: 243 }])
[TOUCHLOG] t=12046ms poll line_after=high raw=[06, 0d, 0d, 4e, 00, 01, ab, 00, 00, 00, 3c, 0d, ab, 80, 00] parsed=Points([TouchPoint { x: 253, y: 243 }])
[TOUCHLOG] t=12080ms poll line_after=low raw=[06, 0d, 0d, 4e, 00, 01, ab, 00, 00, 00, 3c, 0d, ab, 80, 00] parsed=Points([TouchPoint { x: 253, y: 243 }])
[TOUCHLOG] t=12127ms poll line_after=high raw=[06, 0d, 0d, 4e, 00, 01, ab, 00, 00, 00, 3c, 0d, ab, 80, 00] parsed=Points([TouchPoint { x: 253, y: 243 }])
[TOUCHLOG] t=12177ms poll line_after=high raw=[06, 0d, 0d, 4e, 00, 01, ab, 00, 00, 00, 3c, 0d, ab, 80, 00] parsed=Points([TouchPoint { x: 253, y: 243 }])
[TOUCHLOG] t=12229ms poll line_after=low raw=[06, 0d, 0d, 4e, 00, 01, ab, 00, 00, 00, 3c, 0d, ab, 80, 00] parsed=Points([TouchPoint { x: 253, y: 243 }])
[TOUCHLOG] t=12309ms poll line_after=high raw=[06, 0d, 0d, 4e, 00, 01, ab, 00, 00, 00, 3c, 0d, ab, 80, 00] parsed=Points([TouchPoint { x: 253, y: 243 }])
[TOUCHLOG] t=12322ms line line_after=high raw=[06, 0d, 0d, 4e, 00, 01, ab, 00, 00, 00, 3c, 0d, ab, 80, 00] parsed=Points([TouchPoint { x: 253, y: 243 }])
[TOUCHLOG] t=12402ms line line_after=high raw=[06, 0d, 0d, 4e, 00, 01, ab, 00, 00, 00, 3c, 0d, ab, 80, 00] parsed=Points([TouchPoint { x: 253, y: 243 }])
[TOUCHLOG] t=12433ms poll line_after=high raw=[06, 0d, 0d, 4e, 00, 01, ab, 00, 00, 00, 3c, 0d, ab, 80, 00] parsed=Points([TouchPoint { x: 253, y: 243 }])
[TOUCHLOG] t=12464ms poll line_after=high raw=[06, 0d, 0d, 4e, 00, 01, ab, 00, 00, 00, 3c, 0d, ab, 80, 00] parsed=Points([TouchPoint { x: 253, y: 243 }])
[TOUCHLOG] t=12492ms line line_after=high raw=[06, 0d, 0d, 4e, 00, 01, ab, 00, 00, 00, 3c, 0d, ab, 80, 00] parsed=Points([TouchPoint { x: 253, y: 243 }])
[TOUCHLOG] t=12567ms poll line_after=high raw=[06, 0d, 0d, 4e, 00, 01, ab, 00, 00, 00, 3c, 0d, ab, 80, 00] parsed=Points([TouchPoint { x: 253, y: 243 }])
[TOUCHLOG] t=12653ms poll line_after=high raw=[06, 0d, 0d, 4e, 00, 01, ab, 00, 00, 00, 3c, 0d, ab, 80, 00] parsed=Points([TouchPoint { x: 253, y: 243 }])
[TOUCHLOG] t=12684ms poll line_after=high raw=[06, 0d, 0d, 4e, 00, 01, ab, 00, 00, 00, 3c, 0d, ab, 80, 00] parsed=Points([TouchPoint { x: 253, y: 243 }])
[TOUCHLOG] t=12715ms poll line_after=high raw=[06, 0d, 0d, 4e, 00, 01, ab, 00, 00, 00, 3c, 0d, ab, 80, 00] parsed=Points([TouchPoint { x: 253, y: 243 }])
[TOUCHLOG] t=12750ms line line_after=low raw=[06, 0d, 0d, 4e, 00, 01, ab, 00, 00, 00, 3c, 0d, ab, 80, 00] parsed=Points([TouchPoint { x: 253, y: 243 }])
[TOUCHLOG] t=12800ms poll line_after=low raw=[06, 0d, 0d, 4e, 00, 01, ab, 00, 00, 00, 3c, 0d, ab, 80, 00] parsed=Points([TouchPoint { x: 253, y: 243 }])
[TOUCHLOG] t=12869ms poll line_after=low raw=[06, 0d, 0d, 4e, 00, 01, ab, 00, 00, 00, 3c, 0d, ab, 80, 00] parsed=Points([TouchPoint { x: 253, y: 243 }])
[TOUCHLOG] t=12917ms poll line_after=high raw=[06, 0d, 0d, 4e, 00, 01, ab, 00, 00, 00, 3c, 0d, ab, 80, 00] parsed=Points([TouchPoint { x: 253, y: 243 }])
[TOUCHLOG] t=12932ms line line_after=high raw=[06, 0d, 0d, 4e, 00, 01, ab, 00, 00, 00, 3c, 0d, ab, 80, 00] parsed=Points([TouchPoint { x: 253, y: 243 }])
[TOUCHLOG] t=12983ms poll line_after=high raw=[06, 0d, 0d, 4e, 00, 01, ab, 00, 00, 00, 3c, 0d, ab, 80, 00] parsed=Points([TouchPoint { x: 253, y: 243 }])
[TOUCHLOG] t=13019ms poll line_after=low raw=[06, 0d, 0d, 4e, 00, 01, ab, 00, 00, 00, 3c, 0d, ab, 80, 00] parsed=Points([TouchPoint { x: 253, y: 243 }])
[TOUCHLOG] t=13069ms poll line_after=low raw=[06, 0d, 0d, 4e, 00, 01, ab, 00, 00, 00, 3c, 0d, ab, 80, 00] parsed=Points([TouchPoint { x: 253, y: 243 }])
[TOUCHLOG] t=13130ms line line_after=low raw=[06, 0d, 0d, 4e, 00, 01, ab, 00, 00, 00, 3c, 0d, ab, 80, 00] parsed=Points([TouchPoint { x: 253, y: 243 }])
[TOUCHLOG] t=13151ms line line_after=low raw=[06, 0d, 0d, 4e, 00, 01, ab, 00, 00, 00, 3c, 0d, ab, 80, 00] parsed=Points([TouchPoint { x: 253, y: 243 }])
[TOUCHLOG] t=13202ms line line_after=high raw=[06, 0d, 0d, 4e, 00, 01, ab, 00, 00, 00, 3c, 0d, ab, 80, 00] parsed=Points([TouchPoint { x: 253, y: 243 }])
[TOUCHLOG] t=13238ms poll line_after=high raw=[06, 0d, 0d, 4e, 00, 01, ab, 00, 00, 00, 3c, 0d, ab, 80, 00] parsed=Points([TouchPoint { x: 253, y: 243 }])
[TOUCHLOG] t=13287ms poll line_after=high raw=[06, 0d, 0d, 4e, 00, 01, ab, 00, 00, 00, 3c, 0d, ab, 80, 00] parsed=Points([TouchPoint { x: 253, y: 243 }])
[TOUCHLOG] t=13302ms line line_after=high raw=[06, 0d, 0d, 4e, 00, 01, ab, 00, 00, 00, 3c, 0d, ab, 80, 00] parsed=Points([TouchPoint { x: 253, y: 243 }])
[TOUCHLOG] t=13352ms line line_after=high raw=[06, 0d, 0d, 4e, 00, 01, ab, 00, 00, 00, 3c, 0d, ab, 80, 00] parsed=Points([TouchPoint { x: 253, y: 243 }])
[TOUCHLOG] t=13411ms line line_after=low raw=[06, 0d, 0d, 4e, 00, 01, ab, 00, 00, 00, 3c, 0d, ab, 80, 00] parsed=Points([TouchPoint { x: 253, y: 243 }])
[TOUCHLOG] t=13456ms poll line_after=high raw=[06, 0d, 0d, 4e, 00, 01, ab, 00, 00, 00, 3c, 0d, ab, 80, 00] parsed=Points([TouchPoint { x: 253, y: 243 }])
[TOUCHLOG] t=13470ms line line_after=low raw=[06, 0d, 0d, 4e, 00, 01, ab, 00, 00, 00, 3c, 0d, ab, 80, 00] parsed=Points([TouchPoint { x: 253, y: 243 }])
[TOUCHLOG] t=13520ms line line_after=low raw=[06, 0d, 0d, 4e, 00, 01, ab, 00, 00, 00, 3c, 0d, ab, 80, 00] parsed=Points([TouchPoint { x: 253, y: 243 }])
[TOUCHLOG] t=13557ms poll line_after=high raw=[06, 0d, 0d, 4e, 00, 01, ab, 00, 00, 00, 3c, 0d, ab, 80, 00] parsed=Points([TouchPoint { x: 253, y: 243 }])
[TOUCHLOG] t=13607ms poll line_after=high raw=[06, 0d, 0d, 4e, 00, 01, ab, 00, 00, 00, 3c, 0d, ab, 80, 00] parsed=Points([TouchPoint { x: 253, y: 243 }])
[TOUCHLOG] t=13664ms poll line_after=high raw=[06, 0d, 0d, 4e, 00, 01, ab, 00, 00, 00, 3c, 0d, ab, 80, 00] parsed=Points([TouchPoint { x: 253, y: 243 }])
[TOUCHLOG] t=13708ms poll line_after=high raw=[06, 0d, 0d, 4e, 00, 01, ab, 00, 00, 00, 3c, 0d, ab, 80, 00] parsed=Points([TouchPoint { x: 253, y: 243 }])
[TOUCHLOG] t=13758ms poll line_after=high raw=[06, 0d, 0d, 4d, 00, 01, ab, 00, 00, 00, 3c, 0d, ab, 80, 00] parsed=Points([TouchPoint { x: 253, y: 244 }])
[TOUCHLOG] t=13794ms poll line_after=high raw=[06, 0d, 0d, 4d, 00, 01, ab, 00, 00, 00, 3c, 0d, ab, 80, 00] parsed=Points([TouchPoint { x: 253, y: 244 }])
[TOUCHLOG] t=13820ms line line_after=low raw=[06, 0d, 0d, 4d, 00, 01, ab, 00, 00, 00, 3c, 0d, ab, 80, 00] parsed=Points([TouchPoint { x: 253, y: 244 }])
[TOUCHLOG] t=13900ms poll line_after=low raw=[06, 0d, 0d, 4d, 00, 01, ab, 00, 00, 00, 3c, 0d, ab, 80, 00] parsed=Points([TouchPoint { x: 253, y: 244 }])
[TOUCHLOG] t=13910ms line line_after=low raw=[06, 0d, 0d, 4d, 00, 01, ab, 00, 00, 00, 3c, 0d, ab, 80, 00] parsed=Points([TouchPoint { x: 253, y: 244 }])
[TOUCHLOG] t=13942ms line line_after=high raw=[06, 0d, 0d, 4d, 00, 01, ab, 00, 00, 00, 3c, 0d, ab, 80, 00] parsed=Points([TouchPoint { x: 253, y: 244 }])
[TOUCHLOG] t=13978ms poll line_after=high raw=[06, 0d, 0d, 4d, 00, 01, ab, 00, 00, 00, 3c, 0d, ab, 80, 00] parsed=Points([TouchPoint { x: 253, y: 244 }])
[TOUCHLOG] t=14027ms poll line_after=high raw=[06, 0d, 0d, 4d, 00, 01, ab, 00, 00, 00, 3c, 0d, ab, 80, 00] parsed=Points([TouchPoint { x: 253, y: 244 }])
[TOUCHLOG] t=14042ms line line_after=high raw=[06, 0d, 0d, 4d, 00, 01, ab, 00, 00, 00, 3c, 0d, ab, 80, 00] parsed=Points([TouchPoint { x: 253, y: 244 }])
[TOUCHLOG] t=14093ms poll line_after=high raw=[06, 0d, 0d, 4d, 00, 01, ab, 00, 00, 00, 3c, 0d, ab, 80, 00] parsed=Points([TouchPoint { x: 253, y: 244 }])
[TOUCHLOG] t=14129ms poll line_after=low raw=[06, 0d, 0d, 4d, 00, 01, ab, 00, 00, 00, 3c, 0d, ab, 80, 00] parsed=Points([TouchPoint { x: 253, y: 244 }])
[TOUCHLOG] t=14191ms line line_after=low raw=[06, 0d, 0d, 4d, 00, 01, ab, 00, 00, 00, 3c, 0d, ab, 80, 00] parsed=Points([TouchPoint { x: 253, y: 244 }])
[TOUCHLOG] t=14211ms line line_after=high raw=[06, 0d, 0d, 4d, 00, 01, ab, 00, 00, 00, 3c, 0d, ab, 80, 00] parsed=Points([TouchPoint { x: 253, y: 244 }])
[TOUCHLOG] t=14263ms poll line_after=high raw=[06, 0d, 0d, 4c, 00, 01, ab, 00, 00, 00, 3c, 0d, ab, 80, 00] parsed=Points([TouchPoint { x: 253, y: 245 }])
[TOUCHLOG] t=14291ms line line_after=high raw=[06, 0d, 0d, 4c, 00, 01, ab, 00, 00, 00, 3c, 0d, ab, 80, 00] parsed=Points([TouchPoint { x: 253, y: 245 }])
[TOUCHLOG] t=14343ms poll line_after=high raw=[06, 0d, 0d, 5c, 00, 01, ab, 00, 00, 00, 3c, 0d, ab, 80, 00] parsed=Points([TouchPoint { x: 252, y: 245 }])
[TOUCHLOG] t=14402ms line line_after=high raw=[06, 0d, 0d, 5c, 00, 01, ab, 00, 00, 00, 3c, 0d, ab, 80, 00] parsed=Points([TouchPoint { x: 252, y: 245 }])
[TOUCHLOG] t=14459ms poll line_after=low raw=[06, 0d, 0d, 5c, 00, 01, ab, 00, 00, 00, 3c, 0d, ab, 80, 00] parsed=Points([TouchPoint { x: 252, y: 245 }])
[TOUCHLOG] t=14491ms line line_after=low raw=[06, 0d, 0d, 5b, 00, 01, ab, 00, 00, 00, 3c, 0d, ab, 80, 00] parsed=Points([TouchPoint { x: 252, y: 246 }])
[TOUCHLOG] t=14511ms line line_after=high raw=[06, 0d, 0d, 5b, 00, 01, ab, 00, 00, 00, 3c, 0d, ab, 80, 00] parsed=Points([TouchPoint { x: 252, y: 246 }])
[TOUCHLOG] t=14541ms poll line_after=high raw=[06, 0d, 0d, 5b, 00, 01, ab, 00, 00, 00, 3c, 0d, ab, 80, 00] parsed=Points([TouchPoint { x: 252, y: 246 }])
[TOUCHLOG] t=14561ms line line_after=low raw=[06, 0d, 0d, 5b, 00, 01, ab, 00, 00, 00, 3c, 0d, ab, 80, 00] parsed=Points([TouchPoint { x: 252, y: 246 }])
[TOUCHLOG] t=14614ms poll line_after=high raw=[06, 0d, 0d, 5a, 00, 01, ab, 00, 00, 00, 3c, 0d, ab, 80, 00] parsed=Points([TouchPoint { x: 252, y: 247 }])
[TOUCHLOG] t=14649ms poll line_after=low raw=[06, 0d, 0d, 5a, 00, 01, ab, 00, 00, 00, 3c, 0d, ab, 80, 00] parsed=Points([TouchPoint { x: 252, y: 247 }])
[TOUCHLOG] t=14726ms poll line_after=high raw=[06, 0d, 0d, 5a, 00, 01, ab, 00, 00, 00, 3c, 0d, ab, 80, 00] parsed=Points([TouchPoint { x: 252, y: 247 }])
[TOUCHLOG] t=14740ms line line_after=low raw=[06, 0d, 0d, 5a, 00, 01, ab, 00, 00, 00, 3c, 0d, ab, 80, 00] parsed=Points([TouchPoint { x: 252, y: 247 }])
[TOUCHLOG] t=14823ms poll line_after=high raw=[06, 0d, 0d, 59, 00, 01, ab, 00, 00, 00, 3c, 0d, ab, 80, 00] parsed=Points([TouchPoint { x: 252, y: 248 }])
[TOUCHLOG] t=14855ms poll line_after=high raw=[06, 0d, 0d, 59, 00, 01, ab, 00, 00, 00, 3c, 0d, ab, 80, 00] parsed=Points([TouchPoint { x: 252, y: 248 }])
[TOUCHLOG] t=14886ms poll line_after=high raw=[06, 0d, 0d, 58, 00, 01, ab, 00, 00, 00, 3c, 0d, ab, 80, 00] parsed=Points([TouchPoint { x: 252, y: 249 }])
[TOUCHLOG] t=14935ms poll line_after=high raw=[06, 0d, 0d, 58, 00, 01, ab, 00, 00, 00, 3c, 0d, ab, 80, 00] parsed=Points([TouchPoint { x: 252, y: 249 }])
[TOUCHLOG] t=14997ms poll line_after=high raw=[06, 0d, 0d, 58, 00, 01, ab, 00, 00, 00, 3c, 0d, ab, 80, 00] parsed=Points([TouchPoint { x: 252, y: 249 }])
[TOUCHLOG] t=15038ms poll line_after=high raw=[06, 0d, 0d, 58, 00, 01, ab, 00, 00, 00, 3c, 0d, ab, 80, 00] parsed=Points([TouchPoint { x: 252, y: 249 }])
[TOUCHLOG] t=15087ms poll line_after=high raw=[06, 0d, 0d, 58, 00, 01, ab, 00, 00, 00, 3c, 0d, ab, 80, 00] parsed=Points([TouchPoint { x: 252, y: 249 }])
[TOUCHLOG] t=15101ms line line_after=high raw=[06, 0d, 0d, 58, 00, 01, ab, 00, 00, 00, 3c, 0d, ab, 80, 00] parsed=Points([TouchPoint { x: 252, y: 249 }])
[TOUCHLOG] t=15152ms line line_after=high raw=[06, 0d, 0d, 58, 00, 01, ab, 00, 00, 00, 3c, 0d, ab, 80, 00] parsed=Points([TouchPoint { x: 252, y: 249 }])
[TOUCHLOG] t=15188ms poll line_after=high raw=[06, 0d, 0d, 58, 00, 01, ab, 00, 00, 00, 3c, 0d, ab, 80, 00] parsed=Points([TouchPoint { x: 252, y: 249 }])
[TOUCHLOG] t=15246ms poll line_after=high raw=[00, 0d, 0d, 58, 00, 01, ab, 00, 00, 00, 3c, 0d, ab, 80, 00] parsed=Points([])
[TOUCHLOG] t=15289ms poll line_after=high raw=[ab, 0d, 0d, 58, 00, 01, ab, 00, 00, 00, 3c, 0d, ab, 80, 00] parsed=Points([])
[TOUCHLOG] t=15341ms poll line_after=high raw=[ab, 0d, 0d, 58, 00, 01, ab, 00, 00, 00, 3c, 0d, ab, 80, 00] parsed=Points([])
[TOUCHLOG] t=19305ms line line_after=high raw=[06, 07, 0e, 14, 00, 01, ab, 00, 00, 00, 3c, 0d, ab, 80, 00] parsed=Points([TouchPoint { x: 352, y: 237 }])
[TOUCHLOG] t=19355ms line line_after=high raw=[06, 08, 0e, 66, 00, 01, ab, 00, 00, 00, 3c, 0d, ab, 80, 00] parsed=Points([TouchPoint { x: 331, y: 235 }])
[TOUCHLOG] t=19414ms line line_after=low raw=[06, 0a, 0e, 29, 00, 01, ab, 00, 00, 00, 3c, 0d, ab, 80, 00] parsed=Points([TouchPoint { x: 303, y: 232 }])
[TOUCHLOG] t=19446ms line line_after=high raw=[06, 0b, 0e, 19, 00, 01, ab, 00, 00, 00, 3c, 0d, ab, 80, 00] parsed=Points([TouchPoint { x: 288, y: 232 }])
[TOUCHLOG] t=19481ms poll line_after=high raw=[06, 0b, 0e, ca, 00, 01, ab, 00, 00, 00, 3c, 0d, ab, 80, 00] parsed=Points([TouchPoint { x: 277, y: 231 }])
[TOUCHLOG] t=19515ms poll line_after=high raw=[06, 0c, 0e, 5c, 00, 01, ab, 00, 00, 00, 3c, 0d, ab, 80, 00] parsed=Points([TouchPoint { x: 268, y: 229 }])
[TOUCHLOG] t=19575ms line line_after=low raw=[06, 0d, 0e, 2e, 00, 01, ab, 00, 00, 00, 3c, 0d, ab, 80, 00] parsed=Points([TouchPoint { x: 255, y: 227 }])
[TOUCHLOG] t=19608ms poll line_after=high raw=[06, 0d, 0f, d0, 00, 01, ab, 00, 00, 00, 3c, 0d, ab, 80, 00] parsed=Points([TouchPoint { x: 244, y: 225 }])
[TOUCHLOG] t=19642ms poll line_after=high raw=[06, 0e, 0f, 92, 00, 01, ab, 00, 00, 00, 3c, 0d, ab, 80, 00] parsed=Points([TouchPoint { x: 232, y: 223 }])
[TOUCHLOG] t=19674ms line line_after=low raw=[06, 0f, 0f, 44, 00, 01, ab, 00, 00, 00, 3c, 0d, ab, 80, 00] parsed=Points([TouchPoint { x: 221, y: 221 }])
[TOUCHLOG] t=19708ms poll line_after=high raw=[06, 10, 0f, 17, 00, 01, ab, 00, 00, 00, 3c, 0d, ab, 80, 00] parsed=Points([TouchPoint { x: 208, y: 218 }])
[TOUCHLOG] t=19743ms poll line_after=low raw=[06, 10, 0f, 68, 00, 01, ab, 00, 00, 00, 3c, 0d, ab, 80, 00] parsed=Points([TouchPoint { x: 203, y: 217 }])
[TOUCHLOG] t=19778ms poll line_after=high raw=[06, 10, 0f, ec, 00, 01, ab, 00, 00, 00, 3c, 0d, ab, 80, 00] parsed=Points([TouchPoint { x: 195, y: 213 }])
[TOUCHLOG] t=19833ms poll line_after=low raw=[06, 11, 10, 82, 00, 01, ab, 00, 00, 00, 3c, 0d, ab, 80, 00] parsed=Points([TouchPoint { x: 185, y: 207 }])
[TOUCHLOG] t=19893ms poll line_after=low raw=[06, 11, 10, f6, 00, 01, ab, 00, 00, 00, 3c, 0d, ab, 80, 00] parsed=Points([TouchPoint { x: 178, y: 203 }])
[TOUCHLOG] t=19927ms poll line_after=high raw=[06, 12, 10, 07, 00, 01, ab, 00, 00, 00, 3c, 0d, ab, 80, 00] parsed=Points([TouchPoint { x: 177, y: 202 }])
[TOUCHLOG] t=19962ms poll line_after=low raw=[06, 12, 10, 17, 00, 01, ab, 00, 00, 00, 3c, 0d, ab, 80, 00] parsed=Points([TouchPoint { x: 176, y: 202 }])
[TOUCHLOG] t=19995ms line line_after=high raw=[06, 12, 10, 37, 00, 01, ab, 00, 00, 00, 3c, 0d, ab, 80, 00] parsed=Points([TouchPoint { x: 174, y: 202 }])
[TOUCHLOG] t=20030ms poll line_after=high raw=[06, 12, 10, 79, 00, 01, ab, 00, 00, 00, 3c, 0d, ab, 80, 00] parsed=Points([TouchPoint { x: 170, y: 200 }])
[TOUCHLOG] t=20090ms line line_after=high raw=[06, 12, 10, ba, 00, 01, ab, 00, 00, 00, 3c, 0d, ab, 80, 00] parsed=Points([TouchPoint { x: 166, y: 199 }])
[TOUCHLOG] t=20124ms line line_after=high raw=[06, 12, 10, da, 00, 01, ab, 00, 00, 00, 3c, 0d, ab, 80, 00] parsed=Points([TouchPoint { x: 164, y: 199 }])
[TOUCHLOG] t=20187ms poll line_after=high raw=[06, 13, 10, 0a, 00, 01, ab, 00, 00, 00, 3c, 0d, ab, 80, 00] parsed=Points([TouchPoint { x: 161, y: 199 }])
[TOUCHLOG] t=20221ms poll line_after=high raw=[06, 13, 10, 1b, 00, 01, ab, 00, 00, 00, 3c, 0d, ab, 80, 00] parsed=Points([TouchPoint { x: 160, y: 198 }])
[TOUCHLOG] t=20255ms line line_after=high raw=[06, 13, 10, 2b, 00, 01, ab, 00, 00, 00, 3c, 0d, ab, 80, 00] parsed=Points([TouchPoint { x: 159, y: 198 }])
[TOUCHLOG] t=20289ms poll line_after=high raw=[06, 13, 10, 3b, 00, 01, ab, 00, 00, 00, 3c, 0d, ab, 80, 00] parsed=Points([TouchPoint { x: 158, y: 198 }])
[TOUCHLOG] t=20323ms poll line_after=low raw=[06, 13, 10, 4b, 00, 01, ab, 00, 00, 00, 3c, 0d, ab, 80, 00] parsed=Points([TouchPoint { x: 157, y: 198 }])
[TOUCHLOG] t=20356ms poll line_after=high raw=[06, 13, 10, 4b, 00, 01, ab, 00, 00, 00, 3c, 0d, ab, 80, 00] parsed=Points([TouchPoint { x: 157, y: 198 }])
[TOUCHLOG] t=20390ms poll line_after=high raw=[06, 13, 10, 5b, 00, 01, ab, 00, 00, 00, 3c, 0d, ab, 80, 00] parsed=Points([TouchPoint { x: 156, y: 198 }])
[TOUCHLOG] t=20424ms line line_after=high raw=[06, 13, 10, 5b, 00, 01, ab, 00, 00, 00, 3c, 0d, ab, 80, 00] parsed=Points([TouchPoint { x: 156, y: 198 }])
[TOUCHLOG] t=20471ms poll line_after=high raw=[06, 13, 10, 5a, 00, 01, ab, 00, 00, 00, 3c, 0d, ab, 80, 00] parsed=Points([TouchPoint { x: 156, y: 199 }])
[TOUCHLOG] t=20533ms line line_after=low raw=[06, 13, 10, 5a, 00, 01, ab, 00, 00, 00, 3c, 0d, ab, 80, 00] parsed=Points([TouchPoint { x: 156, y: 199 }])
[TOUCHLOG] t=20553ms line line_after=low raw=[06, 13, 10, 6a, 00, 01, ab, 00, 00, 00, 3c, 0d, ab, 80, 00] parsed=Points([TouchPoint { x: 155, y: 199 }])
[TOUCHLOG] t=20584ms line line_after=high raw=[06, 13, 10, 6a, 00, 01, ab, 00, 00, 00, 3c, 0d, ab, 80, 00] parsed=Points([TouchPoint { x: 155, y: 199 }])
[TOUCHLOG] t=20630ms poll line_after=high raw=[06, 13, 10, 6a, 00, 01, ab, 00, 00, 00, 3c, 0d, ab, 80, 00] parsed=Points([TouchPoint { x: 155, y: 199 }])
[TOUCHLOG] t=20675ms poll line_after=high raw=[06, 13, 10, 69, 00, 01, ab, 00, 00, 00, 3c, 0d, ab, 80, 00] parsed=Points([TouchPoint { x: 155, y: 200 }])
[TOUCHLOG] t=20724ms line line_after=low raw=[06, 13, 10, 79, 00, 01, ab, 00, 00, 00, 3c, 0d, ab, 80, 00] parsed=Points([TouchPoint { x: 154, y: 200 }])
[TOUCHLOG] t=20757ms poll line_after=high raw=[06, 13, 10, 79, 00, 01, ab, 00, 00, 00, 3c, 0d, ab, 80, 00] parsed=Points([TouchPoint { x: 154, y: 200 }])
[TOUCHLOG] t=20791ms poll line_after=high raw=[06, 13, 10, 78, 00, 01, ab, 00, 00, 00, 3c, 0d, ab, 80, 00] parsed=Points([TouchPoint { x: 154, y: 201 }])
[TOUCHLOG] t=20825ms line line_after=high raw=[06, 13, 10, 78, 00, 01, ab, 00, 00, 00, 3c, 0d, ab, 80, 00] parsed=Points([TouchPoint { x: 154, y: 201 }])
[TOUCHLOG] t=20864ms line line_after=high raw=[06, 13, 10, 78, 00, 01, ab, 00, 00, 00, 3c, 0d, ab, 80, 00] parsed=Points([TouchPoint { x: 154, y: 201 }])
[TOUCHLOG] t=20902ms poll line_after=low raw=[06, 13, 10, 78, 00, 01, ab, 00, 00, 00, 3c, 0d, ab, 80, 00] parsed=Points([TouchPoint { x: 154, y: 201 }])
[TOUCHLOG] t=20946ms poll line_after=high raw=[06, 13, 10, 78, 00, 01, ab, 00, 00, 00, 3c, 0d, ab, 80, 00] parsed=Points([TouchPoint { x: 154, y: 201 }])
[TOUCHLOG] t=20993ms line line_after=low raw=[06, 13, 10, 78, 00, 01, ab, 00, 00, 00, 3c, 0d, ab, 80, 00] parsed=Points([TouchPoint { x: 154, y: 201 }])
[TOUCHLOG] t=21033ms line line_after=low raw=[06, 13, 10, 78, 00, 01, ab, 00, 00, 00, 3c, 0d, ab, 80, 00] parsed=Points([TouchPoint { x: 154, y: 201 }])
[TOUCHLOG] t=21096ms poll line_after=high raw=[06, 13, 10, 87, 00, 01, ab, 00, 00, 00, 3c, 0d, ab, 80, 00] parsed=Points([TouchPoint { x: 153, y: 202 }])
[TOUCHLOG] t=21130ms poll line_after=high raw=[06, 13, 10, 87, 00, 01, ab, 00, 00, 00, 3c, 0d, ab, 80, 00] parsed=Points([TouchPoint { x: 153, y: 202 }])
[TOUCHLOG] t=21164ms line line_after=high raw=[06, 13, 10, 87, 00, 01, ab, 00, 00, 00, 3c, 0d, ab, 80, 00] parsed=Points([TouchPoint { x: 153, y: 202 }])
[TOUCHLOG] t=21201ms poll line_after=high raw=[06, 13, 10, 87, 00, 01, ab, 00, 00, 00, 3c, 0d, ab, 80, 00] parsed=Points([TouchPoint { x: 153, y: 202 }])
[TOUCHLOG] t=21249ms poll line_after=high raw=[06, 13, 10, 87, 00, 01, ab, 00, 00, 00, 3c, 0d, ab, 80, 00] parsed=Points([TouchPoint { x: 153, y: 202 }])
[TOUCHLOG] t=21310ms poll line_after=high raw=[06, 13, 10, 87, 00, 01, ab, 00, 00, 00, 3c, 0d, ab, 80, 00] parsed=Points([TouchPoint { x: 153, y: 202 }])
[TOUCHLOG] t=21363ms line line_after=low raw=[06, 13, 10, 87, 00, 01, ab, 00, 00, 00, 3c, 0d, ab, 80, 00] parsed=Points([TouchPoint { x: 153, y: 202 }])
[TOUCHLOG] t=21414ms line line_after=high raw=[06, 13, 10, 87, 00, 01, ab, 00, 00, 00, 3c, 0d, ab, 80, 00] parsed=Points([TouchPoint { x: 153, y: 202 }])
[TOUCHLOG] t=21464ms line line_after=high raw=[06, 13, 10, 87, 00, 01, ab, 00, 00, 00, 3c, 0d, ab, 80, 00] parsed=Points([TouchPoint { x: 153, y: 202 }])
[TOUCHLOG] t=21514ms line line_after=high raw=[06, 13, 10, 87, 00, 01, ab, 00, 00, 00, 3c, 0d, ab, 80, 00] parsed=Points([TouchPoint { x: 153, y: 202 }])
[TOUCHLOG] t=21553ms line line_after=low raw=[06, 13, 10, 87, 00, 01, ab, 00, 00, 00, 3c, 0d, ab, 80, 00] parsed=Points([TouchPoint { x: 153, y: 202 }])
[TOUCHLOG] t=21613ms line line_after=low raw=[06, 13, 10, 87, 00, 01, ab, 00, 00, 00, 3c, 0d, ab, 80, 00] parsed=Points([TouchPoint { x: 153, y: 202 }])
[TOUCHLOG] t=21666ms poll line_after=high raw=[06, 13, 10, 87, 00, 01, ab, 00, 00, 00, 3c, 0d, ab, 80, 00] parsed=Points([TouchPoint { x: 153, y: 202 }])
[TOUCHLOG] t=21717ms poll line_after=high raw=[06, 13, 10, 87, 00, 01, ab, 00, 00, 00, 3c, 0d, ab, 80, 00] parsed=Points([TouchPoint { x: 153, y: 202 }])
[TOUCHLOG] t=21742ms line line_after=low raw=[06, 13, 10, 87, 00, 01, ab, 00, 00, 00, 3c, 0d, ab, 80, 00] parsed=Points([TouchPoint { x: 153, y: 202 }])
[TOUCHLOG] t=21772ms line line_after=low raw=[06, 13, 10, 87, 00, 01, ab, 00, 00, 00, 3c, 0d, ab, 80, 00] parsed=Points([TouchPoint { x: 153, y: 202 }])
[TOUCHLOG] t=21834ms line line_after=high raw=[06, 13, 10, 87, 00, 01, ab, 00, 00, 00, 3c, 0d, ab, 80, 00] parsed=Points([TouchPoint { x: 153, y: 202 }])
[TOUCHLOG] t=21884ms line line_after=high raw=[06, 13, 10, 87, 00, 01, ab, 00, 00, 00, 3c, 0d, ab, 80, 00] parsed=Points([TouchPoint { x: 153, y: 202 }])
[TOUCHLOG] t=21935ms poll line_after=high raw=[06, 13, 10, 87, 00, 01, ab, 00, 00, 00, 3c, 0d, ab, 80, 00] parsed=Points([TouchPoint { x: 153, y: 202 }])
[TOUCHLOG] t=21985ms poll line_after=high raw=[06, 13, 10, 87, 00, 01, ab, 00, 00, 00, 3c, 0d, ab, 80, 00] parsed=Points([TouchPoint { x: 153, y: 202 }])
[TOUCHLOG] t=22036ms poll line_after=high raw=[06, 13, 10, 87, 00, 01, ab, 00, 00, 00, 3c, 0d, ab, 80, 00] parsed=Points([TouchPoint { x: 153, y: 202 }])
[TOUCHLOG] t=22073ms line line_after=low raw=[06, 13, 10, 96, 00, 01, ab, 00, 00, 00, 3c, 0d, ab, 80, 00] parsed=Points([TouchPoint { x: 152, y: 203 }])
[TOUCHLOG] t=22134ms line line_after=high raw=[06, 13, 10, 96, 00, 01, ab, 00, 00, 00, 3c, 0d, ab, 80, 00] parsed=Points([TouchPoint { x: 152, y: 203 }])
[TOUCHLOG] t=22167ms poll line_after=high raw=[06, 13, 10, 95, 00, 01, ab, 00, 00, 00, 3c, 0d, ab, 80, 00] parsed=Points([TouchPoint { x: 152, y: 204 }])
[TOUCHLOG] t=22200ms poll line_after=high raw=[06, 13, 10, 95, 00, 01, ab, 00, 00, 00, 3c, 0d, ab, 80, 00] parsed=Points([TouchPoint { x: 152, y: 204 }])
[TOUCHLOG] t=22214ms line line_after=high raw=[06, 13, 10, 95, 00, 01, ab, 00, 00, 00, 3c, 0d, ab, 80, 00] parsed=Points([TouchPoint { x: 152, y: 204 }])
[TOUCHLOG] t=22248ms poll line_after=high raw=[06, 13, 10, a5, 00, 01, ab, 00, 00, 00, 3c, 0d, ab, 80, 00] parsed=Points([TouchPoint { x: 151, y: 204 }])
[TOUCHLOG] t=22283ms line line_after=low raw=[06, 13, 10, a5, 00, 01, ab, 00, 00, 00, 3c, 0d, ab, 80, 00] parsed=Points([TouchPoint { x: 151, y: 204 }])
[TOUCHLOG] t=22348ms poll line_after=high raw=[06, 13, 10, a5, 00, 01, ab, 00, 00, 00, 3c, 0d, ab, 80, 00] parsed=Points([TouchPoint { x: 151, y: 204 }])
[TOUCHLOG] t=22421ms line line_after=low raw=[06, 13, 10, a4, 00, 01, ab, 00, 00, 00, 3c, 0d, ab, 80, 00] parsed=Points([TouchPoint { x: 151, y: 205 }])
[TOUCHLOG] t=22458ms poll line_after=high raw=[06, 13, 10, a4, 00, 01, ab, 00, 00, 00, 3c, 0d, ab, 80, 00] parsed=Points([TouchPoint { x: 151, y: 205 }])
[TOUCHLOG] t=22482ms line line_after=low raw=[06, 13, 10, b4, 00, 01, ab, 00, 00, 00, 3c, 0d, ab, 80, 00] parsed=Points([TouchPoint { x: 150, y: 205 }])
[TOUCHLOG] t=22513ms line line_after=low raw=[06, 13, 10, b4, 00, 01, ab, 00, 00, 00, 3c, 0d, ab, 80, 00] parsed=Points([TouchPoint { x: 150, y: 205 }])
[TOUCHLOG] t=22534ms line line_after=high raw=[06, 13, 10, b4, 00, 01, ab, 00, 00, 00, 3c, 0d, ab, 80, 00] parsed=Points([TouchPoint { x: 150, y: 205 }])
[TOUCHLOG] t=22564ms line line_after=high raw=[06, 13, 10, b3, 00, 01, ab, 00, 00, 00, 3c, 0d, ab, 80, 00] parsed=Points([TouchPoint { x: 150, y: 206 }])
[TOUCHLOG] t=22610ms poll line_after=high raw=[06, 13, 10, b3, 00, 01, ab, 00, 00, 00, 3c, 0d, ab, 80, 00] parsed=Points([TouchPoint { x: 150, y: 206 }])
[TOUCHLOG] t=22634ms line line_after=high raw=[06, 13, 10, b3, 00, 01, ab, 00, 00, 00, 3c, 0d, ab, 80, 00] parsed=Points([TouchPoint { x: 150, y: 206 }])
[TOUCHLOG] t=22664ms line line_after=high raw=[06, 13, 10, b3, 00, 01, ab, 00, 00, 00, 3c, 0d, ab, 80, 00] parsed=Points([TouchPoint { x: 150, y: 206 }])
[TOUCHLOG] t=22726ms poll line_after=high raw=[06, 13, 10, b3, 00, 01, ab, 00, 00, 00, 3c, 0d, ab, 80, 00] parsed=Points([TouchPoint { x: 150, y: 206 }])
[TOUCHLOG] t=22776ms poll line_after=high raw=[06, 13, 10, b3, 00, 01, ab, 00, 00, 00, 3c, 0d, ab, 80, 00] parsed=Points([TouchPoint { x: 150, y: 206 }])
[TOUCHLOG] t=22802ms line line_after=low raw=[06, 13, 10, b3, 00, 01, ab, 00, 00, 00, 3c, 0d, ab, 80, 00] parsed=Points([TouchPoint { x: 150, y: 206 }])
[TOUCHLOG] t=22832ms line line_after=low raw=[06, 13, 10, b3, 00, 01, ab, 00, 00, 00, 3c, 0d, ab, 80, 00] parsed=Points([TouchPoint { x: 150, y: 206 }])
[TOUCHLOG] t=22853ms line line_after=low raw=[06, 13, 10, b3, 00, 01, ab, 00, 00, 00, 3c, 0d, ab, 80, 00] parsed=Points([TouchPoint { x: 150, y: 206 }])
[TOUCHLOG] t=22884ms line line_after=high raw=[06, 13, 10, b3, 00, 01, ab, 00, 00, 00, 3c, 0d, ab, 80, 00] parsed=Points([TouchPoint { x: 150, y: 206 }])
[TOUCHLOG] t=22904ms line line_after=high raw=[06, 13, 10, b3, 00, 01, ab, 00, 00, 00, 3c, 0d, ab, 80, 00] parsed=Points([TouchPoint { x: 150, y: 206 }])
[TOUCHLOG] t=22934ms line line_after=high raw=[06, 13, 10, c3, 00, 01, ab, 00, 00, 00, 3c, 0d, ab, 80, 00] parsed=Points([TouchPoint { x: 149, y: 206 }])
[TOUCHLOG] t=23026ms poll line_after=high raw=[06, 13, 10, c3, 00, 01, ab, 00, 00, 00, 3c, 0d, ab, 80, 00] parsed=Points([TouchPoint { x: 149, y: 206 }])
[TOUCHLOG] t=23090ms poll line_after=high raw=[06, 13, 10, c2, 00, 01, ab, 00, 00, 00, 3c, 0d, ab, 80, 00] parsed=Points([TouchPoint { x: 149, y: 207 }])
[TOUCHLOG] t=23134ms line line_after=high raw=[06, 13, 10, c2, 00, 01, ab, 00, 00, 00, 3c, 0d, ab, 80, 00] parsed=Points([TouchPoint { x: 149, y: 207 }])
[TOUCHLOG] t=23180ms poll line_after=high raw=[06, 13, 10, c2, 00, 01, ab, 00, 00, 00, 3c, 0d, ab, 80, 00] parsed=Points([TouchPoint { x: 149, y: 207 }])
[TOUCHLOG] t=23230ms poll line_after=high raw=[06, 13, 10, c2, 00, 01, ab, 00, 00, 00, 3c, 0d, ab, 80, 00] parsed=Points([TouchPoint { x: 149, y: 207 }])
[TOUCHLOG] t=23293ms line line_after=low raw=[06, 13, 10, c2, 00, 01, ab, 00, 00, 00, 3c, 0d, ab, 80, 00] parsed=Points([TouchPoint { x: 149, y: 207 }])
[TOUCHLOG] t=23332ms line line_after=low raw=[06, 13, 10, c2, 00, 01, ab, 00, 00, 00, 3c, 0d, ab, 80, 00] parsed=Points([TouchPoint { x: 149, y: 207 }])
[TOUCHLOG] t=23382ms poll line_after=low raw=[06, 13, 10, c2, 00, 01, ab, 00, 00, 00, 3c, 0d, ab, 80, 00] parsed=Points([TouchPoint { x: 149, y: 207 }])
[TOUCHLOG] t=23432ms line line_after=low raw=[06, 13, 10, c2, 00, 01, ab, 00, 00, 00, 3c, 0d, ab, 80, 00] parsed=Points([TouchPoint { x: 149, y: 207 }])
[TOUCHLOG] t=23482ms line line_after=low raw=[06, 13, 10, c2, 00, 01, ab, 00, 00, 00, 3c, 0d, ab, 80, 00] parsed=Points([TouchPoint { x: 149, y: 207 }])
[TOUCHLOG] t=23544ms line line_after=high raw=[06, 13, 10, c2, 00, 01, ab, 00, 00, 00, 3c, 0d, ab, 80, 00] parsed=Points([TouchPoint { x: 149, y: 207 }])
[TOUCHLOG] t=23564ms line line_after=high raw=[06, 13, 10, c2, 00, 01, ab, 00, 00, 00, 3c, 0d, ab, 80, 00] parsed=Points([TouchPoint { x: 149, y: 207 }])
[TOUCHLOG] t=23594ms line line_after=high raw=[06, 13, 10, c2, 00, 01, ab, 00, 00, 00, 3c, 0d, ab, 80, 00] parsed=Points([TouchPoint { x: 149, y: 207 }])
[TOUCHLOG] t=23639ms poll line_after=high raw=[06, 13, 10, c2, 00, 01, ab, 00, 00, 00, 3c, 0d, ab, 80, 00] parsed=Points([TouchPoint { x: 149, y: 207 }])
[TOUCHLOG] t=23684ms poll line_after=high raw=[06, 13, 10, c2, 00, 01, ab, 00, 00, 00, 3c, 0d, ab, 80, 00] parsed=Points([TouchPoint { x: 149, y: 207 }])
[TOUCHLOG] t=23735ms poll line_after=high raw=[06, 13, 10, c2, 00, 01, ab, 00, 00, 00, 3c, 0d, ab, 80, 00] parsed=Points([TouchPoint { x: 149, y: 207 }])
[TOUCHLOG] t=23800ms poll line_after=high raw=[06, 13, 10, c2, 00, 01, ab, 00, 00, 00, 3c, 0d, ab, 80, 00] parsed=Points([TouchPoint { x: 149, y: 207 }])
[TOUCHLOG] t=23852ms line line_after=low raw=[06, 13, 10, c2, 00, 01, ab, 00, 00, 00, 3c, 0d, ab, 80, 00] parsed=Points([TouchPoint { x: 149, y: 207 }])
[TOUCHLOG] t=23903ms line line_after=low raw=[06, 13, 10, c2, 00, 01, ab, 00, 00, 00, 3c, 0d, ab, 80, 00] parsed=Points([TouchPoint { x: 149, y: 207 }])
[TOUCHLOG] t=23953ms line line_after=high raw=[06, 13, 10, c2, 00, 01, ab, 00, 00, 00, 3c, 0d, ab, 80, 00] parsed=Points([TouchPoint { x: 149, y: 207 }])
[TOUCHLOG] t=24004ms line line_after=high raw=[06, 13, 10, c2, 00, 01, ab, 00, 00, 00, 3c, 0d, ab, 80, 00] parsed=Points([TouchPoint { x: 149, y: 207 }])
[TOUCHLOG] t=24064ms line line_after=high raw=[06, 13, 10, c2, 00, 01, ab, 00, 00, 00, 3c, 0d, ab, 80, 00] parsed=Points([TouchPoint { x: 149, y: 207 }])
[TOUCHLOG] t=24110ms poll line_after=high raw=[06, 13, 10, c2, 00, 01, ab, 00, 00, 00, 3c, 0d, ab, 80, 00] parsed=Points([TouchPoint { x: 149, y: 207 }])
[TOUCHLOG] t=24156ms poll line_after=high raw=[06, 13, 10, c2, 00, 01, ab, 00, 00, 00, 3c, 0d, ab, 80, 00] parsed=Points([TouchPoint { x: 149, y: 207 }])
[TOUCHLOG] t=24206ms poll line_after=high raw=[06, 13, 10, c2, 00, 01, ab, 00, 00, 00, 3c, 0d, ab, 80, 00] parsed=Points([TouchPoint { x: 149, y: 207 }])
[TOUCHLOG] t=24256ms poll line_after=high raw=[06, 13, 10, c2, 00, 01, ab, 00, 00, 00, 3c, 0d, ab, 80, 00] parsed=Points([TouchPoint { x: 149, y: 207 }])
[TOUCHLOG] t=24322ms line line_after=low raw=[06, 13, 10, c2, 00, 01, ab, 00, 00, 00, 3c, 0d, ab, 80, 00] parsed=Points([TouchPoint { x: 149, y: 207 }])
[TOUCHLOG] t=24373ms line line_after=high raw=[06, 13, 10, c2, 00, 01, ab, 00, 00, 00, 3c, 0d, ab, 80, 00] parsed=Points([TouchPoint { x: 149, y: 207 }])
[TOUCHLOG] t=24424ms line line_after=high raw=[06, 13, 10, c2, 00, 01, ab, 00, 00, 00, 3c, 0d, ab, 80, 00] parsed=Points([TouchPoint { x: 149, y: 207 }])
[TOUCHLOG] t=24475ms poll line_after=high raw=[06, 13, 10, c2, 00, 01, ab, 00, 00, 00, 3c, 0d, ab, 80, 00] parsed=Points([TouchPoint { x: 149, y: 207 }])
[TOUCHLOG] t=24525ms poll line_after=high raw=[06, 13, 10, c2, 00, 01, ab, 00, 00, 00, 3c, 0d, ab, 80, 00] parsed=Points([TouchPoint { x: 149, y: 207 }])
[TOUCHLOG] t=24590ms poll line_after=high raw=[06, 13, 10, c2, 00, 01, ab, 00, 00, 00, 3c, 0d, ab, 80, 00] parsed=Points([TouchPoint { x: 149, y: 207 }])
[TOUCHLOG] t=24642ms line line_after=low raw=[06, 13, 10, c2, 00, 01, ab, 00, 00, 00, 3c, 0d, ab, 80, 00] parsed=Points([TouchPoint { x: 149, y: 207 }])
[TOUCHLOG] t=24693ms line line_after=low raw=[06, 13, 10, c2, 00, 01, ab, 00, 00, 00, 3c, 0d, ab, 80, 00] parsed=Points([TouchPoint { x: 149, y: 207 }])
[TOUCHLOG] t=24743ms line line_after=high raw=[06, 13, 10, c2, 00, 01, ab, 00, 00, 00, 3c, 0d, ab, 80, 00] parsed=Points([TouchPoint { x: 149, y: 207 }])
[TOUCHLOG] t=24794ms line line_after=high raw=[06, 13, 10, d2, 00, 01, ab, 00, 00, 00, 3c, 0d, ab, 80, 00] parsed=Points([TouchPoint { x: 148, y: 207 }])
[TOUCHLOG] t=24827ms poll line_after=high raw=[06, 13, 10, d2, 00, 01, ab, 00, 00, 00, 3c, 0d, ab, 80, 00] parsed=Points([TouchPoint { x: 148, y: 207 }])
[TOUCHLOG] t=24861ms poll line_after=low raw=[06, 13, 10, d2, 00, 01, ab, 00, 00, 00, 3c, 0d, ab, 80, 00] parsed=Points([TouchPoint { x: 148, y: 207 }])
[TOUCHLOG] t=24894ms line line_after=high raw=[06, 13, 10, d2, 00, 01, ab, 00, 00, 00, 3c, 0d, ab, 80, 00] parsed=Points([TouchPoint { x: 148, y: 207 }])
[TOUCHLOG] t=24932ms line line_after=low raw=[06, 13, 10, d2, 00, 01, ab, 00, 00, 00, 3c, 0d, ab, 80, 00] parsed=Points([TouchPoint { x: 148, y: 207 }])
[TOUCHLOG] t=24942ms line line_after=low raw=[06, 13, 10, d2, 00, 01, ab, 00, 00, 00, 3c, 0d, ab, 80, 00] parsed=Points([TouchPoint { x: 148, y: 207 }])
[TOUCHLOG] t=24982ms line line_after=low raw=[06, 13, 10, d2, 00, 01, ab, 00, 00, 00, 3c, 0d, ab, 80, 00] parsed=Points([TouchPoint { x: 148, y: 207 }])
[TOUCHLOG] t=25083ms poll line_after=high raw=[06, 13, 10, d2, 00, 01, ab, 00, 00, 00, 3c, 0d, ab, 80, 00] parsed=Points([TouchPoint { x: 148, y: 207 }])
[TOUCHLOG] t=25145ms poll line_after=high raw=[00, 14, 10, 02, 00, 01, ab, 00, 00, 00, 3c, 0d, ab, 80, 00] parsed=Points([])
[TOUCHLOG] t=25197ms poll line_after=high raw=[ab, 14, 10, 02, 00, 01, ab, 00, 00, 00, 3c, 0d, ab, 80, 00] parsed=Points([])
[TOUCHLOG] t=25248ms poll line_after=high raw=[ab, 14, 10, 02, 00, 01, ab, 00, 00, 00, 3c, 0d, ab, 80, 00] parsed=Points([])
[TOUCHLOG] t=28376ms line line_after=low raw=[06, 08, 11, 51, 00, 01, ab, 00, 00, 00, 3c, 0d, ab, 80, 00] parsed=Points([TouchPoint { x: 332, y: 192 }])
[TOUCHLOG] t=28401ms poll line_after=high raw=[06, 08, 11, 51, 00, 01, ab, 00, 00, 00, 3c, 0d, ab, 80, 00] parsed=Points([TouchPoint { x: 332, y: 192 }])
[TOUCHLOG] t=28427ms line line_after=high raw=[06, 08, 11, 51, 00, 01, ab, 00, 00, 00, 3c, 0d, ab, 80, 00] parsed=Points([TouchPoint { x: 332, y: 192 }])
[TOUCHLOG] t=28457ms line line_after=high raw=[06, 08, 11, 51, 00, 01, ab, 00, 00, 00, 3c, 0d, ab, 80, 00] parsed=Points([TouchPoint { x: 332, y: 192 }])
[TOUCHLOG] t=28476ms line line_after=low raw=[06, 08, 11, 51, 00, 01, ab, 00, 00, 00, 3c, 0d, ab, 80, 00] parsed=Points([TouchPoint { x: 332, y: 192 }])
[TOUCHLOG] t=28486ms line line_after=low raw=[06, 08, 11, 51, 00, 01, ab, 00, 00, 00, 3c, 0d, ab, 80, 00] parsed=Points([TouchPoint { x: 332, y: 192 }])
[TOUCHLOG] t=28496ms line line_after=low raw=[06, 08, 11, 51, 00, 01, ab, 00, 00, 00, 3c, 0d, ab, 80, 00] parsed=Points([TouchPoint { x: 332, y: 192 }])
[TOUCHLOG] t=28506ms line line_after=low raw=[06, 08, 11, 51, 00, 01, ab, 00, 00, 00, 3c, 0d, ab, 80, 00] parsed=Points([TouchPoint { x: 332, y: 192 }])
[TOUCHLOG] t=28516ms line line_after=low raw=[06, 08, 11, 51, 00, 01, ab, 00, 00, 00, 3c, 0d, ab, 80, 00] parsed=Points([TouchPoint { x: 332, y: 192 }])
[TOUCHLOG] t=28526ms line line_after=low raw=[06, 08, 11, 51, 00, 01, ab, 00, 00, 00, 3c, 0d, ab, 80, 00] parsed=Points([TouchPoint { x: 332, y: 192 }])
[TOUCHLOG] t=28536ms line line_after=low raw=[06, 08, 11, 51, 00, 01, ab, 00, 00, 00, 3c, 0d, ab, 80, 00] parsed=Points([TouchPoint { x: 332, y: 192 }])
[TOUCHLOG] t=28546ms line line_after=low raw=[06, 08, 11, 51, 00, 01, ab, 00, 00, 00, 3c, 0d, ab, 80, 00] parsed=Points([TouchPoint { x: 332, y: 192 }])
[TOUCHLOG] t=28556ms line line_after=low raw=[06, 08, 11, 51, 00, 01, ab, 00, 00, 00, 3c, 0d, ab, 80, 00] parsed=Points([TouchPoint { x: 332, y: 192 }])
[TOUCHLOG] t=28566ms line line_after=low raw=[06, 08, 11, 51, 00, 01, ab, 00, 00, 00, 3c, 0d, ab, 80, 00] parsed=Points([TouchPoint { x: 332, y: 192 }])
[TOUCHLOG] t=28576ms line line_after=low raw=[06, 08, 11, 51, 00, 01, ab, 00, 00, 00, 3c, 0d, ab, 80, 00] parsed=Points([TouchPoint { x: 332, y: 192 }])
[TOUCHLOG] t=28596ms line line_after=low raw=[06, 08, 11, 51, 00, 01, ab, 00, 00, 00, 3c, 0d, ab, 80, 00] parsed=Points([TouchPoint { x: 332, y: 192 }])
[TOUCHLOG] t=28607ms line line_after=low raw=[06, 08, 11, 51, 00, 01, ab, 00, 00, 00, 3c, 0d, ab, 80, 00] parsed=Points([TouchPoint { x: 332, y: 192 }])
[TOUCHLOG] t=28616ms line line_after=low raw=[06, 08, 11, 51, 00, 01, ab, 00, 00, 00, 3c, 0d, ab, 80, 00] parsed=Points([TouchPoint { x: 332, y: 192 }])
[TOUCHLOG] t=28626ms line line_after=low raw=[06, 08, 11, 51, 00, 01, ab, 00, 00, 00, 3c, 0d, ab, 80, 00] parsed=Points([TouchPoint { x: 332, y: 192 }])
[TOUCHLOG] t=28636ms line line_after=low raw=[06, 08, 11, 51, 00, 01, ab, 00, 00, 00, 3c, 0d, ab, 80, 00] parsed=Points([TouchPoint { x: 332, y: 192 }])
[TOUCHLOG] t=28646ms line line_after=low raw=[06, 08, 11, 51, 00, 01, ab, 00, 00, 00, 3c, 0d, ab, 80, 00] parsed=Points([TouchPoint { x: 332, y: 192 }])
[TOUCHLOG] t=28656ms line line_after=low raw=[06, 08, 11, 51, 00, 01, ab, 00, 00, 00, 3c, 0d, ab, 80, 00] parsed=Points([TouchPoint { x: 332, y: 192 }])
[TOUCHLOG] t=28666ms line line_after=low raw=[06, 08, 11, 51, 00, 01, ab, 00, 00, 00, 3c, 0d, ab, 80, 00] parsed=Points([TouchPoint { x: 332, y: 192 }])
[TOUCHLOG] t=28676ms line line_after=low raw=[06, 08, 11, 51, 00, 01, ab, 00, 00, 00, 3c, 0d, ab, 80, 00] parsed=Points([TouchPoint { x: 332, y: 192 }])
[TOUCHLOG] t=28703ms line line_after=high raw=[06, 08, 11, 51, 00, 01, ab, 00, 00, 00, 3c, 0d, ab, 80, 00] parsed=Points([TouchPoint { x: 332, y: 192 }])
[TOUCHLOG] t=28724ms poll line_after=high raw=[06, 08, 11, 51, 00, 01, ab, 00, 00, 00, 3c, 0d, ab, 80, 00] parsed=Points([TouchPoint { x: 332, y: 192 }])
[TOUCHLOG] t=28736ms line line_after=low raw=[06, 08, 11, 51, 00, 01, ab, 00, 00, 00, 3c, 0d, ab, 80, 00] parsed=Points([TouchPoint { x: 332, y: 192 }])
[TOUCHLOG] t=28746ms line line_after=low raw=[06, 08, 11, 51, 00, 01, ab, 00, 00, 00, 3c, 0d, ab, 80, 00] parsed=Points([TouchPoint { x: 332, y: 192 }])
[TOUCHLOG] t=28757ms line line_after=low raw=[06, 08, 11, 51, 00, 01, ab, 00, 00, 00, 3c, 0d, ab, 80, 00] parsed=Points([TouchPoint { x: 332, y: 192 }])
[TOUCHLOG] t=28766ms line line_after=low raw=[06, 08, 11, 51, 00, 01, ab, 00, 00, 00, 3c, 0d, ab, 80, 00] parsed=Points([TouchPoint { x: 332, y: 192 }])
[TOUCHLOG] t=28776ms line line_after=low raw=[06, 08, 11, 51, 00, 01, ab, 00, 00, 00, 3c, 0d, ab, 80, 00] parsed=Points([TouchPoint { x: 332, y: 192 }])
[TOUCHLOG] t=28786ms line line_after=low raw=[06, 08, 11, 51, 00, 01, ab, 00, 00, 00, 3c, 0d, ab, 80, 00] parsed=Points([TouchPoint { x: 332, y: 192 }])
[TOUCHLOG] t=28796ms line line_after=low raw=[06, 08, 11, 51, 00, 01, ab, 00, 00, 00, 3c, 0d, ab, 80, 00] parsed=Points([TouchPoint { x: 332, y: 192 }])
[TOUCHLOG] t=28808ms line line_after=low raw=[06, 08, 11, 51, 00, 01, ab, 00, 00, 00, 3c, 0d, ab, 80, 00] parsed=Points([TouchPoint { x: 332, y: 192 }])
[TOUCHLOG] t=28816ms line line_after=low raw=[06, 08, 11, 51, 00, 01, ab, 00, 00, 00, 3c, 0d, ab, 80, 00] parsed=Points([TouchPoint { x: 332, y: 192 }])
[TOUCHLOG] t=28826ms line line_after=low raw=[06, 08, 11, 51, 00, 01, ab, 00, 00, 00, 3c, 0d, ab, 80, 00] parsed=Points([TouchPoint { x: 332, y: 192 }])
[TOUCHLOG] t=28836ms line line_after=low raw=[06, 08, 11, 51, 00, 01, ab, 00, 00, 00, 3c, 0d, ab, 80, 00] parsed=Points([TouchPoint { x: 332, y: 192 }])
[TOUCHLOG] t=28847ms line line_after=low raw=[06, 08, 11, 51, 00, 01, ab, 00, 00, 00, 3c, 0d, ab, 80, 00] parsed=Points([TouchPoint { x: 332, y: 192 }])
[TOUCHLOG] t=28858ms line line_after=high raw=[06, 08, 11, 51, 00, 01, ab, 00, 00, 00, 3c, 0d, ab, 80, 00] parsed=Points([TouchPoint { x: 332, y: 192 }])
[TOUCHLOG] t=28876ms line line_after=low raw=[06, 08, 11, 51, 00, 01, ab, 00, 00, 00, 3c, 0d, ab, 80, 00] parsed=Points([TouchPoint { x: 332, y: 192 }])
[TOUCHLOG] t=28886ms line line_after=low raw=[06, 08, 11, 51, 00, 01, ab, 00, 00, 00, 3c, 0d, ab, 80, 00] parsed=Points([TouchPoint { x: 332, y: 192 }])
[TOUCHLOG] t=28896ms line line_after=low raw=[06, 08, 11, 51, 00, 01, ab, 00, 00, 00, 3c, 0d, ab, 80, 00] parsed=Points([TouchPoint { x: 332, y: 192 }])
[TOUCHLOG] t=28906ms line line_after=low raw=[06, 08, 11, 51, 00, 01, ab, 00, 00, 00, 3c, 0d, ab, 80, 00] parsed=Points([TouchPoint { x: 332, y: 192 }])
[TOUCHLOG] t=28916ms line line_after=low raw=[06, 08, 11, 51, 00, 01, ab, 00, 00, 00, 3c, 0d, ab, 80, 00] parsed=Points([TouchPoint { x: 332, y: 192 }])
[TOUCHLOG] t=28926ms line line_after=low raw=[06, 08, 11, 51, 00, 01, ab, 00, 00, 00, 3c, 0d, ab, 80, 00] parsed=Points([TouchPoint { x: 332, y: 192 }])
[TOUCHLOG] t=28936ms line line_after=low raw=[06, 08, 11, 51, 00, 01, ab, 00, 00, 00, 3c, 0d, ab, 80, 00] parsed=Points([TouchPoint { x: 332, y: 192 }])
[TOUCHLOG] t=28946ms line line_after=low raw=[06, 08, 11, 51, 00, 01, ab, 00, 00, 00, 3c, 0d, ab, 80, 00] parsed=Points([TouchPoint { x: 332, y: 192 }])
[TOUCHLOG] t=28972ms line line_after=high raw=[06, 08, 11, 51, 00, 01, ab, 00, 00, 00, 3c, 0d, ab, 80, 00] parsed=Points([TouchPoint { x: 332, y: 192 }])
[TOUCHLOG] t=28993ms poll line_after=high raw=[06, 08, 11, 51, 00, 01, ab, 00, 00, 00, 3c, 0d, ab, 80, 00] parsed=Points([TouchPoint { x: 332, y: 192 }])
[TOUCHLOG] t=29006ms line line_after=low raw=[06, 08, 11, 51, 00, 01, ab, 00, 00, 00, 3c, 0d, ab, 80, 00] parsed=Points([TouchPoint { x: 332, y: 192 }])
[TOUCHLOG] t=29016ms line line_after=low raw=[06, 08, 11, 51, 00, 01, ab, 00, 00, 00, 3c, 0d, ab, 80, 00] parsed=Points([TouchPoint { x: 332, y: 192 }])
[TOUCHLOG] t=29027ms line line_after=low raw=[06, 08, 11, 51, 00, 01, ab, 00, 00, 00, 3c, 0d, ab, 80, 00] parsed=Points([TouchPoint { x: 332, y: 192 }])
[TOUCHLOG] t=29037ms line line_after=low raw=[06, 08, 11, 51, 00, 01, ab, 00, 00, 00, 3c, 0d, ab, 80, 00] parsed=Points([TouchPoint { x: 332, y: 192 }])
[TOUCHLOG] t=29047ms line line_after=low raw=[06, 08, 11, 51, 00, 01, ab, 00, 00, 00, 3c, 0d, ab, 80, 00] parsed=Points([TouchPoint { x: 332, y: 192 }])
[TOUCHLOG] t=29057ms line line_after=low raw=[06, 08, 11, 51, 00, 01, ab, 00, 00, 00, 3c, 0d, ab, 80, 00] parsed=Points([TouchPoint { x: 332, y: 192 }])
[TOUCHLOG] t=29067ms line line_after=low raw=[06, 08, 11, 51, 00, 01, ab, 00, 00, 00, 3c, 0d, ab, 80, 00] parsed=Points([TouchPoint { x: 332, y: 192 }])
[TOUCHLOG] t=29077ms line line_after=low raw=[06, 08, 11, 51, 00, 01, ab, 00, 00, 00, 3c, 0d, ab, 80, 00] parsed=Points([TouchPoint { x: 332, y: 192 }])
[TOUCHLOG] t=29087ms line line_after=low raw=[06, 08, 11, 51, 00, 01, ab, 00, 00, 00, 3c, 0d, ab, 80, 00] parsed=Points([TouchPoint { x: 332, y: 192 }])
[TOUCHLOG] t=29117ms poll line_after=low raw=[06, 08, 11, 51, 00, 01, ab, 00, 00, 00, 3c, 0d, ab, 80, 00] parsed=Points([TouchPoint { x: 332, y: 192 }])
[TOUCHLOG] t=29141ms poll line_after=high raw=[06, 08, 11, 51, 00, 01, ab, 00, 00, 00, 3c, 0d, ab, 80, 00] parsed=Points([TouchPoint { x: 332, y: 192 }])
[TOUCHLOG] t=29167ms line line_after=low raw=[06, 08, 11, 51, 00, 01, ab, 00, 00, 00, 3c, 0d, ab, 80, 00] parsed=Points([TouchPoint { x: 332, y: 192 }])
[TOUCHLOG] t=29191ms poll line_after=high raw=[06, 08, 11, 51, 00, 01, ab, 00, 00, 00, 3c, 0d, ab, 80, 00] parsed=Points([TouchPoint { x: 332, y: 192 }])
[TOUCHLOG] t=29197ms line line_after=low raw=[ab, 08, 11, 51, 00, 01, ab, 00, 00, 00, 3c, 0d, ab, 80, 00] parsed=Points([])
[TOUCHLOG] t=29217ms line line_after=low raw=[06, 08, 11, 51, 00, 01, ab, 00, 00, 00, 3c, 0d, ab, 80, 00] parsed=Points([TouchPoint { x: 332, y: 192 }])
[TOUCHLOG] t=29235ms line line_after=high raw=[06, 08, 11, 51, 00, 01, ab, 00, 00, 00, 3c, 0d, ab, 80, 00] parsed=Points([TouchPoint { x: 332, y: 192 }])
[TOUCHLOG] t=29247ms line line_after=low raw=[06, 08, 11, 51, 00, 01, ab, 00, 00, 00, 3c, 0d, ab, 80, 00] parsed=Points([TouchPoint { x: 332, y: 192 }])
[TOUCHLOG] t=29267ms line line_after=low raw=[06, 08, 11, 51, 00, 01, ab, 00, 00, 00, 3c, 0d, ab, 80, 00] parsed=Points([TouchPoint { x: 332, y: 192 }])
[TOUCHLOG] t=29277ms line line_after=low raw=[06, 08, 11, 51, 00, 01, ab, 00, 00, 00, 3c, 0d, ab, 80, 00] parsed=Points([TouchPoint { x: 332, y: 192 }])
[TOUCHLOG] t=29287ms line line_after=low raw=[06, 08, 11, 51, 00, 01, ab, 00, 00, 00, 3c, 0d, ab, 80, 00] parsed=Points([TouchPoint { x: 332, y: 192 }])
[TOUCHLOG] t=29297ms line line_after=low raw=[06, 08, 11, 51, 00, 01, ab, 00, 00, 00, 3c, 0d, ab, 80, 00] parsed=Points([TouchPoint { x: 332, y: 192 }])
[TOUCHLOG] t=29307ms line line_after=low raw=[06, 08, 11, 51, 00, 01, ab, 00, 00, 00, 3c, 0d, ab, 80, 00] parsed=Points([TouchPoint { x: 332, y: 192 }])
[TOUCHLOG] t=29317ms line line_after=low raw=[06, 08, 11, 51, 00, 01, ab, 00, 00, 00, 3c, 0d, ab, 80, 00] parsed=Points([TouchPoint { x: 332, y: 192 }])
[TOUCHLOG] t=29327ms line line_after=low raw=[06, 08, 11, 51, 00, 01, ab, 00, 00, 00, 3c, 0d, ab, 80, 00] parsed=Points([TouchPoint { x: 332, y: 192 }])
[TOUCHLOG] t=29337ms line line_after=low raw=[06, 08, 11, 51, 00, 01, ab, 00, 00, 00, 3c, 0d, ab, 80, 00] parsed=Points([TouchPoint { x: 332, y: 192 }])
[TOUCHLOG] t=29349ms line line_after=high raw=[06, 08, 11, 51, 00, 01, ab, 00, 00, 00, 3c, 0d, ab, 80, 00] parsed=Points([TouchPoint { x: 332, y: 192 }])
[TOUCHLOG] t=29359ms line line_after=high raw=[06, 08, 11, 51, 00, 01, ab, 00, 00, 00, 3c, 0d, ab, 80, 00] parsed=Points([TouchPoint { x: 332, y: 192 }])
[TOUCHLOG] t=29377ms line line_after=low raw=[06, 08, 11, 51, 00, 01, ab, 00, 00, 00, 3c, 0d, ab, 80, 00] parsed=Points([TouchPoint { x: 332, y: 192 }])
[TOUCHLOG] t=29387ms line line_after=low raw=[06, 08, 11, 51, 00, 01, ab, 00, 00, 00, 3c, 0d, ab, 80, 00] parsed=Points([TouchPoint { x: 332, y: 192 }])
[TOUCHLOG] t=29397ms line line_after=low raw=[06, 08, 11, 51, 00, 01, ab, 00, 00, 00, 3c, 0d, ab, 80, 00] parsed=Points([TouchPoint { x: 332, y: 192 }])
[TOUCHLOG] t=29407ms line line_after=low raw=[06, 08, 11, 51, 00, 01, ab, 00, 00, 00, 3c, 0d, ab, 80, 00] parsed=Points([TouchPoint { x: 332, y: 192 }])
[TOUCHLOG] t=29417ms line line_after=low raw=[06, 08, 11, 51, 00, 01, ab, 00, 00, 00, 3c, 0d, ab, 80, 00] parsed=Points([TouchPoint { x: 332, y: 192 }])
[TOUCHLOG] t=29427ms line line_after=low raw=[06, 08, 11, 51, 00, 01, ab, 00, 00, 00, 3c, 0d, ab, 80, 00] parsed=Points([TouchPoint { x: 332, y: 192 }])
[TOUCHLOG] t=29437ms line line_after=low raw=[06, 08, 11, 51, 00, 01, ab, 00, 00, 00, 3c, 0d, ab, 80, 00] parsed=Points([TouchPoint { x: 332, y: 192 }])
[TOUCHLOG] t=29447ms line line_after=low raw=[06, 08, 11, 51, 00, 01, ab, 00, 00, 00, 3c, 0d, ab, 80, 00] parsed=Points([TouchPoint { x: 332, y: 192 }])
[TOUCHLOG] t=29457ms line line_after=low raw=[06, 08, 11, 51, 00, 01, ab, 00, 00, 00, 3c, 0d, ab, 80, 00] parsed=Points([TouchPoint { x: 332, y: 192 }])
[TOUCHLOG] t=29468ms line line_after=low raw=[06, 08, 11, 51, 00, 01, ab, 00, 00, 00, 3c, 0d, ab, 80, 00] parsed=Points([TouchPoint { x: 332, y: 192 }])
[TOUCHLOG] t=29496ms line line_after=high raw=[06, 08, 11, 51, 00, 01, ab, 00, 00, 00, 3c, 0d, ab, 80, 00] parsed=Points([TouchPoint { x: 332, y: 192 }])
[TOUCHLOG] t=29514ms poll line_after=high raw=[06, 08, 11, 51, 00, 01, ab, 00, 00, 00, 3c, 0d, ab, 80, 00] parsed=Points([TouchPoint { x: 332, y: 192 }])
[TOUCHLOG] t=29527ms line line_after=low raw=[06, 08, 11, 51, 00, 01, ab, 00, 00, 00, 3c, 0d, ab, 80, 00] parsed=Points([TouchPoint { x: 332, y: 192 }])
[TOUCHLOG] t=29537ms line line_after=low raw=[06, 08, 11, 51, 00, 01, ab, 00, 00, 00, 3c, 0d, ab, 80, 00] parsed=Points([TouchPoint { x: 332, y: 192 }])
[TOUCHLOG] t=29548ms line line_after=low raw=[06, 08, 11, 51, 00, 01, ab, 00, 00, 00, 3c, 0d, ab, 80, 00] parsed=Points([TouchPoint { x: 332, y: 192 }])
[TOUCHLOG] t=29557ms line line_after=low raw=[06, 08, 11, 51, 00, 01, ab, 00, 00, 00, 3c, 0d, ab, 80, 00] parsed=Points([TouchPoint { x: 332, y: 192 }])
[TOUCHLOG] t=29567ms line line_after=low raw=[06, 08, 11, 51, 00, 01, ab, 00, 00, 00, 3c, 0d, ab, 80, 00] parsed=Points([TouchPoint { x: 332, y: 192 }])
[TOUCHLOG] t=29577ms line line_after=low raw=[06, 08, 11, 51, 00, 01, ab, 00, 00, 00, 3c, 0d, ab, 80, 00] parsed=Points([TouchPoint { x: 332, y: 192 }])
[TOUCHLOG] t=29587ms line line_after=low raw=[06, 08, 11, 51, 00, 01, ab, 00, 00, 00, 3c, 0d, ab, 80, 00] parsed=Points([TouchPoint { x: 332, y: 192 }])
[TOUCHLOG] t=29598ms line line_after=low raw=[06, 08, 11, 51, 00, 01, ab, 00, 00, 00, 3c, 0d, ab, 80, 00] parsed=Points([TouchPoint { x: 332, y: 192 }])
[TOUCHLOG] t=29607ms line line_after=low raw=[06, 08, 11, 51, 00, 01, ab, 00, 00, 00, 3c, 0d, ab, 80, 00] parsed=Points([TouchPoint { x: 332, y: 192 }])
[TOUCHLOG] t=29617ms line line_after=low raw=[06, 08, 11, 51, 00, 01, ab, 00, 00, 00, 3c, 0d, ab, 80, 00] parsed=Points([TouchPoint { x: 332, y: 192 }])
[TOUCHLOG] t=29637ms line line_after=low raw=[06, 08, 11, 51, 00, 01, ab, 00, 00, 00, 3c, 0d, ab, 80, 00] parsed=Points([TouchPoint { x: 332, y: 192 }])
[TOUCHLOG] t=29647ms line line_after=low raw=[06, 08, 11, 51, 00, 01, ab, 00, 00, 00, 3c, 0d, ab, 80, 00] parsed=Points([TouchPoint { x: 332, y: 192 }])
[TOUCHLOG] t=29657ms line line_after=low raw=[06, 08, 11, 51, 00, 01, ab, 00, 00, 00, 3c, 0d, ab, 80, 00] parsed=Points([TouchPoint { x: 332, y: 192 }])
[TOUCHLOG] t=29667ms line line_after=low raw=[06, 08, 11, 51, 00, 01, ab, 00, 00, 00, 3c, 0d, ab, 80, 00] parsed=Points([TouchPoint { x: 332, y: 192 }])
[TOUCHLOG] t=29677ms line line_after=low raw=[06, 08, 11, 51, 00, 01, ab, 00, 00, 00, 3c, 0d, ab, 80, 00] parsed=Points([TouchPoint { x: 332, y: 192 }])
[TOUCHLOG] t=29687ms line line_after=low raw=[06, 08, 11, 51, 00, 01, ab, 00, 00, 00, 3c, 0d, ab, 80, 00] parsed=Points([TouchPoint { x: 332, y: 192 }])
[TOUCHLOG] t=29699ms line line_after=high raw=[06, 08, 11, 51, 00, 01, ab, 00, 00, 00, 3c, 0d, ab, 80, 00] parsed=Points([TouchPoint { x: 332, y: 192 }])
[TOUCHLOG] t=29708ms line line_after=low raw=[06, 08, 11, 51, 00, 01, ab, 00, 00, 00, 3c, 0d, ab, 80, 00] parsed=Points([TouchPoint { x: 332, y: 192 }])
[TOUCHLOG] t=29718ms line line_after=low raw=[06, 08, 11, 51, 00, 01, ab, 00, 00, 00, 3c, 0d, ab, 80, 00] parsed=Points([TouchPoint { x: 332, y: 192 }])
[TOUCHLOG] t=29738ms line line_after=low raw=[06, 08, 11, 51, 00, 01, ab, 00, 00, 00, 3c, 0d, ab, 80, 00] parsed=Points([TouchPoint { x: 332, y: 192 }])
[TOUCHLOG] t=29756ms line line_after=high raw=[06, 08, 11, 51, 00, 01, ab, 00, 00, 00, 3c, 0d, ab, 80, 00] parsed=Points([TouchPoint { x: 332, y: 192 }])
[TOUCHLOG] t=29768ms line line_after=low raw=[06, 08, 11, 51, 00, 01, ab, 00, 00, 00, 3c, 0d, ab, 80, 00] parsed=Points([TouchPoint { x: 332, y: 192 }])
[TOUCHLOG] t=29778ms line line_after=low raw=[06, 08, 11, 51, 00, 01, ab, 00, 00, 00, 3c, 0d, ab, 80, 00] parsed=Points([TouchPoint { x: 332, y: 192 }])
[TOUCHLOG] t=29788ms line line_after=low raw=[06, 08, 11, 51, 00, 01, ab, 00, 00, 00, 3c, 0d, ab, 80, 00] parsed=Points([TouchPoint { x: 332, y: 192 }])
[TOUCHLOG] t=29808ms line line_after=low raw=[06, 08, 11, 51, 00, 01, ab, 00, 00, 00, 3c, 0d, ab, 80, 00] parsed=Points([TouchPoint { x: 332, y: 192 }])
[TOUCHLOG] t=29818ms line line_after=low raw=[06, 08, 11, 51, 00, 01, ab, 00, 00, 00, 3c, 0d, ab, 80, 00] parsed=Points([TouchPoint { x: 332, y: 192 }])
[TOUCHLOG] t=29847ms poll line_after=high raw=[06, 08, 11, 51, 00, 01, ab, 00, 00, 00, 3c, 0d, ab, 80, 00] parsed=Points([TouchPoint { x: 332, y: 192 }])
[TOUCHLOG] t=29866ms poll line_after=high raw=[06, 08, 11, 51, 00, 01, ab, 00, 00, 00, 3c, 0d, ab, 80, 00] parsed=Points([TouchPoint { x: 332, y: 192 }])
[TOUCHLOG] t=29892ms poll line_after=high raw=[06, 08, 11, 51, 00, 01, ab, 00, 00, 00, 3c, 0d, ab, 80, 00] parsed=Points([TouchPoint { x: 332, y: 192 }])
[TOUCHLOG] t=29914ms poll line_after=high raw=[06, 08, 11, 51, 00, 01, ab, 00, 00, 00, 3c, 0d, ab, 80, 00] parsed=Points([TouchPoint { x: 332, y: 192 }])
[TOUCHLOG] t=29920ms line line_after=high raw=[06, 08, 11, 51, 00, 01, ab, 00, 00, 00, 3c, 0d, ab, 80, 00] parsed=Points([TouchPoint { x: 332, y: 192 }])
[TOUCHLOG] t=29938ms line line_after=low raw=[06, 08, 11, 51, 00, 01, ab, 00, 00, 00, 3c, 0d, ab, 80, 00] parsed=Points([TouchPoint { x: 332, y: 192 }])
[TOUCHLOG] t=29948ms line line_after=low raw=[06, 08, 11, 51, 00, 01, ab, 00, 00, 00, 3c, 0d, ab, 80, 00] parsed=Points([TouchPoint { x: 332, y: 192 }])
[TOUCHLOG] t=29958ms line line_after=low raw=[06, 08, 11, 51, 00, 01, ab, 00, 00, 00, 3c, 0d, ab, 80, 00] parsed=Points([TouchPoint { x: 332, y: 192 }])
[TOUCHLOG] t=29969ms line line_after=low raw=[06, 08, 11, 51, 00, 01, ab, 00, 00, 00, 3c, 0d, ab, 80, 00] parsed=Points([TouchPoint { x: 332, y: 192 }])
[TOUCHLOG] t=29978ms line line_after=low raw=[06, 08, 11, 51, 00, 01, ab, 00, 00, 00, 3c, 0d, ab, 80, 00] parsed=Points([TouchPoint { x: 332, y: 192 }])
[TOUCHLOG] t=29988ms line line_after=low raw=[06, 08, 11, 51, 00, 01, ab, 00, 00, 00, 3c, 0d, ab, 80, 00] parsed=Points([TouchPoint { x: 332, y: 192 }])
[TOUCHLOG] t=29998ms line line_after=low raw=[06, 08, 11, 51, 00, 01, ab, 00, 00, 00, 3c, 0d, ab, 80, 00] parsed=Points([TouchPoint { x: 332, y: 192 }])
[TOUCHLOG] t=30022ms line line_after=high raw=[06, 08, 11, 51, 00, 01, ab, 00, 00, 00, 3c, 0d, ab, 80, 00] parsed=Points([TouchPoint { x: 332, y: 192 }])
[TOUCHLOG] t=30038ms line line_after=low raw=[06, 08, 11, 51, 00, 01, ab, 00, 00, 00, 3c, 0d, ab, 80, 00] parsed=Points([TouchPoint { x: 332, y: 192 }])
[TOUCHLOG] t=30048ms line line_after=low raw=[06, 08, 11, 51, 00, 01, ab, 00, 00, 00, 3c, 0d, ab, 80, 00] parsed=Points([TouchPoint { x: 332, y: 192 }])
[TOUCHLOG] t=30058ms line line_after=low raw=[06, 08, 11, 51, 00, 01, ab, 00, 00, 00, 3c, 0d, ab, 80, 00] parsed=Points([TouchPoint { x: 332, y: 192 }])
[TOUCHLOG] t=30069ms line line_after=low raw=[06, 08, 11, 51, 00, 01, ab, 00, 00, 00, 3c, 0d, ab, 80, 00] parsed=Points([TouchPoint { x: 332, y: 192 }])
[TOUCHLOG] t=30082ms line line_after=high raw=[06, 08, 11, 51, 00, 01, ab, 00, 00, 00, 3c, 0d, ab, 80, 00] parsed=Points([TouchPoint { x: 332, y: 192 }])
[TOUCHLOG] t=30098ms line line_after=low raw=[06, 08, 11, 51, 00, 01, ab, 00, 00, 00, 3c, 0d, ab, 80, 00] parsed=Points([TouchPoint { x: 332, y: 192 }])
[TOUCHLOG] t=30108ms line line_after=low raw=[06, 08, 11, 51, 00, 01, ab, 00, 00, 00, 3c, 0d, ab, 80, 00] parsed=Points([TouchPoint { x: 332, y: 192 }])
[TOUCHLOG] t=30120ms line line_after=high raw=[06, 08, 11, 51, 00, 01, ab, 00, 00, 00, 3c, 0d, ab, 80, 00] parsed=Points([TouchPoint { x: 332, y: 192 }])
[TOUCHLOG] t=30128ms line line_after=low raw=[ab, 08, 11, 51, 00, 01, ab, 00, 00, 00, 3c, 0d, ab, 80, 00] parsed=Points([])
[TOUCHLOG] t=30138ms line line_after=low raw=[06, 08, 11, 51, 00, 01, ab, 00, 00, 00, 3c, 0d, ab, 80, 00] parsed=Points([TouchPoint { x: 332, y: 192 }])
[TOUCHLOG] t=30148ms line line_after=low raw=[06, 08, 11, 51, 00, 01, ab, 00, 00, 00, 3c, 0d, ab, 80, 00] parsed=Points([TouchPoint { x: 332, y: 192 }])
[TOUCHLOG] t=30158ms line line_after=low raw=[06, 08, 11, 51, 00, 01, ab, 00, 00, 00, 3c, 0d, ab, 80, 00] parsed=Points([TouchPoint { x: 332, y: 192 }])
[TOUCHLOG] t=30170ms line line_after=high raw=[06, 08, 11, 51, 00, 01, ab, 00, 00, 00, 3c, 0d, ab, 80, 00] parsed=Points([TouchPoint { x: 332, y: 192 }])
[TOUCHLOG] t=30179ms line line_after=low raw=[ab, 08, 11, 51, 00, 01, ab, 00, 00, 00, 3c, 0d, ab, 80, 00] parsed=Points([])
[TOUCHLOG] t=30188ms line line_after=low raw=[06, 08, 11, 51, 00, 01, ab, 00, 00, 00, 3c, 0d, ab, 80, 00] parsed=Points([TouchPoint { x: 332, y: 192 }])
[TOUCHLOG] t=30208ms line line_after=low raw=[06, 08, 11, 51, 00, 01, ab, 00, 00, 00, 3c, 0d, ab, 80, 00] parsed=Points([TouchPoint { x: 332, y: 192 }])
[TOUCHLOG] t=30218ms line line_after=low raw=[06, 08, 11, 51, 00, 01, ab, 00, 00, 00, 3c, 0d, ab, 80, 00] parsed=Points([TouchPoint { x: 332, y: 192 }])
[TOUCHLOG] t=30228ms line line_after=low raw=[06, 08, 11, 51, 00, 01, ab, 00, 00, 00, 3c, 0d, ab, 80, 00] parsed=Points([TouchPoint { x: 332, y: 192 }])
[TOUCHLOG] t=30238ms line line_after=low raw=[06, 08, 11, 51, 00, 01, ab, 00, 00, 00, 3c, 0d, ab, 80, 00] parsed=Points([TouchPoint { x: 332, y: 192 }])
[TOUCHLOG] t=30248ms line line_after=low raw=[06, 08, 11, 51, 00, 01, ab, 00, 00, 00, 3c, 0d, ab, 80, 00] parsed=Points([TouchPoint { x: 332, y: 192 }])
[TOUCHLOG] t=30258ms line line_after=low raw=[06, 08, 11, 51, 00, 01, ab, 00, 00, 00, 3c, 0d, ab, 80, 00] parsed=Points([TouchPoint { x: 332, y: 192 }])
[TOUCHLOG] t=30268ms line line_after=low raw=[06, 08, 11, 51, 00, 01, ab, 00, 00, 00, 3c, 0d, ab, 80, 00] parsed=Points([TouchPoint { x: 332, y: 192 }])
[TOUCHLOG] t=30295ms line line_after=high raw=[06, 08, 11, 51, 00, 01, ab, 00, 00, 00, 3c, 0d, ab, 80, 00] parsed=Points([TouchPoint { x: 332, y: 192 }])
[TOUCHLOG] t=30308ms line line_after=low raw=[06, 08, 11, 51, 00, 01, ab, 00, 00, 00, 3c, 0d, ab, 80, 00] parsed=Points([TouchPoint { x: 332, y: 192 }])
[TOUCHLOG] t=30318ms line line_after=low raw=[06, 08, 11, 51, 00, 01, ab, 00, 00, 00, 3c, 0d, ab, 80, 00] parsed=Points([TouchPoint { x: 332, y: 192 }])
[TOUCHLOG] t=30328ms line line_after=low raw=[06, 08, 11, 51, 00, 01, ab, 00, 00, 00, 3c, 0d, ab, 80, 00] parsed=Points([TouchPoint { x: 332, y: 192 }])
[TOUCHLOG] t=30339ms line line_after=low raw=[06, 08, 11, 51, 00, 01, ab, 00, 00, 00, 3c, 0d, ab, 80, 00] parsed=Points([TouchPoint { x: 332, y: 192 }])
[TOUCHLOG] t=30349ms line line_after=low raw=[06, 08, 11, 51, 00, 01, ab, 00, 00, 00, 3c, 0d, ab, 80, 00] parsed=Points([TouchPoint { x: 332, y: 192 }])
[TOUCHLOG] t=30360ms line line_after=low raw=[06, 08, 11, 51, 00, 01, ab, 00, 00, 00, 3c, 0d, ab, 80, 00] parsed=Points([TouchPoint { x: 332, y: 192 }])
[TOUCHLOG] t=30378ms line line_after=low raw=[06, 08, 11, 51, 00, 01, ab, 00, 00, 00, 3c, 0d, ab, 80, 00] parsed=Points([TouchPoint { x: 332, y: 192 }])
[TOUCHLOG] t=30388ms line line_after=low raw=[06, 08, 11, 51, 00, 01, ab, 00, 00, 00, 3c, 0d, ab, 80, 00] parsed=Points([TouchPoint { x: 332, y: 192 }])
[TOUCHLOG] t=30399ms line line_after=low raw=[06, 08, 11, 51, 00, 01, ab, 00, 00, 00, 3c, 0d, ab, 80, 00] parsed=Points([TouchPoint { x: 332, y: 192 }])
[TOUCHLOG] t=30409ms line line_after=low raw=[06, 08, 11, 51, 00, 01, ab, 00, 00, 00, 3c, 0d, ab, 80, 00] parsed=Points([TouchPoint { x: 332, y: 192 }])
[TOUCHLOG] t=30419ms line line_after=low raw=[06, 08, 11, 51, 00, 01, ab, 00, 00, 00, 3c, 0d, ab, 80, 00] parsed=Points([TouchPoint { x: 332, y: 192 }])
[TOUCHLOG] t=30429ms line line_after=low raw=[06, 08, 11, 51, 00, 01, ab, 00, 00, 00, 3c, 0d, ab, 80, 00] parsed=Points([TouchPoint { x: 332, y: 192 }])
[TOUCHLOG] t=30439ms line line_after=low raw=[06, 08, 11, 51, 00, 01, ab, 00, 00, 00, 3c, 0d, ab, 80, 00] parsed=Points([TouchPoint { x: 332, y: 192 }])
[TOUCHLOG] t=30449ms line line_after=low raw=[06, 08, 11, 51, 00, 01, ab, 00, 00, 00, 3c, 0d, ab, 80, 00] parsed=Points([TouchPoint { x: 332, y: 192 }])
[TOUCHLOG] t=30459ms line line_after=low raw=[06, 08, 11, 51, 00, 01, ab, 00, 00, 00, 3c, 0d, ab, 80, 00] parsed=Points([TouchPoint { x: 332, y: 192 }])
[TOUCHLOG] t=30479ms line line_after=low raw=[06, 08, 11, 51, 00, 01, ab, 00, 00, 00, 3c, 0d, ab, 80, 00] parsed=Points([TouchPoint { x: 332, y: 192 }])
[TOUCHLOG] t=30489ms line line_after=low raw=[06, 08, 11, 51, 00, 01, ab, 00, 00, 00, 3c, 0d, ab, 80, 00] parsed=Points([TouchPoint { x: 332, y: 192 }])
[TOUCHLOG] t=30499ms line line_after=low raw=[06, 08, 11, 51, 00, 01, ab, 00, 00, 00, 3c, 0d, ab, 80, 00] parsed=Points([TouchPoint { x: 332, y: 192 }])
[TOUCHLOG] t=30509ms line line_after=low raw=[06, 08, 11, 51, 00, 01, ab, 00, 00, 00, 3c, 0d, ab, 80, 00] parsed=Points([TouchPoint { x: 332, y: 192 }])
[TOUCHLOG] t=30519ms line line_after=low raw=[06, 08, 11, 51, 00, 01, ab, 00, 00, 00, 3c, 0d, ab, 80, 00] parsed=Points([TouchPoint { x: 332, y: 192 }])
[TOUCHLOG] t=30529ms line line_after=low raw=[06, 08, 11, 51, 00, 01, ab, 00, 00, 00, 3c, 0d, ab, 80, 00] parsed=Points([TouchPoint { x: 332, y: 192 }])
[TOUCHLOG] t=30540ms line line_after=low raw=[06, 08, 11, 51, 00, 01, ab, 00, 00, 00, 3c, 0d, ab, 80, 00] parsed=Points([TouchPoint { x: 332, y: 192 }])
[TOUCHLOG] t=30563ms line line_after=high raw=[06, 08, 11, 51, 00, 01, ab, 00, 00, 00, 3c, 0d, ab, 80, 00] parsed=Points([TouchPoint { x: 332, y: 192 }])
[TOUCHLOG] t=30579ms line line_after=low raw=[06, 08, 11, 51, 00, 01, ab, 00, 00, 00, 3c, 0d, ab, 80, 00] parsed=Points([TouchPoint { x: 332, y: 192 }])
[TOUCHLOG] t=30589ms line line_after=low raw=[06, 08, 11, 51, 00, 01, ab, 00, 00, 00, 3c, 0d, ab, 80, 00] parsed=Points([TouchPoint { x: 332, y: 192 }])
[TOUCHLOG] t=30599ms line line_after=low raw=[06, 08, 11, 51, 00, 01, ab, 00, 00, 00, 3c, 0d, ab, 80, 00] parsed=Points([TouchPoint { x: 332, y: 192 }])
[TOUCHLOG] t=30609ms line line_after=low raw=[06, 08, 11, 51, 00, 01, ab, 00, 00, 00, 3c, 0d, ab, 80, 00] parsed=Points([TouchPoint { x: 332, y: 192 }])
[TOUCHLOG] t=30620ms line line_after=low raw=[06, 08, 11, 51, 00, 01, ab, 00, 00, 00, 3c, 0d, ab, 80, 00] parsed=Points([TouchPoint { x: 332, y: 192 }])
[TOUCHLOG] t=30631ms line line_after=high raw=[06, 08, 11, 51, 00, 01, ab, 00, 00, 00, 3c, 0d, ab, 80, 00] parsed=Points([TouchPoint { x: 332, y: 192 }])
[TOUCHLOG] t=30663ms poll line_after=high raw=[06, 08, 11, 51, 00, 01, ab, 00, 00, 00, 3c, 0d, ab, 80, 00] parsed=Points([TouchPoint { x: 332, y: 192 }])
[TOUCHLOG] t=30688ms poll line_after=high raw=[06, 08, 11, 51, 00, 01, ab, 00, 00, 00, 3c, 0d, ab, 80, 00] parsed=Points([TouchPoint { x: 332, y: 192 }])
[TOUCHLOG] t=30714ms poll line_after=high raw=[06, 08, 11, 51, 00, 01, ab, 00, 00, 00, 3c, 0d, ab, 80, 00] parsed=Points([TouchPoint { x: 332, y: 192 }])
[TOUCHLOG] t=30739ms poll line_after=low raw=[06, 08, 11, 51, 00, 01, ab, 00, 00, 00, 3c, 0d, ab, 80, 00] parsed=Points([TouchPoint { x: 332, y: 192 }])
[TOUCHLOG] t=30749ms line line_after=low raw=[06, 08, 11, 51, 00, 01, ab, 00, 00, 00, 3c, 0d, ab, 80, 00] parsed=Points([TouchPoint { x: 332, y: 192 }])
[TOUCHLOG] t=30759ms line line_after=low raw=[06, 08, 11, 51, 00, 01, ab, 00, 00, 00, 3c, 0d, ab, 80, 00] parsed=Points([TouchPoint { x: 332, y: 192 }])
[TOUCHLOG] t=30769ms line line_after=low raw=[06, 08, 11, 51, 00, 01, ab, 00, 00, 00, 3c, 0d, ab, 80, 00] parsed=Points([TouchPoint { x: 332, y: 192 }])
[TOUCHLOG] t=30779ms line line_after=low raw=[06, 08, 11, 51, 00, 01, ab, 00, 00, 00, 3c, 0d, ab, 80, 00] parsed=Points([TouchPoint { x: 332, y: 192 }])
[TOUCHLOG] t=30789ms line line_after=low raw=[06, 08, 11, 51, 00, 01, ab, 00, 00, 00, 3c, 0d, ab, 80, 00] parsed=Points([TouchPoint { x: 332, y: 192 }])
[TOUCHLOG] t=30799ms line line_after=low raw=[06, 08, 11, 51, 00, 01, ab, 00, 00, 00, 3c, 0d, ab, 80, 00] parsed=Points([TouchPoint { x: 332, y: 192 }])
[TOUCHLOG] t=30810ms line line_after=low raw=[06, 08, 11, 51, 00, 01, ab, 00, 00, 00, 3c, 0d, ab, 80, 00] parsed=Points([TouchPoint { x: 332, y: 192 }])
[TOUCHLOG] t=30835ms line line_after=high raw=[06, 08, 11, 51, 00, 01, ab, 00, 00, 00, 3c, 0d, ab, 80, 00] parsed=Points([TouchPoint { x: 332, y: 192 }])
[TOUCHLOG] t=30863ms line line_after=high raw=[06, 08, 11, 51, 00, 01, ab, 00, 00, 00, 3c, 0d, ab, 80, 00] parsed=Points([TouchPoint { x: 332, y: 192 }])
[TOUCHLOG] t=30869ms line line_after=low raw=[ab, 08, 11, 51, 00, 01, ab, 00, 00, 00, 3c, 0d, ab, 80, 00] parsed=Points([])
[TOUCHLOG] t=30879ms line line_after=low raw=[06, 08, 11, 51, 00, 01, ab, 00, 00, 00, 3c, 0d, ab, 80, 00] parsed=Points([TouchPoint { x: 332, y: 192 }])
[TOUCHLOG] t=30889ms line line_after=low raw=[06, 08, 11, 51, 00, 01, ab, 00, 00, 00, 3c, 0d, ab, 80, 00] parsed=Points([TouchPoint { x: 332, y: 192 }])
[TOUCHLOG] t=30899ms line line_after=low raw=[06, 08, 11, 51, 00, 01, ab, 00, 00, 00, 3c, 0d, ab, 80, 00] parsed=Points([TouchPoint { x: 332, y: 192 }])
[TOUCHLOG] t=30910ms line line_after=low raw=[06, 08, 11, 51, 00, 01, ab, 00, 00, 00, 3c, 0d, ab, 80, 00] parsed=Points([TouchPoint { x: 332, y: 192 }])
[TOUCHLOG] t=30919ms line line_after=low raw=[06, 08, 11, 51, 00, 01, ab, 00, 00, 00, 3c, 0d, ab, 80, 00] parsed=Points([TouchPoint { x: 332, y: 192 }])
[TOUCHLOG] t=30929ms line line_after=low raw=[06, 08, 11, 51, 00, 01, ab, 00, 00, 00, 3c, 0d, ab, 80, 00] parsed=Points([TouchPoint { x: 332, y: 192 }])
[TOUCHLOG] t=30949ms line line_after=low raw=[06, 08, 11, 51, 00, 01, ab, 00, 00, 00, 3c, 0d, ab, 80, 00] parsed=Points([TouchPoint { x: 332, y: 192 }])
[TOUCHLOG] t=30959ms line line_after=low raw=[06, 08, 11, 51, 00, 01, ab, 00, 00, 00, 3c, 0d, ab, 80, 00] parsed=Points([TouchPoint { x: 332, y: 192 }])
[TOUCHLOG] t=30969ms line line_after=low raw=[06, 08, 11, 51, 00, 01, ab, 00, 00, 00, 3c, 0d, ab, 80, 00] parsed=Points([TouchPoint { x: 332, y: 192 }])
[TOUCHLOG] t=30979ms line line_after=low raw=[06, 08, 11, 51, 00, 01, ab, 00, 00, 00, 3c, 0d, ab, 80, 00] parsed=Points([TouchPoint { x: 332, y: 192 }])
[TOUCHLOG] t=30989ms line line_after=low raw=[06, 08, 11, 51, 00, 01, ab, 00, 00, 00, 3c, 0d, ab, 80, 00] parsed=Points([TouchPoint { x: 332, y: 192 }])
[TOUCHLOG] t=30999ms line line_after=low raw=[06, 08, 11, 51, 00, 01, ab, 00, 00, 00, 3c, 0d, ab, 80, 00] parsed=Points([TouchPoint { x: 332, y: 192 }])
[TOUCHLOG] t=31011ms line line_after=high raw=[06, 08, 11, 51, 00, 01, ab, 00, 00, 00, 3c, 0d, ab, 80, 00] parsed=Points([TouchPoint { x: 332, y: 192 }])
[TOUCHLOG] t=31019ms line line_after=low raw=[ab, 08, 11, 51, 00, 01, ab, 00, 00, 00, 3c, 0d, ab, 80, 00] parsed=Points([])
[TOUCHLOG] t=31029ms line line_after=low raw=[06, 08, 11, 51, 00, 01, ab, 00, 00, 00, 3c, 0d, ab, 80, 00] parsed=Points([TouchPoint { x: 332, y: 192 }])
[TOUCHLOG] t=31039ms line line_after=low raw=[06, 08, 11, 51, 00, 01, ab, 00, 00, 00, 3c, 0d, ab, 80, 00] parsed=Points([TouchPoint { x: 332, y: 192 }])
[TOUCHLOG] t=31049ms line line_after=low raw=[06, 08, 11, 51, 00, 01, ab, 00, 00, 00, 3c, 0d, ab, 80, 00] parsed=Points([TouchPoint { x: 332, y: 192 }])
[TOUCHLOG] t=31062ms line line_after=high raw=[06, 08, 11, 51, 00, 01, ab, 00, 00, 00, 3c, 0d, ab, 80, 00] parsed=Points([TouchPoint { x: 332, y: 192 }])
[TOUCHLOG] t=31070ms line line_after=low raw=[ab, 08, 11, 51, 00, 01, ab, 00, 00, 00, 3c, 0d, ab, 80, 00] parsed=Points([])
[TOUCHLOG] t=31080ms line line_after=low raw=[06, 08, 11, 51, 00, 01, ab, 00, 00, 00, 3c, 0d, ab, 80, 00] parsed=Points([TouchPoint { x: 332, y: 192 }])
[TOUCHLOG] t=31106ms line line_after=high raw=[06, 08, 11, 51, 00, 01, ab, 00, 00, 00, 3c, 0d, ab, 80, 00] parsed=Points([TouchPoint { x: 332, y: 192 }])
[TOUCHLOG] t=31129ms poll line_after=low raw=[06, 08, 11, 51, 00, 01, ab, 00, 00, 00, 3c, 0d, ab, 80, 00] parsed=Points([TouchPoint { x: 332, y: 192 }])
[TOUCHLOG] t=31140ms line line_after=low raw=[06, 08, 11, 51, 00, 01, ab, 00, 00, 00, 3c, 0d, ab, 80, 00] parsed=Points([TouchPoint { x: 332, y: 192 }])
[TOUCHLOG] t=31150ms line line_after=low raw=[06, 08, 11, 51, 00, 01, ab, 00, 00, 00, 3c, 0d, ab, 80, 00] parsed=Points([TouchPoint { x: 332, y: 192 }])
[TOUCHLOG] t=31160ms line line_after=low raw=[06, 08, 11, 51, 00, 01, ab, 00, 00, 00, 3c, 0d, ab, 80, 00] parsed=Points([TouchPoint { x: 332, y: 192 }])
[TOUCHLOG] t=31170ms line line_after=low raw=[06, 08, 11, 51, 00, 01, ab, 00, 00, 00, 3c, 0d, ab, 80, 00] parsed=Points([TouchPoint { x: 332, y: 192 }])
[TOUCHLOG] t=31180ms line line_after=low raw=[06, 08, 11, 51, 00, 01, ab, 00, 00, 00, 3c, 0d, ab, 80, 00] parsed=Points([TouchPoint { x: 332, y: 192 }])
[TOUCHLOG] t=31190ms line line_after=low raw=[06, 08, 11, 51, 00, 01, ab, 00, 00, 00, 3c, 0d, ab, 80, 00] parsed=Points([TouchPoint { x: 332, y: 192 }])
[TOUCHLOG] t=31200ms line line_after=low raw=[06, 08, 11, 51, 00, 01, ab, 00, 00, 00, 3c, 0d, ab, 80, 00] parsed=Points([TouchPoint { x: 332, y: 192 }])
[TOUCHLOG] t=31210ms line line_after=low raw=[06, 08, 11, 51, 00, 01, ab, 00, 00, 00, 3c, 0d, ab, 80, 00] parsed=Points([TouchPoint { x: 332, y: 192 }])
[TOUCHLOG] t=31220ms line line_after=low raw=[06, 08, 11, 51, 00, 01, ab, 00, 00, 00, 3c, 0d, ab, 80, 00] parsed=Points([TouchPoint { x: 332, y: 192 }])
[TOUCHLOG] t=31230ms line line_after=low raw=[06, 08, 11, 51, 00, 01, ab, 00, 00, 00, 3c, 0d, ab, 80, 00] parsed=Points([TouchPoint { x: 332, y: 192 }])
[TOUCHLOG] t=31240ms line line_after=low raw=[06, 08, 11, 51, 00, 01, ab, 00, 00, 00, 3c, 0d, ab, 80, 00] parsed=Points([TouchPoint { x: 332, y: 192 }])
[TOUCHLOG] t=31250ms line line_after=low raw=[06, 08, 11, 51, 00, 01, ab, 00, 00, 00, 3c, 0d, ab, 80, 00] parsed=Points([TouchPoint { x: 332, y: 192 }])
[TOUCHLOG] t=31270ms line line_after=low raw=[06, 08, 11, 51, 00, 01, ab, 00, 00, 00, 3c, 0d, ab, 80, 00] parsed=Points([TouchPoint { x: 332, y: 192 }])
[TOUCHLOG] t=31280ms line line_after=low raw=[06, 08, 11, 51, 00, 01, ab, 00, 00, 00, 3c, 0d, ab, 80, 00] parsed=Points([TouchPoint { x: 332, y: 192 }])
[TOUCHLOG] t=31290ms line line_after=low raw=[06, 08, 11, 51, 00, 01, ab, 00, 00, 00, 3c, 0d, ab, 80, 00] parsed=Points([TouchPoint { x: 332, y: 192 }])
[TOUCHLOG] t=31300ms line line_after=low raw=[06, 08, 11, 51, 00, 01, ab, 00, 00, 00, 3c, 0d, ab, 80, 00] parsed=Points([TouchPoint { x: 332, y: 192 }])
[TOUCHLOG] t=31310ms line line_after=low raw=[06, 08, 11, 51, 00, 01, ab, 00, 00, 00, 3c, 0d, ab, 80, 00] parsed=Points([TouchPoint { x: 332, y: 192 }])
[TOUCHLOG] t=31320ms line line_after=low raw=[06, 08, 11, 51, 00, 01, ab, 00, 00, 00, 3c, 0d, ab, 80, 00] parsed=Points([TouchPoint { x: 332, y: 192 }])
[TOUCHLOG] t=31332ms line line_after=high raw=[06, 08, 11, 51, 00, 01, ab, 00, 00, 00, 3c, 0d, ab, 80, 00] parsed=Points([TouchPoint { x: 332, y: 192 }])
[TOUCHLOG] t=31369ms poll line_after=high raw=[06, 08, 11, 51, 00, 01, ab, 00, 00, 00, 3c, 0d, ab, 80, 00] parsed=Points([TouchPoint { x: 332, y: 192 }])
[TOUCHLOG] t=31421ms line line_after=low raw=[06, 08, 11, 51, 00, 01, ab, 00, 00, 00, 3c, 0d, ab, 80, 00] parsed=Points([TouchPoint { x: 332, y: 192 }])
[TOUCHLOG] t=31445ms poll line_after=high raw=[06, 08, 11, 51, 00, 01, ab, 00, 00, 00, 3c, 0d, ab, 80, 00] parsed=Points([TouchPoint { x: 332, y: 192 }])
[TOUCHLOG] t=31451ms line line_after=low raw=[ab, 08, 11, 51, 00, 01, ab, 00, 00, 00, 3c, 0d, ab, 80, 00] parsed=Points([])
[TOUCHLOG] t=31470ms line line_after=low raw=[06, 08, 11, 51, 00, 01, ab, 00, 00, 00, 3c, 0d, ab, 80, 00] parsed=Points([TouchPoint { x: 332, y: 192 }])
[TOUCHLOG] t=31480ms line line_after=low raw=[06, 08, 11, 51, 00, 01, ab, 00, 00, 00, 3c, 0d, ab, 80, 00] parsed=Points([TouchPoint { x: 332, y: 192 }])
[TOUCHLOG] t=31490ms line line_after=low raw=[06, 08, 11, 51, 00, 01, ab, 00, 00, 00, 3c, 0d, ab, 80, 00] parsed=Points([TouchPoint { x: 332, y: 192 }])
[TOUCHLOG] t=31500ms line line_after=low raw=[06, 08, 11, 51, 00, 01, ab, 00, 00, 00, 3c, 0d, ab, 80, 00] parsed=Points([TouchPoint { x: 332, y: 192 }])
[TOUCHLOG] t=31510ms line line_after=low raw=[06, 08, 11, 51, 00, 01, ab, 00, 00, 00, 3c, 0d, ab, 80, 00] parsed=Points([TouchPoint { x: 332, y: 192 }])
[TOUCHLOG] t=31520ms line line_after=low raw=[06, 08, 11, 51, 00, 01, ab, 00, 00, 00, 3c, 0d, ab, 80, 00] parsed=Points([TouchPoint { x: 332, y: 192 }])
[TOUCHLOG] t=31530ms line line_after=low raw=[06, 08, 11, 51, 00, 01, ab, 00, 00, 00, 3c, 0d, ab, 80, 00] parsed=Points([TouchPoint { x: 332, y: 192 }])
[TOUCHLOG] t=31540ms line line_after=low raw=[06, 08, 11, 51, 00, 01, ab, 00, 00, 00, 3c, 0d, ab, 80, 00] parsed=Points([TouchPoint { x: 332, y: 192 }])
[TOUCHLOG] t=31550ms line line_after=low raw=[06, 08, 11, 51, 00, 01, ab, 00, 00, 00, 3c, 0d, ab, 80, 00] parsed=Points([TouchPoint { x: 332, y: 192 }])
[TOUCHLOG] t=31560ms line line_after=low raw=[06, 08, 11, 51, 00, 01, ab, 00, 00, 00, 3c, 0d, ab, 80, 00] parsed=Points([TouchPoint { x: 332, y: 192 }])
[TOUCHLOG] t=31570ms line line_after=low raw=[06, 08, 11, 51, 00, 01, ab, 00, 00, 00, 3c, 0d, ab, 80, 00] parsed=Points([TouchPoint { x: 332, y: 192 }])
[TOUCHLOG] t=31590ms line line_after=low raw=[06, 08, 11, 51, 00, 01, ab, 00, 00, 00, 3c, 0d, ab, 80, 00] parsed=Points([TouchPoint { x: 332, y: 192 }])
[TOUCHLOG] t=31600ms line line_after=low raw=[06, 08, 11, 51, 00, 01, ab, 00, 00, 00, 3c, 0d, ab, 80, 00] parsed=Points([TouchPoint { x: 332, y: 192 }])
[TOUCHLOG] t=31610ms line line_after=low raw=[06, 08, 11, 51, 00, 01, ab, 00, 00, 00, 3c, 0d, ab, 80, 00] parsed=Points([TouchPoint { x: 332, y: 192 }])
[TOUCHLOG] t=31620ms line line_after=low raw=[06, 08, 11, 51, 00, 01, ab, 00, 00, 00, 3c, 0d, ab, 80, 00] parsed=Points([TouchPoint { x: 332, y: 192 }])
[TOUCHLOG] t=31630ms line line_after=low raw=[06, 08, 11, 51, 00, 01, ab, 00, 00, 00, 3c, 0d, ab, 80, 00] parsed=Points([TouchPoint { x: 332, y: 192 }])
[TOUCHLOG] t=31655ms line line_after=high raw=[06, 08, 11, 51, 00, 01, ab, 00, 00, 00, 3c, 0d, ab, 80, 00] parsed=Points([TouchPoint { x: 332, y: 192 }])
[TOUCHLOG] t=31670ms line line_after=low raw=[06, 08, 11, 51, 00, 01, ab, 00, 00, 00, 3c, 0d, ab, 80, 00] parsed=Points([TouchPoint { x: 332, y: 192 }])
[TOUCHLOG] t=31680ms line line_after=low raw=[06, 08, 11, 51, 00, 01, ab, 00, 00, 00, 3c, 0d, ab, 80, 00] parsed=Points([TouchPoint { x: 332, y: 192 }])
[TOUCHLOG] t=31690ms line line_after=low raw=[06, 08, 11, 51, 00, 01, ab, 00, 00, 00, 3c, 0d, ab, 80, 00] parsed=Points([TouchPoint { x: 332, y: 192 }])
[TOUCHLOG] t=31701ms line line_after=low raw=[06, 08, 11, 51, 00, 01, ab, 00, 00, 00, 3c, 0d, ab, 80, 00] parsed=Points([TouchPoint { x: 332, y: 192 }])
[TOUCHLOG] t=31711ms line line_after=low raw=[06, 08, 11, 51, 00, 01, ab, 00, 00, 00, 3c, 0d, ab, 80, 00] parsed=Points([TouchPoint { x: 332, y: 192 }])
[TOUCHLOG] t=31723ms line line_after=high raw=[06, 08, 11, 51, 00, 01, ab, 00, 00, 00, 3c, 0d, ab, 80, 00] parsed=Points([TouchPoint { x: 332, y: 192 }])
[TOUCHLOG] t=31740ms line line_after=low raw=[06, 08, 11, 51, 00, 01, ab, 00, 00, 00, 3c, 0d, ab, 80, 00] parsed=Points([TouchPoint { x: 332, y: 192 }])
[TOUCHLOG] t=31751ms line line_after=low raw=[06, 08, 11, 51, 00, 01, ab, 00, 00, 00, 3c, 0d, ab, 80, 00] parsed=Points([TouchPoint { x: 332, y: 192 }])
[TOUCHLOG] t=31761ms line line_after=low raw=[06, 08, 11, 51, 00, 01, ab, 00, 00, 00, 3c, 0d, ab, 80, 00] parsed=Points([TouchPoint { x: 332, y: 192 }])
[TOUCHLOG] t=31771ms line line_after=low raw=[06, 08, 11, 51, 00, 01, ab, 00, 00, 00, 3c, 0d, ab, 80, 00] parsed=Points([TouchPoint { x: 332, y: 192 }])
[TOUCHLOG] t=31781ms line line_after=low raw=[06, 08, 11, 51, 00, 01, ab, 00, 00, 00, 3c, 0d, ab, 80, 00] parsed=Points([TouchPoint { x: 332, y: 192 }])
[TOUCHLOG] t=31791ms line line_after=low raw=[06, 08, 11, 51, 00, 01, ab, 00, 00, 00, 3c, 0d, ab, 80, 00] parsed=Points([TouchPoint { x: 332, y: 192 }])
[TOUCHLOG] t=31802ms line line_after=low raw=[06, 08, 11, 51, 00, 01, ab, 00, 00, 00, 3c, 0d, ab, 80, 00] parsed=Points([TouchPoint { x: 332, y: 192 }])
[TOUCHLOG] t=31811ms line line_after=low raw=[06, 08, 11, 51, 00, 01, ab, 00, 00, 00, 3c, 0d, ab, 80, 00] parsed=Points([TouchPoint { x: 332, y: 192 }])
[TOUCHLOG] t=31823ms line line_after=high raw=[06, 08, 11, 51, 00, 01, ab, 00, 00, 00, 3c, 0d, ab, 80, 00] parsed=Points([TouchPoint { x: 332, y: 192 }])
[TOUCHLOG] t=31841ms line line_after=low raw=[06, 08, 11, 51, 00, 01, ab, 00, 00, 00, 3c, 0d, ab, 80, 00] parsed=Points([TouchPoint { x: 332, y: 192 }])
[TOUCHLOG] t=31851ms line line_after=low raw=[06, 08, 11, 51, 00, 01, ab, 00, 00, 00, 3c, 0d, ab, 80, 00] parsed=Points([TouchPoint { x: 332, y: 192 }])
[TOUCHLOG] t=31861ms line line_after=low raw=[06, 08, 11, 51, 00, 01, ab, 00, 00, 00, 3c, 0d, ab, 80, 00] parsed=Points([TouchPoint { x: 332, y: 192 }])
[TOUCHLOG] t=31871ms line line_after=low raw=[06, 08, 11, 51, 00, 01, ab, 00, 00, 00, 3c, 0d, ab, 80, 00] parsed=Points([TouchPoint { x: 332, y: 192 }])
[TOUCHLOG] t=31881ms line line_after=low raw=[06, 08, 11, 51, 00, 01, ab, 00, 00, 00, 3c, 0d, ab, 80, 00] parsed=Points([TouchPoint { x: 332, y: 192 }])
[TOUCHLOG] t=31891ms line line_after=low raw=[06, 08, 11, 51, 00, 01, ab, 00, 00, 00, 3c, 0d, ab, 80, 00] parsed=Points([TouchPoint { x: 332, y: 192 }])
[TOUCHLOG] t=31903ms line line_after=low raw=[06, 08, 11, 51, 00, 01, ab, 00, 00, 00, 3c, 0d, ab, 80, 00] parsed=Points([TouchPoint { x: 332, y: 192 }])
[TOUCHLOG] t=31911ms line line_after=low raw=[06, 08, 11, 51, 00, 01, ab, 00, 00, 00, 3c, 0d, ab, 80, 00] parsed=Points([TouchPoint { x: 332, y: 192 }])
[TOUCHLOG] t=31922ms line line_after=low raw=[06, 08, 11, 51, 00, 01, ab, 00, 00, 00, 3c, 0d, ab, 80, 00] parsed=Points([TouchPoint { x: 332, y: 192 }])
[TOUCHLOG] t=31950ms line line_after=low raw=[06, 08, 11, 51, 00, 01, ab, 00, 00, 00, 3c, 0d, ab, 80, 00] parsed=Points([TouchPoint { x: 332, y: 192 }])
[TOUCHLOG] t=31961ms line line_after=low raw=[06, 08, 11, 51, 00, 01, ab, 00, 00, 00, 3c, 0d, ab, 80, 00] parsed=Points([TouchPoint { x: 332, y: 192 }])
[TOUCHLOG] t=31971ms line line_after=low raw=[06, 08, 11, 51, 00, 01, ab, 00, 00, 00, 3c, 0d, ab, 80, 00] parsed=Points([TouchPoint { x: 332, y: 192 }])
[TOUCHLOG] t=31991ms line line_after=low raw=[06, 08, 11, 51, 00, 01, ab, 00, 00, 00, 3c, 0d, ab, 80, 00] parsed=Points([TouchPoint { x: 332, y: 192 }])
[TOUCHLOG] t=32001ms line line_after=low raw=[06, 08, 11, 51, 00, 01, ab, 00, 00, 00, 3c, 0d, ab, 80, 00] parsed=Points([TouchPoint { x: 332, y: 192 }])
[TOUCHLOG] t=32011ms line line_after=low raw=[06, 08, 11, 51, 00, 01, ab, 00, 00, 00, 3c, 0d, ab, 80, 00] parsed=Points([TouchPoint { x: 332, y: 192 }])
[TOUCHLOG] t=32021ms line line_after=low raw=[06, 08, 11, 51, 00, 01, ab, 00, 00, 00, 3c, 0d, ab, 80, 00] parsed=Points([TouchPoint { x: 332, y: 192 }])
[TOUCHLOG] t=32031ms line line_after=low raw=[06, 08, 11, 51, 00, 01, ab, 00, 00, 00, 3c, 0d, ab, 80, 00] parsed=Points([TouchPoint { x: 332, y: 192 }])
[TOUCHLOG] t=32041ms line line_after=low raw=[06, 08, 11, 51, 00, 01, ab, 00, 00, 00, 3c, 0d, ab, 80, 00] parsed=Points([TouchPoint { x: 332, y: 192 }])
[TOUCHLOG] t=32061ms line line_after=low raw=[06, 08, 11, 51, 00, 01, ab, 00, 00, 00, 3c, 0d, ab, 80, 00] parsed=Points([TouchPoint { x: 332, y: 192 }])
[TOUCHLOG] t=32071ms line line_after=low raw=[06, 08, 11, 51, 00, 01, ab, 00, 00, 00, 3c, 0d, ab, 80, 00] parsed=Points([TouchPoint { x: 332, y: 192 }])
[TOUCHLOG] t=32081ms line line_after=low raw=[06, 08, 11, 51, 00, 01, ab, 00, 00, 00, 3c, 0d, ab, 80, 00] parsed=Points([TouchPoint { x: 332, y: 192 }])
[TOUCHLOG] t=32091ms line line_after=low raw=[06, 08, 11, 51, 00, 01, ab, 00, 00, 00, 3c, 0d, ab, 80, 00] parsed=Points([TouchPoint { x: 332, y: 192 }])
[TOUCHLOG] t=32101ms line line_after=low raw=[06, 08, 11, 51, 00, 01, ab, 00, 00, 00, 3c, 0d, ab, 80, 00] parsed=Points([TouchPoint { x: 332, y: 192 }])
[TOUCHLOG] t=32111ms line line_after=low raw=[06, 08, 11, 51, 00, 01, ab, 00, 00, 00, 3c, 0d, ab, 80, 00] parsed=Points([TouchPoint { x: 332, y: 192 }])
[TOUCHLOG] t=32122ms line line_after=low raw=[06, 08, 11, 51, 00, 01, ab, 00, 00, 00, 3c, 0d, ab, 80, 00] parsed=Points([TouchPoint { x: 332, y: 192 }])
[TOUCHLOG] t=32152ms line line_after=low raw=[06, 08, 11, 51, 00, 01, ab, 00, 00, 00, 3c, 0d, ab, 80, 00] parsed=Points([TouchPoint { x: 332, y: 192 }])
[TOUCHLOG] t=32171ms poll line_after=low raw=[06, 08, 11, 51, 00, 01, ab, 00, 00, 00, 3c, 0d, ab, 80, 00] parsed=Points([TouchPoint { x: 332, y: 192 }])
[TOUCHLOG] t=32197ms poll line_after=high raw=[06, 08, 11, 51, 00, 01, ab, 00, 00, 00, 3c, 0d, ab, 80, 00] parsed=Points([TouchPoint { x: 332, y: 192 }])
[TOUCHLOG] t=32222ms line line_after=low raw=[06, 08, 11, 51, 00, 01, ab, 00, 00, 00, 3c, 0d, ab, 80, 00] parsed=Points([TouchPoint { x: 332, y: 192 }])
[TOUCHLOG] t=32231ms line line_after=low raw=[06, 08, 11, 51, 00, 01, ab, 00, 00, 00, 3c, 0d, ab, 80, 00] parsed=Points([TouchPoint { x: 332, y: 192 }])
[TOUCHLOG] t=32241ms line line_after=low raw=[06, 08, 11, 51, 00, 01, ab, 00, 00, 00, 3c, 0d, ab, 80, 00] parsed=Points([TouchPoint { x: 332, y: 192 }])
[TOUCHLOG] t=32251ms line line_after=low raw=[06, 08, 11, 51, 00, 01, ab, 00, 00, 00, 3c, 0d, ab, 80, 00] parsed=Points([TouchPoint { x: 332, y: 192 }])
[TOUCHLOG] t=32261ms line line_after=low raw=[06, 08, 11, 51, 00, 01, ab, 00, 00, 00, 3c, 0d, ab, 80, 00] parsed=Points([TouchPoint { x: 332, y: 192 }])
[TOUCHLOG] t=32273ms line line_after=low raw=[06, 08, 11, 51, 00, 01, ab, 00, 00, 00, 3c, 0d, ab, 80, 00] parsed=Points([TouchPoint { x: 332, y: 192 }])
[TOUCHLOG] t=32281ms line line_after=low raw=[06, 08, 11, 51, 00, 01, ab, 00, 00, 00, 3c, 0d, ab, 80, 00] parsed=Points([TouchPoint { x: 332, y: 192 }])
[TOUCHLOG] t=32291ms line line_after=low raw=[06, 08, 11, 51, 00, 01, ab, 00, 00, 00, 3c, 0d, ab, 80, 00] parsed=Points([TouchPoint { x: 332, y: 192 }])
[TOUCHLOG] t=32311ms line line_after=low raw=[06, 08, 11, 51, 00, 01, ab, 00, 00, 00, 3c, 0d, ab, 80, 00] parsed=Points([TouchPoint { x: 332, y: 192 }])
[TOUCHLOG] t=32321ms line line_after=low raw=[06, 08, 11, 51, 00, 01, ab, 00, 00, 00, 3c, 0d, ab, 80, 00] parsed=Points([TouchPoint { x: 332, y: 192 }])
[TOUCHLOG] t=32331ms line line_after=low raw=[06, 08, 11, 51, 00, 01, ab, 00, 00, 00, 3c, 0d, ab, 80, 00] parsed=Points([TouchPoint { x: 332, y: 192 }])
[TOUCHLOG] t=32341ms line line_after=low raw=[06, 08, 11, 51, 00, 01, ab, 00, 00, 00, 3c, 0d, ab, 80, 00] parsed=Points([TouchPoint { x: 332, y: 192 }])
[TOUCHLOG] t=32351ms line line_after=low raw=[06, 08, 11, 51, 00, 01, ab, 00, 00, 00, 3c, 0d, ab, 80, 00] parsed=Points([TouchPoint { x: 332, y: 192 }])
[TOUCHLOG] t=32361ms line line_after=low raw=[06, 08, 11, 51, 00, 01, ab, 00, 00, 00, 3c, 0d, ab, 80, 00] parsed=Points([TouchPoint { x: 332, y: 192 }])
[TOUCHLOG] t=32371ms line line_after=low raw=[06, 08, 11, 51, 00, 01, ab, 00, 00, 00, 3c, 0d, ab, 80, 00] parsed=Points([TouchPoint { x: 332, y: 192 }])
[TOUCHLOG] t=32385ms line line_after=high raw=[06, 08, 11, 51, 00, 01, ab, 00, 00, 00, 3c, 0d, ab, 80, 00] parsed=Points([TouchPoint { x: 332, y: 192 }])
[TOUCHLOG] t=32402ms line line_after=low raw=[06, 08, 11, 51, 00, 01, ab, 00, 00, 00, 3c, 0d, ab, 80, 00] parsed=Points([TouchPoint { x: 332, y: 192 }])
[TOUCHLOG] t=32412ms line line_after=low raw=[06, 08, 11, 51, 00, 01, ab, 00, 00, 00, 3c, 0d, ab, 80, 00] parsed=Points([TouchPoint { x: 332, y: 192 }])
[TOUCHLOG] t=32422ms line line_after=low raw=[06, 08, 11, 51, 00, 01, ab, 00, 00, 00, 3c, 0d, ab, 80, 00] parsed=Points([TouchPoint { x: 332, y: 192 }])
[TOUCHLOG] t=32432ms line line_after=low raw=[06, 08, 11, 51, 00, 01, ab, 00, 00, 00, 3c, 0d, ab, 80, 00] parsed=Points([TouchPoint { x: 332, y: 192 }])
[TOUCHLOG] t=32442ms line line_after=low raw=[06, 08, 11, 51, 00, 01, ab, 00, 00, 00, 3c, 0d, ab, 80, 00] parsed=Points([TouchPoint { x: 332, y: 192 }])
[TOUCHLOG] t=32452ms line line_after=low raw=[06, 08, 11, 51, 00, 01, ab, 00, 00, 00, 3c, 0d, ab, 80, 00] parsed=Points([TouchPoint { x: 332, y: 192 }])
[TOUCHLOG] t=32458ms line line_after=low raw=[ab, 08, 11, 51, 00, 01, ab, 00, 00, 00, 3c, 0d, ab, 80, 00] parsed=Points([])
[TOUCHLOG] t=32484ms line line_after=high raw=[06, 08, 11, 51, 00, 01, ab, 00, 00, 00, 3c, 0d, ab, 80, 00] parsed=Points([TouchPoint { x: 332, y: 192 }])
[TOUCHLOG] t=32508ms poll line_after=high raw=[06, 08, 11, 51, 00, 01, ab, 00, 00, 00, 3c, 0d, ab, 80, 00] parsed=Points([TouchPoint { x: 332, y: 192 }])
[TOUCHLOG] t=32514ms line line_after=high raw=[ab, 08, 11, 51, 00, 01, ab, 00, 00, 00, 3c, 0d, ab, 80, 00] parsed=Points([])
[TOUCHLOG] t=32532ms line line_after=low raw=[06, 08, 11, 51, 00, 01, ab, 00, 00, 00, 3c, 0d, ab, 80, 00] parsed=Points([TouchPoint { x: 332, y: 192 }])
[TOUCHLOG] t=32542ms line line_after=low raw=[06, 08, 11, 51, 00, 01, ab, 00, 00, 00, 3c, 0d, ab, 80, 00] parsed=Points([TouchPoint { x: 332, y: 192 }])
[TOUCHLOG] t=32552ms line line_after=low raw=[06, 08, 11, 51, 00, 01, ab, 00, 00, 00, 3c, 0d, ab, 80, 00] parsed=Points([TouchPoint { x: 332, y: 192 }])
[TOUCHLOG] t=32562ms line line_after=low raw=[06, 08, 11, 51, 00, 01, ab, 00, 00, 00, 3c, 0d, ab, 80, 00] parsed=Points([TouchPoint { x: 332, y: 192 }])
[TOUCHLOG] t=32572ms line line_after=low raw=[06, 08, 11, 51, 00, 01, ab, 00, 00, 00, 3c, 0d, ab, 80, 00] parsed=Points([TouchPoint { x: 332, y: 192 }])
[TOUCHLOG] t=32582ms line line_after=low raw=[06, 08, 11, 51, 00, 01, ab, 00, 00, 00, 3c, 0d, ab, 80, 00] parsed=Points([TouchPoint { x: 332, y: 192 }])
[TOUCHLOG] t=32592ms line line_after=low raw=[06, 08, 11, 51, 00, 01, ab, 00, 00, 00, 3c, 0d, ab, 80, 00] parsed=Points([TouchPoint { x: 332, y: 192 }])
[TOUCHLOG] t=32602ms line line_after=low raw=[06, 08, 11, 51, 00, 01, ab, 00, 00, 00, 3c, 0d, ab, 80, 00] parsed=Points([TouchPoint { x: 332, y: 192 }])
[TOUCHLOG] t=32612ms line line_after=low raw=[06, 08, 11, 51, 00, 01, ab, 00, 00, 00, 3c, 0d, ab, 80, 00] parsed=Points([TouchPoint { x: 332, y: 192 }])
[TOUCHLOG] t=32622ms line line_after=low raw=[06, 08, 11, 51, 00, 01, ab, 00, 00, 00, 3c, 0d, ab, 80, 00] parsed=Points([TouchPoint { x: 332, y: 192 }])
[TOUCHLOG] t=32632ms line line_after=low raw=[06, 08, 11, 51, 00, 01, ab, 00, 00, 00, 3c, 0d, ab, 80, 00] parsed=Points([TouchPoint { x: 332, y: 192 }])
[TOUCHLOG] t=32642ms line line_after=low raw=[06, 08, 11, 51, 00, 01, ab, 00, 00, 00, 3c, 0d, ab, 80, 00] parsed=Points([TouchPoint { x: 332, y: 192 }])
[TOUCHLOG] t=32652ms line line_after=low raw=[06, 08, 11, 51, 00, 01, ab, 00, 00, 00, 3c, 0d, ab, 80, 00] parsed=Points([TouchPoint { x: 332, y: 192 }])
[TOUCHLOG] t=32662ms line line_after=low raw=[06, 08, 11, 51, 00, 01, ab, 00, 00, 00, 3c, 0d, ab, 80, 00] parsed=Points([TouchPoint { x: 332, y: 192 }])
[TOUCHLOG] t=32672ms line line_after=low raw=[06, 08, 11, 51, 00, 01, ab, 00, 00, 00, 3c, 0d, ab, 80, 00] parsed=Points([TouchPoint { x: 332, y: 192 }])
[TOUCHLOG] t=32682ms line line_after=low raw=[06, 08, 11, 51, 00, 01, ab, 00, 00, 00, 3c, 0d, ab, 80, 00] parsed=Points([TouchPoint { x: 332, y: 192 }])
[TOUCHLOG] t=32693ms line line_after=low raw=[06, 08, 11, 51, 00, 01, ab, 00, 00, 00, 3c, 0d, ab, 80, 00] parsed=Points([TouchPoint { x: 332, y: 192 }])
[TOUCHLOG] t=32702ms line line_after=low raw=[06, 08, 11, 51, 00, 01, ab, 00, 00, 00, 3c, 0d, ab, 80, 00] parsed=Points([TouchPoint { x: 332, y: 192 }])
[TOUCHLOG] t=32712ms line line_after=low raw=[06, 08, 11, 51, 00, 01, ab, 00, 00, 00, 3c, 0d, ab, 80, 00] parsed=Points([TouchPoint { x: 332, y: 192 }])
[TOUCHLOG] t=32732ms line line_after=low raw=[06, 08, 11, 51, 00, 01, ab, 00, 00, 00, 3c, 0d, ab, 80, 00] parsed=Points([TouchPoint { x: 332, y: 192 }])
[TOUCHLOG] t=32749ms line line_after=high raw=[06, 08, 11, 51, 00, 01, ab, 00, 00, 00, 3c, 0d, ab, 80, 00] parsed=Points([TouchPoint { x: 332, y: 192 }])
[TOUCHLOG] t=32762ms line line_after=low raw=[06, 08, 11, 51, 00, 01, ab, 00, 00, 00, 3c, 0d, ab, 80, 00] parsed=Points([TouchPoint { x: 332, y: 192 }])
[TOUCHLOG] t=32772ms line line_after=low raw=[06, 08, 11, 51, 00, 01, ab, 00, 00, 00, 3c, 0d, ab, 80, 00] parsed=Points([TouchPoint { x: 332, y: 192 }])
[TOUCHLOG] t=32782ms line line_after=low raw=[06, 08, 11, 51, 00, 01, ab, 00, 00, 00, 3c, 0d, ab, 80, 00] parsed=Points([TouchPoint { x: 332, y: 192 }])
[TOUCHLOG] t=32794ms line line_after=low raw=[06, 08, 11, 51, 00, 01, ab, 00, 00, 00, 3c, 0d, ab, 80, 00] parsed=Points([TouchPoint { x: 332, y: 192 }])
[TOUCHLOG] t=32804ms line line_after=low raw=[06, 08, 11, 51, 00, 01, ab, 00, 00, 00, 3c, 0d, ab, 80, 00] parsed=Points([TouchPoint { x: 332, y: 192 }])
[TOUCHLOG] t=32814ms line line_after=high raw=[06, 08, 11, 51, 00, 01, ab, 00, 00, 00, 3c, 0d, ab, 80, 00] parsed=Points([TouchPoint { x: 332, y: 192 }])
[TOUCHLOG] t=32832ms line line_after=low raw=[06, 08, 11, 51, 00, 01, ab, 00, 00, 00, 3c, 0d, ab, 80, 00] parsed=Points([TouchPoint { x: 332, y: 192 }])
[TOUCHLOG] t=32842ms line line_after=low raw=[06, 08, 11, 51, 00, 01, ab, 00, 00, 00, 3c, 0d, ab, 80, 00] parsed=Points([TouchPoint { x: 332, y: 192 }])
[TOUCHLOG] t=32852ms line line_after=low raw=[06, 08, 11, 51, 00, 01, ab, 00, 00, 00, 3c, 0d, ab, 80, 00] parsed=Points([TouchPoint { x: 332, y: 192 }])
[TOUCHLOG] t=32862ms line line_after=low raw=[06, 08, 11, 51, 00, 01, ab, 00, 00, 00, 3c, 0d, ab, 80, 00] parsed=Points([TouchPoint { x: 332, y: 192 }])
[TOUCHLOG] t=32872ms line line_after=low raw=[06, 08, 11, 51, 00, 01, ab, 00, 00, 00, 3c, 0d, ab, 80, 00] parsed=Points([TouchPoint { x: 332, y: 192 }])
[TOUCHLOG] t=32885ms line line_after=high raw=[06, 08, 11, 51, 00, 01, ab, 00, 00, 00, 3c, 0d, ab, 80, 00] parsed=Points([TouchPoint { x: 332, y: 192 }])
[TOUCHLOG] t=32917ms poll line_after=high raw=[06, 08, 11, 51, 00, 01, ab, 00, 00, 00, 3c, 0d, ab, 80, 00] parsed=Points([TouchPoint { x: 332, y: 192 }])
[TOUCHLOG] t=32942ms poll line_after=high raw=[06, 08, 11, 51, 00, 01, ab, 00, 00, 00, 3c, 0d, ab, 80, 00] parsed=Points([TouchPoint { x: 332, y: 192 }])
[TOUCHLOG] t=32968ms poll line_after=high raw=[06, 08, 11, 51, 00, 01, ab, 00, 00, 00, 3c, 0d, ab, 80, 00] parsed=Points([TouchPoint { x: 332, y: 192 }])
[TOUCHLOG] t=32992ms poll line_after=low raw=[06, 08, 11, 51, 00, 01, ab, 00, 00, 00, 3c, 0d, ab, 80, 00] parsed=Points([TouchPoint { x: 332, y: 192 }])
[TOUCHLOG] t=33009ms line line_after=high raw=[06, 08, 11, 51, 00, 01, ab, 00, 00, 00, 3c, 0d, ab, 80, 00] parsed=Points([TouchPoint { x: 332, y: 192 }])
[TOUCHLOG] t=33029ms poll line_after=high raw=[06, 08, 11, 51, 00, 01, ab, 00, 00, 00, 3c, 0d, ab, 80, 00] parsed=Points([TouchPoint { x: 332, y: 192 }])
[TOUCHLOG] t=33042ms line line_after=low raw=[06, 08, 11, 51, 00, 01, ab, 00, 00, 00, 3c, 0d, ab, 80, 00] parsed=Points([TouchPoint { x: 332, y: 192 }])
[TOUCHLOG] t=33052ms line line_after=low raw=[06, 08, 11, 51, 00, 01, ab, 00, 00, 00, 3c, 0d, ab, 80, 00] parsed=Points([TouchPoint { x: 332, y: 192 }])
[TOUCHLOG] t=33063ms line line_after=low raw=[06, 08, 11, 51, 00, 01, ab, 00, 00, 00, 3c, 0d, ab, 80, 00] parsed=Points([TouchPoint { x: 332, y: 192 }])
[TOUCHLOG] t=33073ms line line_after=low raw=[06, 08, 11, 51, 00, 01, ab, 00, 00, 00, 3c, 0d, ab, 80, 00] parsed=Points([TouchPoint { x: 332, y: 192 }])
[TOUCHLOG] t=33083ms line line_after=low raw=[06, 08, 11, 51, 00, 01, ab, 00, 00, 00, 3c, 0d, ab, 80, 00] parsed=Points([TouchPoint { x: 332, y: 192 }])
[TOUCHLOG] t=33093ms line line_after=low raw=[06, 08, 11, 51, 00, 01, ab, 00, 00, 00, 3c, 0d, ab, 80, 00] parsed=Points([TouchPoint { x: 332, y: 192 }])
[TOUCHLOG] t=33103ms line line_after=low raw=[06, 08, 11, 51, 00, 01, ab, 00, 00, 00, 3c, 0d, ab, 80, 00] parsed=Points([TouchPoint { x: 332, y: 192 }])
[TOUCHLOG] t=33113ms line line_after=low raw=[00, 08, 11, 51, 00, 01, ab, 00, 00, 00, 3c, 0d, ab, 80, 00] parsed=Points([])
[TOUCHLOG] t=33138ms poll line_after=high raw=[ab, 08, 11, 51, 00, 01, ab, 00, 00, 00, 3c, 0d, ab, 80, 00] parsed=Points([])
[TOUCHLOG] t=33164ms poll line_after=high raw=[ab, 08, 11, 51, 00, 01, ab, 00, 00, 00, 3c, 0d, ab, 80, 00] parsed=Points([])
[TOUCHLOG] t=35418ms line line_after=low raw=[06, 0a, 0e, f0, 00, 01, ab, 00, 00, 00, 3c, 0d, ab, 80, 00] parsed=Points([TouchPoint { x: 290, y: 241 }])
[TOUCHLOG] t=35438ms line line_after=low raw=[06, 0a, 0e, f0, 00, 01, ab, 00, 00, 00, 3c, 0d, ab, 80, 00] parsed=Points([TouchPoint { x: 290, y: 241 }])
[TOUCHLOG] t=35465ms poll line_after=high raw=[06, 0a, 0e, f0, 00, 01, ab, 00, 00, 00, 3c, 0d, ab, 80, 00] parsed=Points([TouchPoint { x: 290, y: 241 }])
[TOUCHLOG] t=35484ms poll line_after=high raw=[06, 0a, 0e, f0, 00, 01, ab, 00, 00, 00, 3c, 0d, ab, 80, 00] parsed=Points([TouchPoint { x: 290, y: 241 }])
[TOUCHLOG] t=35498ms line line_after=low raw=[06, 0a, 0e, f0, 00, 01, ab, 00, 00, 00, 3c, 0d, ab, 80, 00] parsed=Points([TouchPoint { x: 290, y: 241 }])
[TOUCHLOG] t=35508ms line line_after=low raw=[06, 0a, 0e, f0, 00, 01, ab, 00, 00, 00, 3c, 0d, ab, 80, 00] parsed=Points([TouchPoint { x: 290, y: 241 }])
[TOUCHLOG] t=35518ms line line_after=low raw=[06, 0a, 0e, f0, 00, 01, ab, 00, 00, 00, 3c, 0d, ab, 80, 00] parsed=Points([TouchPoint { x: 290, y: 241 }])
[TOUCHLOG] t=35528ms line line_after=low raw=[06, 0a, 0e, f0, 00, 01, ab, 00, 00, 00, 3c, 0d, ab, 80, 00] parsed=Points([TouchPoint { x: 290, y: 241 }])
[TOUCHLOG] t=35538ms line line_after=low raw=[06, 0a, 0e, f0, 00, 01, ab, 00, 00, 00, 3c, 0d, ab, 80, 00] parsed=Points([TouchPoint { x: 290, y: 241 }])
[TOUCHLOG] t=35548ms line line_after=low raw=[06, 0a, 0e, f0, 00, 01, ab, 00, 00, 00, 3c, 0d, ab, 80, 00] parsed=Points([TouchPoint { x: 290, y: 241 }])
[TOUCHLOG] t=35558ms line line_after=low raw=[06, 0a, 0e, f0, 00, 01, ab, 00, 00, 00, 3c, 0d, ab, 80, 00] parsed=Points([TouchPoint { x: 290, y: 241 }])
[TOUCHLOG] t=35568ms line line_after=low raw=[06, 0a, 0e, f0, 00, 01, ab, 00, 00, 00, 3c, 0d, ab, 80, 00] parsed=Points([TouchPoint { x: 290, y: 241 }])
[TOUCHLOG] t=35578ms line line_after=low raw=[06, 0a, 0e, f0, 00, 01, ab, 00, 00, 00, 3c, 0d, ab, 80, 00] parsed=Points([TouchPoint { x: 290, y: 241 }])
[TOUCHLOG] t=35588ms line line_after=low raw=[06, 0a, 0e, f0, 00, 01, ab, 00, 00, 00, 3c, 0d, ab, 80, 00] parsed=Points([TouchPoint { x: 290, y: 241 }])
[TOUCHLOG] t=35616ms line line_after=high raw=[06, 0a, 0e, f0, 00, 01, ab, 00, 00, 00, 3c, 0d, ab, 80, 00] parsed=Points([TouchPoint { x: 290, y: 241 }])
[TOUCHLOG] t=35636ms poll line_after=high raw=[06, 0b, 0e, c1, 00, 01, ab, 00, 00, 00, 3c, 0d, ab, 80, 00] parsed=Points([TouchPoint { x: 277, y: 240 }])
[TOUCHLOG] t=35648ms line line_after=low raw=[06, 0d, 0e, 13, 00, 01, ab, 00, 00, 00, 3c, 0d, ab, 80, 00] parsed=Points([TouchPoint { x: 256, y: 238 }])
[TOUCHLOG] t=35680ms poll line_after=high raw=[00, 0d, 0e, 13, 00, 01, ab, 00, 00, 00, 3c, 0d, ab, 80, 00] parsed=Points([])
[TOUCHLOG] t=35699ms poll line_after=high raw=[ab, 0d, 0e, 13, 00, 01, ab, 00, 00, 00, 3c, 0d, ab, 80, 00] parsed=Points([])
[TOUCHLOG] t=35731ms poll line_after=high raw=[ab, 0d, 0e, 13, 00, 01, ab, 00, 00, 00, 3c, 0d, ab, 80, 00] parsed=Points([])
